
[2025-12-10 11:33:41] local.INFO: Attempting to resolve tenant for domain: ahmadtest.localhost  
[2025-12-10 11:33:41] local.INFO: Tenant initialized successfully: ahmadtest  
[2025-12-10 11:33:41] local.INFO: Database bootstrapper completed for tenant: ahmadtest  
[2025-12-10 11:33:50] local.INFO: Attempting to resolve tenant for domain: ahmadtest.localhost  
[2025-12-10 11:33:50] local.INFO: Tenant initialized successfully: ahmadtest  
[2025-12-10 11:33:50] local.INFO: Database bootstrapper completed for tenant: ahmadtest  
[2025-12-10 11:33:50] local.INFO: Login attempt for email: {"email":"manager@mhala.com"} 
[2025-12-10 11:33:50] local.INFO: Current Tenant: ahmadtest  
[2025-12-10 11:33:50] local.INFO: DB Connection: tenant  
[2025-12-10 11:33:50] local.INFO: DB Database: restaurfy_tenant_ahmadtest  
[2025-12-10 11:33:50] local.INFO: DB Config: {"driver":"pgsql","host":"127.0.0.1","port":"5432","database":"restaurfy_tenant_ahmadtest","username":"ahmadmhala","password":"","charset":"utf8","prefix":"","prefix_indexes":true,"search_path":"public","sslmode":"prefer","name":"tenant"}  
[2025-12-10 11:33:50] local.INFO: Eloquent Query: [{"query":"select * from \"users\" where \"email\" = ? limit 1","bindings":["manager@mhala.com"],"time":9.83}]  
[2025-12-10 11:33:50] local.INFO: User found by Eloquent. ID: 1  
[2025-12-10 11:33:50] local.INFO: Hash Check: TRUE  
[2025-12-10 11:33:51] local.INFO: Login successful for user: 1  
[2025-12-10 11:33:51] local.INFO: Attempting to resolve tenant for domain: ahmadtest.localhost  
[2025-12-10 11:33:51] local.INFO: Tenant initialized successfully: ahmadtest  
[2025-12-10 11:33:51] local.INFO: Database bootstrapper completed for tenant: ahmadtest  
[2025-12-10 11:40:31] local.INFO: Attempting to resolve tenant for domain: ahmadtest.localhost  
[2025-12-10 11:40:31] local.INFO: Tenant initialized successfully: ahmadtest  
[2025-12-10 11:40:31] local.INFO: Database bootstrapper completed for tenant: ahmadtest  
[2025-12-10 11:40:31] local.INFO: Attempting to resolve tenant for domain: ahmadtest.localhost  
[2025-12-10 11:40:31] local.INFO: Tenant initialized successfully: ahmadtest  
[2025-12-10 11:40:31] local.INFO: Database bootstrapper completed for tenant: ahmadtest  
[2025-12-10 11:40:44] local.INFO: Attempting to resolve tenant for domain: ahmadtest.localhost  
[2025-12-10 11:40:44] local.INFO: Tenant initialized successfully: ahmadtest  
[2025-12-10 11:40:44] local.INFO: Database bootstrapper completed for tenant: ahmadtest  
[2025-12-10 11:40:44] local.INFO: Attempting to resolve tenant for domain: ahmadtest.localhost  
[2025-12-10 11:40:44] local.INFO: Tenant initialized successfully: ahmadtest  
[2025-12-10 11:40:44] local.INFO: Database bootstrapper completed for tenant: ahmadtest  
[2025-12-10 11:41:39] local.INFO: Attempting to resolve tenant for domain: ahmadtest.localhost  
[2025-12-10 11:41:39] local.INFO: Tenant initialized successfully: ahmadtest  
[2025-12-10 11:41:39] local.INFO: Database bootstrapper completed for tenant: ahmadtest  
[2025-12-10 11:41:50] local.INFO: Attempting to resolve tenant for domain: ahmadtest.localhost  
[2025-12-10 11:41:50] local.INFO: Tenant initialized successfully: ahmadtest  
[2025-12-10 11:41:50] local.INFO: Database bootstrapper completed for tenant: ahmadtest  
[2025-12-10 11:41:50] local.INFO: Attempting to resolve tenant for domain: ahmadtest.localhost  
[2025-12-10 11:41:50] local.INFO: Tenant initialized successfully: ahmadtest  
[2025-12-10 11:41:50] local.INFO: Database bootstrapper completed for tenant: ahmadtest  
[2025-12-10 11:43:22] local.INFO: Attempting to resolve tenant for domain: ahmadtest.localhost  
[2025-12-10 11:43:22] local.INFO: Tenant initialized successfully: ahmadtest  
[2025-12-10 11:43:22] local.INFO: Database bootstrapper completed for tenant: ahmadtest  
[2025-12-10 11:43:22] local.INFO: Attempting to resolve tenant for domain: ahmadtest.localhost  
[2025-12-10 11:43:22] local.INFO: Tenant initialized successfully: ahmadtest  
[2025-12-10 11:43:22] local.INFO: Database bootstrapper completed for tenant: ahmadtest  
[2025-12-10 11:43:22] local.INFO: Attempting to resolve tenant for domain: ahmadtest.localhost  
[2025-12-10 11:43:22] local.INFO: Tenant initialized successfully: ahmadtest  
[2025-12-10 11:43:22] local.INFO: Database bootstrapper completed for tenant: ahmadtest  
[2025-12-10 11:43:22] local.INFO: Attempting to resolve tenant for domain: ahmadtest.localhost  
[2025-12-10 11:43:22] local.INFO: Tenant initialized successfully: ahmadtest  
[2025-12-10 11:43:22] local.INFO: Database bootstrapper completed for tenant: ahmadtest  
[2025-12-10 11:43:32] local.INFO: Attempting to resolve tenant for domain: ahmadtest.localhost  
[2025-12-10 11:43:32] local.INFO: Tenant initialized successfully: ahmadtest  
[2025-12-10 11:43:32] local.INFO: Database bootstrapper completed for tenant: ahmadtest  
[2025-12-10 11:43:32] local.INFO: Attempting to resolve tenant for domain: ahmadtest.localhost  
[2025-12-10 11:43:32] local.INFO: Tenant initialized successfully: ahmadtest  
[2025-12-10 11:43:32] local.INFO: Database bootstrapper completed for tenant: ahmadtest  
[2025-12-10 11:43:32] local.INFO: Attempting to resolve tenant for domain: ahmadtest.localhost  
[2025-12-10 11:43:32] local.INFO: Tenant initialized successfully: ahmadtest  
[2025-12-10 11:43:32] local.INFO: Database bootstrapper completed for tenant: ahmadtest  
[2025-12-10 11:43:32] local.INFO: Attempting to resolve tenant for domain: ahmadtest.localhost  
[2025-12-10 11:43:32] local.INFO: Tenant initialized successfully: ahmadtest  
[2025-12-10 11:43:32] local.INFO: Database bootstrapper completed for tenant: ahmadtest  
[2025-12-10 11:43:44] local.INFO: Attempting to resolve tenant for domain: ahmadtest.localhost  
[2025-12-10 11:43:44] local.INFO: Tenant initialized successfully: ahmadtest  
[2025-12-10 11:43:44] local.INFO: Database bootstrapper completed for tenant: ahmadtest  
[2025-12-10 11:43:45] local.INFO: Attempting to resolve tenant for domain: ahmadtest.localhost  
[2025-12-10 11:43:45] local.INFO: Tenant initialized successfully: ahmadtest  
[2025-12-10 11:43:45] local.INFO: Database bootstrapper completed for tenant: ahmadtest  
[2025-12-10 11:43:52] local.INFO: Attempting to resolve tenant for domain: ahmadtest.localhost  
[2025-12-10 11:43:52] local.INFO: Tenant initialized successfully: ahmadtest  
[2025-12-10 11:43:52] local.INFO: Database bootstrapper completed for tenant: ahmadtest  
[2025-12-10 11:43:55] local.INFO: Attempting to resolve tenant for domain: ahmadtest.localhost  
[2025-12-10 11:43:55] local.INFO: Tenant initialized successfully: ahmadtest  
[2025-12-10 11:43:55] local.INFO: Database bootstrapper completed for tenant: ahmadtest  
[2025-12-10 11:43:59] local.INFO: Attempting to resolve tenant for domain: ahmadtest.localhost  
[2025-12-10 11:43:59] local.INFO: Tenant initialized successfully: ahmadtest  
[2025-12-10 11:43:59] local.INFO: Database bootstrapper completed for tenant: ahmadtest  
[2025-12-10 11:44:12] local.INFO: Attempting to resolve tenant for domain: ahmadtest.localhost  
[2025-12-10 11:44:12] local.INFO: Tenant initialized successfully: ahmadtest  
[2025-12-10 11:44:12] local.INFO: Database bootstrapper completed for tenant: ahmadtest  
[2025-12-10 11:44:12] local.INFO: Attempting to resolve tenant for domain: ahmadtest.localhost  
[2025-12-10 11:44:12] local.INFO: Tenant initialized successfully: ahmadtest  
[2025-12-10 11:44:12] local.INFO: Database bootstrapper completed for tenant: ahmadtest  
[2025-12-10 11:46:18] local.INFO: Attempting to resolve tenant for domain: ahmadtest.localhost  
[2025-12-10 11:46:18] local.INFO: Tenant initialized successfully: ahmadtest  
[2025-12-10 11:46:18] local.INFO: Database bootstrapper completed for tenant: ahmadtest  
[2025-12-10 11:46:18] local.INFO: Attempting to resolve tenant for domain: ahmadtest.localhost  
[2025-12-10 11:46:18] local.INFO: Tenant initialized successfully: ahmadtest  
[2025-12-10 11:46:18] local.INFO: Database bootstrapper completed for tenant: ahmadtest  
[2025-12-10 11:46:18] local.INFO: Attempting to resolve tenant for domain: ahmadtest.localhost  
[2025-12-10 11:46:18] local.INFO: Tenant initialized successfully: ahmadtest  
[2025-12-10 11:46:18] local.INFO: Database bootstrapper completed for tenant: ahmadtest  
[2025-12-10 11:46:18] local.INFO: Attempting to resolve tenant for domain: ahmadtest.localhost  
[2025-12-10 11:46:18] local.INFO: Tenant initialized successfully: ahmadtest  
[2025-12-10 11:46:18] local.INFO: Database bootstrapper completed for tenant: ahmadtest  
[2025-12-10 11:46:18] local.INFO: Attempting to resolve tenant for domain: ahmadtest.localhost  
[2025-12-10 11:46:18] local.INFO: Tenant initialized successfully: ahmadtest  
[2025-12-10 11:46:18] local.INFO: Database bootstrapper completed for tenant: ahmadtest  
[2025-12-10 11:46:30] local.INFO: Attempting to resolve tenant for domain: ahmadtest.localhost  
[2025-12-10 11:46:30] local.INFO: Tenant initialized successfully: ahmadtest  
[2025-12-10 11:46:30] local.INFO: Database bootstrapper completed for tenant: ahmadtest  
[2025-12-10 11:46:50] local.INFO: Attempting to resolve tenant for domain: ahmadtest.localhost  
[2025-12-10 11:46:50] local.INFO: Tenant initialized successfully: ahmadtest  
[2025-12-10 11:46:50] local.INFO: Database bootstrapper completed for tenant: ahmadtest  
[2025-12-10 11:46:50] local.INFO: Attempting to resolve tenant for domain: ahmadtest.localhost  
[2025-12-10 11:46:50] local.INFO: Tenant initialized successfully: ahmadtest  
[2025-12-10 11:46:50] local.INFO: Database bootstrapper completed for tenant: ahmadtest  
[2025-12-10 11:50:36] local.INFO: Attempting to resolve tenant for domain: ahmadtest.localhost  
[2025-12-10 11:50:36] local.INFO: Tenant initialized successfully: ahmadtest  
[2025-12-10 11:50:36] local.INFO: Database bootstrapper completed for tenant: ahmadtest  
[2025-12-10 11:50:36] local.INFO: Attempting to resolve tenant for domain: ahmadtest.localhost  
[2025-12-10 11:50:36] local.INFO: Tenant initialized successfully: ahmadtest  
[2025-12-10 11:50:36] local.INFO: Database bootstrapper completed for tenant: ahmadtest  
[2025-12-10 11:50:58] local.INFO: Attempting to resolve tenant for domain: ahmadtest.localhost  
[2025-12-10 11:50:58] local.INFO: Tenant initialized successfully: ahmadtest  
[2025-12-10 11:50:58] local.INFO: Database bootstrapper completed for tenant: ahmadtest  
[2025-12-10 11:50:58] local.INFO: Attempting to resolve tenant for domain: ahmadtest.localhost  
[2025-12-10 11:50:58] local.INFO: Tenant initialized successfully: ahmadtest  
[2025-12-10 11:50:58] local.INFO: Database bootstrapper completed for tenant: ahmadtest  
[2025-12-10 11:51:28] local.INFO: Attempting to resolve tenant for domain: ahmadtest.localhost  
[2025-12-10 11:51:28] local.INFO: Tenant initialized successfully: ahmadtest  
[2025-12-10 11:51:28] local.INFO: Database bootstrapper completed for tenant: ahmadtest  
[2025-12-10 11:51:47] local.INFO: Attempting to resolve tenant for domain: ahmadtest.localhost  
[2025-12-10 11:51:47] local.INFO: Tenant initialized successfully: ahmadtest  
[2025-12-10 11:51:47] local.INFO: Database bootstrapper completed for tenant: ahmadtest  
[2025-12-10 11:51:48] local.INFO: Attempting to resolve tenant for domain: ahmadtest.localhost  
[2025-12-10 11:51:48] local.INFO: Tenant initialized successfully: ahmadtest  
[2025-12-10 11:51:48] local.INFO: Database bootstrapper completed for tenant: ahmadtest  
[2025-12-10 11:51:53] local.INFO: Attempting to resolve tenant for domain: ahmadtest.localhost  
[2025-12-10 11:51:53] local.INFO: Tenant initialized successfully: ahmadtest  
[2025-12-10 11:51:53] local.INFO: Database bootstrapper completed for tenant: ahmadtest  
[2025-12-10 11:53:10] local.INFO: Attempting to resolve tenant for domain: ahmadtest.localhost  
[2025-12-10 11:53:10] local.INFO: Tenant initialized successfully: ahmadtest  
[2025-12-10 11:53:10] local.INFO: Database bootstrapper completed for tenant: ahmadtest  
[2025-12-10 11:53:10] local.INFO: Attempting to resolve tenant for domain: ahmadtest.localhost  
[2025-12-10 11:53:10] local.INFO: Tenant initialized successfully: ahmadtest  
[2025-12-10 11:53:10] local.INFO: Database bootstrapper completed for tenant: ahmadtest  
[2025-12-10 11:53:10] local.INFO: Attempting to resolve tenant for domain: ahmadtest.localhost  
[2025-12-10 11:53:10] local.INFO: Tenant initialized successfully: ahmadtest  
[2025-12-10 11:53:10] local.INFO: Database bootstrapper completed for tenant: ahmadtest  
[2025-12-10 11:53:11] local.INFO: Attempting to resolve tenant for domain: ahmadtest.localhost  
[2025-12-10 11:53:11] local.INFO: Tenant initialized successfully: ahmadtest  
[2025-12-10 11:53:11] local.INFO: Database bootstrapper completed for tenant: ahmadtest  
[2025-12-10 11:53:11] local.INFO: Attempting to resolve tenant for domain: ahmadtest.localhost  
[2025-12-10 11:53:11] local.INFO: Tenant initialized successfully: ahmadtest  
[2025-12-10 11:53:11] local.INFO: Database bootstrapper completed for tenant: ahmadtest  
[2025-12-10 11:53:11] local.INFO: Attempting to resolve tenant for domain: ahmadtest.localhost  
[2025-12-10 11:53:11] local.INFO: Tenant initialized successfully: ahmadtest  
[2025-12-10 11:53:11] local.INFO: Database bootstrapper completed for tenant: ahmadtest  
[2025-12-10 11:53:11] local.INFO: Attempting to resolve tenant for domain: ahmadtest.localhost  
[2025-12-10 11:53:11] local.INFO: Tenant initialized successfully: ahmadtest  
[2025-12-10 11:53:11] local.INFO: Database bootstrapper completed for tenant: ahmadtest  
[2025-12-10 11:53:22] local.INFO: Attempting to resolve tenant for domain: ahmadtest.localhost  
[2025-12-10 11:53:22] local.INFO: Tenant initialized successfully: ahmadtest  
[2025-12-10 11:53:22] local.INFO: Database bootstrapper completed for tenant: ahmadtest  
[2025-12-10 11:53:36] local.INFO: Attempting to resolve tenant for domain: ahmadtest.localhost  
[2025-12-10 11:53:36] local.INFO: Tenant initialized successfully: ahmadtest  
[2025-12-10 11:53:36] local.INFO: Database bootstrapper completed for tenant: ahmadtest  
[2025-12-10 11:53:36] local.INFO: Attempting to resolve tenant for domain: ahmadtest.localhost  
[2025-12-10 11:53:36] local.INFO: Tenant initialized successfully: ahmadtest  
[2025-12-10 11:53:36] local.INFO: Database bootstrapper completed for tenant: ahmadtest  
[2025-12-10 11:53:42] local.INFO: Attempting to resolve tenant for domain: ahmadtest.localhost  
[2025-12-10 11:53:42] local.INFO: Tenant initialized successfully: ahmadtest  
[2025-12-10 11:53:42] local.INFO: Database bootstrapper completed for tenant: ahmadtest  
[2025-12-10 11:54:46] local.INFO: Attempting to resolve tenant for domain: ahmadtest.localhost  
[2025-12-10 11:54:46] local.INFO: Tenant initialized successfully: ahmadtest  
[2025-12-10 11:54:46] local.INFO: Database bootstrapper completed for tenant: ahmadtest  
[2025-12-10 11:55:27] local.INFO: Attempting to resolve tenant for domain: ahmadtest.localhost  
[2025-12-10 11:55:27] local.INFO: Tenant initialized successfully: ahmadtest  
[2025-12-10 11:55:27] local.INFO: Database bootstrapper completed for tenant: ahmadtest  
[2025-12-10 11:55:42] local.INFO: Attempting to resolve tenant for domain: ahmadtest.localhost  
[2025-12-10 11:55:42] local.INFO: Tenant initialized successfully: ahmadtest  
[2025-12-10 11:55:42] local.INFO: Database bootstrapper completed for tenant: ahmadtest  
[2025-12-10 11:55:42] local.INFO: Attempting to resolve tenant for domain: ahmadtest.localhost  
[2025-12-10 11:55:42] local.INFO: Tenant initialized successfully: ahmadtest  
[2025-12-10 11:55:42] local.INFO: Database bootstrapper completed for tenant: ahmadtest  
[2025-12-10 11:55:42] local.INFO: Attempting to resolve tenant for domain: ahmadtest.localhost  
[2025-12-10 11:55:42] local.INFO: Tenant initialized successfully: ahmadtest  
[2025-12-10 11:55:42] local.INFO: Database bootstrapper completed for tenant: ahmadtest  
[2025-12-10 11:55:42] local.INFO: Attempting to resolve tenant for domain: ahmadtest.localhost  
[2025-12-10 11:55:42] local.INFO: Tenant initialized successfully: ahmadtest  
[2025-12-10 11:55:42] local.INFO: Database bootstrapper completed for tenant: ahmadtest  
[2025-12-10 11:55:42] local.INFO: Attempting to resolve tenant for domain: ahmadtest.localhost  
[2025-12-10 11:55:42] local.INFO: Tenant initialized successfully: ahmadtest  
[2025-12-10 11:55:42] local.INFO: Database bootstrapper completed for tenant: ahmadtest  
[2025-12-10 11:55:42] local.INFO: Attempting to resolve tenant for domain: ahmadtest.localhost  
[2025-12-10 11:55:42] local.INFO: Tenant initialized successfully: ahmadtest  
[2025-12-10 11:55:42] local.INFO: Database bootstrapper completed for tenant: ahmadtest  
[2025-12-10 11:55:42] local.INFO: Attempting to resolve tenant for domain: ahmadtest.localhost  
[2025-12-10 11:55:42] local.INFO: Tenant initialized successfully: ahmadtest  
[2025-12-10 11:55:42] local.INFO: Database bootstrapper completed for tenant: ahmadtest  
[2025-12-10 11:55:42] local.INFO: Attempting to resolve tenant for domain: ahmadtest.localhost  
[2025-12-10 11:55:42] local.INFO: Tenant initialized successfully: ahmadtest  
[2025-12-10 11:55:42] local.INFO: Database bootstrapper completed for tenant: ahmadtest  
[2025-12-10 11:55:59] local.INFO: Attempting to resolve tenant for domain: ahmadtest.localhost  
[2025-12-10 11:55:59] local.INFO: Tenant initialized successfully: ahmadtest  
[2025-12-10 11:55:59] local.INFO: Database bootstrapper completed for tenant: ahmadtest  
[2025-12-10 11:55:59] local.INFO: Attempting to resolve tenant for domain: ahmadtest.localhost  
[2025-12-10 11:55:59] local.INFO: Tenant initialized successfully: ahmadtest  
[2025-12-10 11:55:59] local.INFO: Database bootstrapper completed for tenant: ahmadtest  
[2025-12-10 11:56:00] local.INFO: Attempting to resolve tenant for domain: ahmadtest.localhost  
[2025-12-10 11:56:00] local.INFO: Tenant initialized successfully: ahmadtest  
[2025-12-10 11:56:00] local.INFO: Database bootstrapper completed for tenant: ahmadtest  
[2025-12-10 11:56:00] local.INFO: Attempting to resolve tenant for domain: ahmadtest.localhost  
[2025-12-10 11:56:00] local.INFO: Tenant initialized successfully: ahmadtest  
[2025-12-10 11:56:00] local.INFO: Database bootstrapper completed for tenant: ahmadtest  
[2025-12-10 11:56:00] local.INFO: Attempting to resolve tenant for domain: ahmadtest.localhost  
[2025-12-10 11:56:00] local.INFO: Tenant initialized successfully: ahmadtest  
[2025-12-10 11:56:00] local.INFO: Database bootstrapper completed for tenant: ahmadtest  
[2025-12-10 11:56:00] local.INFO: Attempting to resolve tenant for domain: ahmadtest.localhost  
[2025-12-10 11:56:00] local.INFO: Tenant initialized successfully: ahmadtest  
[2025-12-10 11:56:00] local.INFO: Database bootstrapper completed for tenant: ahmadtest  
[2025-12-10 11:56:00] local.INFO: Attempting to resolve tenant for domain: ahmadtest.localhost  
[2025-12-10 11:56:00] local.INFO: Tenant initialized successfully: ahmadtest  
[2025-12-10 11:56:00] local.INFO: Database bootstrapper completed for tenant: ahmadtest  
[2025-12-10 11:56:00] local.INFO: Attempting to resolve tenant for domain: ahmadtest.localhost  
[2025-12-10 11:56:00] local.INFO: Tenant initialized successfully: ahmadtest  
[2025-12-10 11:56:00] local.INFO: Database bootstrapper completed for tenant: ahmadtest  
[2025-12-10 11:56:12] local.INFO: Attempting to resolve tenant for domain: ahmadtest.localhost  
[2025-12-10 11:56:12] local.INFO: Tenant initialized successfully: ahmadtest  
[2025-12-10 11:56:12] local.INFO: Database bootstrapper completed for tenant: ahmadtest  
[2025-12-10 11:56:49] local.INFO: Attempting to resolve tenant for domain: ahmadtest.localhost  
[2025-12-10 11:56:49] local.INFO: Tenant initialized successfully: ahmadtest  
[2025-12-10 11:56:49] local.INFO: Database bootstrapper completed for tenant: ahmadtest  
[2025-12-10 11:56:50] local.INFO: Attempting to resolve tenant for domain: ahmadtest.localhost  
[2025-12-10 11:56:50] local.INFO: Tenant initialized successfully: ahmadtest  
[2025-12-10 11:56:50] local.INFO: Database bootstrapper completed for tenant: ahmadtest  
[2025-12-10 11:56:50] local.INFO: Attempting to resolve tenant for domain: ahmadtest.localhost  
[2025-12-10 11:56:50] local.INFO: Tenant initialized successfully: ahmadtest  
[2025-12-10 11:56:50] local.INFO: Database bootstrapper completed for tenant: ahmadtest  
[2025-12-10 11:57:10] local.INFO: Attempting to resolve tenant for domain: ahmadtest.localhost  
[2025-12-10 11:57:10] local.INFO: Tenant initialized successfully: ahmadtest  
[2025-12-10 11:57:10] local.INFO: Database bootstrapper completed for tenant: ahmadtest  
[2025-12-10 11:57:40] local.INFO: Attempting to resolve tenant for domain: ahmadtest.localhost  
[2025-12-10 11:57:40] local.INFO: Tenant initialized successfully: ahmadtest  
[2025-12-10 11:57:40] local.INFO: Database bootstrapper completed for tenant: ahmadtest  
[2025-12-10 11:58:24] local.INFO: Attempting to resolve tenant for domain: ahmadtest.localhost  
[2025-12-10 11:58:24] local.INFO: Tenant initialized successfully: ahmadtest  
[2025-12-10 11:58:24] local.INFO: Database bootstrapper completed for tenant: ahmadtest  
[2025-12-10 11:58:24] local.INFO: Attempting to resolve tenant for domain: ahmadtest.localhost  
[2025-12-10 11:58:24] local.INFO: Tenant initialized successfully: ahmadtest  
[2025-12-10 11:58:24] local.INFO: Database bootstrapper completed for tenant: ahmadtest  
[2025-12-10 11:58:24] local.INFO: Attempting to resolve tenant for domain: ahmadtest.localhost  
[2025-12-10 11:58:24] local.INFO: Tenant initialized successfully: ahmadtest  
[2025-12-10 11:58:24] local.INFO: Database bootstrapper completed for tenant: ahmadtest  
[2025-12-10 11:58:24] local.INFO: Attempting to resolve tenant for domain: ahmadtest.localhost  
[2025-12-10 11:58:24] local.INFO: Tenant initialized successfully: ahmadtest  
[2025-12-10 11:58:24] local.INFO: Database bootstrapper completed for tenant: ahmadtest  
[2025-12-10 11:58:25] local.INFO: Attempting to resolve tenant for domain: ahmadtest.localhost  
[2025-12-10 11:58:25] local.INFO: Tenant initialized successfully: ahmadtest  
[2025-12-10 11:58:25] local.INFO: Database bootstrapper completed for tenant: ahmadtest  
[2025-12-10 11:58:25] local.INFO: Attempting to resolve tenant for domain: ahmadtest.localhost  
[2025-12-10 11:58:25] local.INFO: Tenant initialized successfully: ahmadtest  
[2025-12-10 11:58:25] local.INFO: Database bootstrapper completed for tenant: ahmadtest  
[2025-12-10 11:58:25] local.INFO: Attempting to resolve tenant for domain: ahmadtest.localhost  
[2025-12-10 11:58:25] local.INFO: Tenant initialized successfully: ahmadtest  
[2025-12-10 11:58:25] local.INFO: Database bootstrapper completed for tenant: ahmadtest  
[2025-12-10 11:58:25] local.INFO: Attempting to resolve tenant for domain: ahmadtest.localhost  
[2025-12-10 11:58:25] local.INFO: Tenant initialized successfully: ahmadtest  
[2025-12-10 11:58:25] local.INFO: Database bootstrapper completed for tenant: ahmadtest  
[2025-12-10 11:58:39] local.INFO: Attempting to resolve tenant for domain: ahmadtest.localhost  
[2025-12-10 11:58:39] local.INFO: Tenant initialized successfully: ahmadtest  
[2025-12-10 11:58:39] local.INFO: Database bootstrapper completed for tenant: ahmadtest  
[2025-12-10 11:58:39] local.INFO: Attempting to resolve tenant for domain: ahmadtest.localhost  
[2025-12-10 11:58:39] local.INFO: Tenant initialized successfully: ahmadtest  
[2025-12-10 11:58:39] local.INFO: Database bootstrapper completed for tenant: ahmadtest  
[2025-12-10 11:58:39] local.INFO: Attempting to resolve tenant for domain: ahmadtest.localhost  
[2025-12-10 11:58:39] local.INFO: Tenant initialized successfully: ahmadtest  
[2025-12-10 11:58:39] local.INFO: Database bootstrapper completed for tenant: ahmadtest  
[2025-12-10 11:58:39] local.INFO: Attempting to resolve tenant for domain: ahmadtest.localhost  
[2025-12-10 11:58:39] local.INFO: Tenant initialized successfully: ahmadtest  
[2025-12-10 11:58:39] local.INFO: Database bootstrapper completed for tenant: ahmadtest  
[2025-12-10 11:58:39] local.INFO: Attempting to resolve tenant for domain: ahmadtest.localhost  
[2025-12-10 11:58:39] local.INFO: Tenant initialized successfully: ahmadtest  
[2025-12-10 11:58:39] local.INFO: Database bootstrapper completed for tenant: ahmadtest  
[2025-12-10 11:58:39] local.INFO: Attempting to resolve tenant for domain: ahmadtest.localhost  
[2025-12-10 11:58:39] local.INFO: Tenant initialized successfully: ahmadtest  
[2025-12-10 11:58:39] local.INFO: Database bootstrapper completed for tenant: ahmadtest  
[2025-12-10 11:58:39] local.INFO: Attempting to resolve tenant for domain: ahmadtest.localhost  
[2025-12-10 11:58:39] local.INFO: Tenant initialized successfully: ahmadtest  
[2025-12-10 11:58:39] local.INFO: Database bootstrapper completed for tenant: ahmadtest  
[2025-12-10 11:58:39] local.INFO: Attempting to resolve tenant for domain: ahmadtest.localhost  
[2025-12-10 11:58:39] local.INFO: Tenant initialized successfully: ahmadtest  
[2025-12-10 11:58:39] local.INFO: Database bootstrapper completed for tenant: ahmadtest  
[2025-12-10 11:58:51] local.INFO: Attempting to resolve tenant for domain: ahmadtest.localhost  
[2025-12-10 11:58:51] local.INFO: Tenant initialized successfully: ahmadtest  
[2025-12-10 11:58:51] local.INFO: Database bootstrapper completed for tenant: ahmadtest  
[2025-12-10 11:59:25] local.INFO: Attempting to resolve tenant for domain: ahmadtest.localhost  
[2025-12-10 11:59:25] local.INFO: Tenant initialized successfully: ahmadtest  
[2025-12-10 11:59:25] local.INFO: Database bootstrapper completed for tenant: ahmadtest  
[2025-12-10 11:59:31] local.INFO: Attempting to resolve tenant for domain: ahmadtest.localhost  
[2025-12-10 11:59:31] local.INFO: Tenant initialized successfully: ahmadtest  
[2025-12-10 11:59:31] local.INFO: Database bootstrapper completed for tenant: ahmadtest  
[2025-12-10 11:59:32] local.INFO: Attempting to resolve tenant for domain: ahmadtest.localhost  
[2025-12-10 11:59:32] local.INFO: Tenant initialized successfully: ahmadtest  
[2025-12-10 11:59:32] local.INFO: Database bootstrapper completed for tenant: ahmadtest  
[2025-12-10 11:59:36] local.INFO: Attempting to resolve tenant for domain: ahmadtest.localhost  
[2025-12-10 11:59:36] local.INFO: Tenant initialized successfully: ahmadtest  
[2025-12-10 11:59:36] local.INFO: Database bootstrapper completed for tenant: ahmadtest  
[2025-12-10 11:59:36] local.INFO: Attempting to resolve tenant for domain: ahmadtest.localhost  
[2025-12-10 11:59:36] local.INFO: Tenant initialized successfully: ahmadtest  
[2025-12-10 11:59:36] local.INFO: Database bootstrapper completed for tenant: ahmadtest  
[2025-12-10 11:59:39] local.INFO: Attempting to resolve tenant for domain: ahmadtest.localhost  
[2025-12-10 11:59:39] local.INFO: Tenant initialized successfully: ahmadtest  
[2025-12-10 11:59:39] local.INFO: Database bootstrapper completed for tenant: ahmadtest  
[2025-12-10 12:00:36] local.INFO: Attempting to resolve tenant for domain: ahmadtest.localhost  
[2025-12-10 12:00:36] local.INFO: Tenant initialized successfully: ahmadtest  
[2025-12-10 12:00:36] local.INFO: Database bootstrapper completed for tenant: ahmadtest  
[2025-12-10 12:00:37] local.INFO: Attempting to resolve tenant for domain: ahmadtest.localhost  
[2025-12-10 12:00:37] local.INFO: Tenant initialized successfully: ahmadtest  
[2025-12-10 12:00:37] local.INFO: Database bootstrapper completed for tenant: ahmadtest  
[2025-12-10 12:00:44] local.INFO: Attempting to resolve tenant for domain: ahmadtest.localhost  
[2025-12-10 12:00:44] local.INFO: Tenant initialized successfully: ahmadtest  
[2025-12-10 12:00:44] local.INFO: Database bootstrapper completed for tenant: ahmadtest  
[2025-12-10 12:01:07] local.INFO: Attempting to resolve tenant for domain: ahmadtest.localhost  
[2025-12-10 12:01:07] local.INFO: Tenant initialized successfully: ahmadtest  
[2025-12-10 12:01:07] local.INFO: Database bootstrapper completed for tenant: ahmadtest  
[2025-12-10 12:01:07] local.INFO: Attempting to resolve tenant for domain: ahmadtest.localhost  
[2025-12-10 12:01:07] local.INFO: Tenant initialized successfully: ahmadtest  
[2025-12-10 12:01:07] local.INFO: Database bootstrapper completed for tenant: ahmadtest  
[2025-12-10 12:01:10] local.ERROR: Unmatched '}' {"exception":"[object] (ParseError(code: 0): Unmatched '}' at /Users/ahmadmhala/Downloads/RestoFy-main/routes/web.php:124)
[stacktrace]
#0 /Users/ahmadmhala/Downloads/RestoFy-main/vendor/laravel/framework/src/Illuminate/Routing/Router.php(513): Illuminate\\Routing\\RouteFileRegistrar->register('/Users/ahmadmha...')
#1 /Users/ahmadmhala/Downloads/RestoFy-main/vendor/laravel/framework/src/Illuminate/Routing/Router.php(467): Illuminate\\Routing\\Router->loadRoutes('/Users/ahmadmha...')
#2 /Users/ahmadmhala/Downloads/RestoFy-main/vendor/laravel/framework/src/Illuminate/Routing/RouteRegistrar.php(207): Illuminate\\Routing\\Router->group(Array, '/Users/ahmadmha...')
#3 /Users/ahmadmhala/Downloads/RestoFy-main/vendor/laravel/framework/src/Illuminate/Foundation/Configuration/ApplicationBuilder.php(248): Illuminate\\Routing\\RouteRegistrar->group('/Users/ahmadmha...')
#4 /Users/ahmadmhala/Downloads/RestoFy-main/vendor/laravel/framework/src/Illuminate/Container/BoundMethod.php(36): Illuminate\\Foundation\\Configuration\\ApplicationBuilder->{closure:Illuminate\\Foundation\\Configuration\\ApplicationBuilder::buildRoutingCallback():205}()
#5 /Users/ahmadmhala/Downloads/RestoFy-main/vendor/laravel/framework/src/Illuminate/Container/Util.php(43): Illuminate\\Container\\BoundMethod::{closure:Illuminate\\Container\\BoundMethod::call():35}()
#6 /Users/ahmadmhala/Downloads/RestoFy-main/vendor/laravel/framework/src/Illuminate/Container/BoundMethod.php(83): Illuminate\\Container\\Util::unwrapIfClosure(Object(Closure))
#7 /Users/ahmadmhala/Downloads/RestoFy-main/vendor/laravel/framework/src/Illuminate/Container/BoundMethod.php(35): Illuminate\\Container\\BoundMethod::callBoundMethod(Object(Illuminate\\Foundation\\Application), Object(Closure), Object(Closure))
#8 /Users/ahmadmhala/Downloads/RestoFy-main/vendor/laravel/framework/src/Illuminate/Container/Container.php(696): Illuminate\\Container\\BoundMethod::call(Object(Illuminate\\Foundation\\Application), Object(Closure), Array, NULL)
#9 /Users/ahmadmhala/Downloads/RestoFy-main/vendor/laravel/framework/src/Illuminate/Foundation/Support/Providers/RouteServiceProvider.php(162): Illuminate\\Container\\Container->call(Object(Closure))
#10 /Users/ahmadmhala/Downloads/RestoFy-main/vendor/laravel/framework/src/Illuminate/Foundation/Support/Providers/RouteServiceProvider.php(59): Illuminate\\Foundation\\Support\\Providers\\RouteServiceProvider->loadRoutes()
#11 /Users/ahmadmhala/Downloads/RestoFy-main/vendor/laravel/framework/src/Illuminate/Container/BoundMethod.php(36): Illuminate\\Foundation\\Support\\Providers\\RouteServiceProvider->{closure:Illuminate\\Foundation\\Support\\Providers\\RouteServiceProvider::register():53}()
#12 /Users/ahmadmhala/Downloads/RestoFy-main/vendor/laravel/framework/src/Illuminate/Container/Util.php(43): Illuminate\\Container\\BoundMethod::{closure:Illuminate\\Container\\BoundMethod::call():35}()
#13 /Users/ahmadmhala/Downloads/RestoFy-main/vendor/laravel/framework/src/Illuminate/Container/BoundMethod.php(83): Illuminate\\Container\\Util::unwrapIfClosure(Object(Closure))
#14 /Users/ahmadmhala/Downloads/RestoFy-main/vendor/laravel/framework/src/Illuminate/Container/BoundMethod.php(35): Illuminate\\Container\\BoundMethod::callBoundMethod(Object(Illuminate\\Foundation\\Application), Object(Closure), Object(Closure))
#15 /Users/ahmadmhala/Downloads/RestoFy-main/vendor/laravel/framework/src/Illuminate/Container/Container.php(696): Illuminate\\Container\\BoundMethod::call(Object(Illuminate\\Foundation\\Application), Object(Closure), Array, NULL)
#16 /Users/ahmadmhala/Downloads/RestoFy-main/vendor/laravel/framework/src/Illuminate/Support/ServiceProvider.php(144): Illuminate\\Container\\Container->call(Object(Closure))
#17 /Users/ahmadmhala/Downloads/RestoFy-main/vendor/laravel/framework/src/Illuminate/Foundation/Application.php(1154): Illuminate\\Support\\ServiceProvider->callBootedCallbacks()
#18 /Users/ahmadmhala/Downloads/RestoFy-main/vendor/laravel/framework/src/Illuminate/Foundation/Application.php(1132): Illuminate\\Foundation\\Application->bootProvider(Object(App\\Providers\\RouteServiceProvider))
#19 [internal function]: Illuminate\\Foundation\\Application->{closure:Illuminate\\Foundation\\Application::boot():1131}(Object(App\\Providers\\RouteServiceProvider), 'App\\\\Providers\\\\R...')
#20 /Users/ahmadmhala/Downloads/RestoFy-main/vendor/laravel/framework/src/Illuminate/Foundation/Application.php(1131): array_walk(Array, Object(Closure))
#21 /Users/ahmadmhala/Downloads/RestoFy-main/vendor/laravel/framework/src/Illuminate/Foundation/Bootstrap/BootProviders.php(17): Illuminate\\Foundation\\Application->boot()
#22 /Users/ahmadmhala/Downloads/RestoFy-main/vendor/laravel/framework/src/Illuminate/Foundation/Application.php(342): Illuminate\\Foundation\\Bootstrap\\BootProviders->bootstrap(Object(Illuminate\\Foundation\\Application))
#23 /Users/ahmadmhala/Downloads/RestoFy-main/vendor/laravel/framework/src/Illuminate/Foundation/Http/Kernel.php(187): Illuminate\\Foundation\\Application->bootstrapWith(Array)
#24 /Users/ahmadmhala/Downloads/RestoFy-main/vendor/laravel/framework/src/Illuminate/Foundation/Http/Kernel.php(171): Illuminate\\Foundation\\Http\\Kernel->bootstrap()
#25 /Users/ahmadmhala/Downloads/RestoFy-main/vendor/laravel/framework/src/Illuminate/Foundation/Http/Kernel.php(145): Illuminate\\Foundation\\Http\\Kernel->sendRequestThroughRouter(Object(Illuminate\\Http\\Request))
#26 /Users/ahmadmhala/Downloads/RestoFy-main/vendor/laravel/framework/src/Illuminate/Foundation/Application.php(1220): Illuminate\\Foundation\\Http\\Kernel->handle(Object(Illuminate\\Http\\Request))
#27 /Users/ahmadmhala/Downloads/RestoFy-main/public/index.php(17): Illuminate\\Foundation\\Application->handleRequest(Object(Illuminate\\Http\\Request))
#28 /Users/ahmadmhala/Downloads/RestoFy-main/vendor/laravel/framework/src/Illuminate/Foundation/resources/server.php(23): require_once('/Users/ahmadmha...')
#29 {main}
"} 
[2025-12-10 12:01:11] local.ERROR: Unmatched '}' {"exception":"[object] (ParseError(code: 0): Unmatched '}' at /Users/ahmadmhala/Downloads/RestoFy-main/routes/web.php:124)
[stacktrace]
#0 /Users/ahmadmhala/Downloads/RestoFy-main/vendor/laravel/framework/src/Illuminate/Routing/Router.php(513): Illuminate\\Routing\\RouteFileRegistrar->register('/Users/ahmadmha...')
#1 /Users/ahmadmhala/Downloads/RestoFy-main/vendor/laravel/framework/src/Illuminate/Routing/Router.php(467): Illuminate\\Routing\\Router->loadRoutes('/Users/ahmadmha...')
#2 /Users/ahmadmhala/Downloads/RestoFy-main/vendor/laravel/framework/src/Illuminate/Routing/RouteRegistrar.php(207): Illuminate\\Routing\\Router->group(Array, '/Users/ahmadmha...')
#3 /Users/ahmadmhala/Downloads/RestoFy-main/vendor/laravel/framework/src/Illuminate/Foundation/Configuration/ApplicationBuilder.php(248): Illuminate\\Routing\\RouteRegistrar->group('/Users/ahmadmha...')
#4 /Users/ahmadmhala/Downloads/RestoFy-main/vendor/laravel/framework/src/Illuminate/Container/BoundMethod.php(36): Illuminate\\Foundation\\Configuration\\ApplicationBuilder->{closure:Illuminate\\Foundation\\Configuration\\ApplicationBuilder::buildRoutingCallback():205}()
#5 /Users/ahmadmhala/Downloads/RestoFy-main/vendor/laravel/framework/src/Illuminate/Container/Util.php(43): Illuminate\\Container\\BoundMethod::{closure:Illuminate\\Container\\BoundMethod::call():35}()
#6 /Users/ahmadmhala/Downloads/RestoFy-main/vendor/laravel/framework/src/Illuminate/Container/BoundMethod.php(83): Illuminate\\Container\\Util::unwrapIfClosure(Object(Closure))
#7 /Users/ahmadmhala/Downloads/RestoFy-main/vendor/laravel/framework/src/Illuminate/Container/BoundMethod.php(35): Illuminate\\Container\\BoundMethod::callBoundMethod(Object(Illuminate\\Foundation\\Application), Object(Closure), Object(Closure))
#8 /Users/ahmadmhala/Downloads/RestoFy-main/vendor/laravel/framework/src/Illuminate/Container/Container.php(696): Illuminate\\Container\\BoundMethod::call(Object(Illuminate\\Foundation\\Application), Object(Closure), Array, NULL)
#9 /Users/ahmadmhala/Downloads/RestoFy-main/vendor/laravel/framework/src/Illuminate/Foundation/Support/Providers/RouteServiceProvider.php(162): Illuminate\\Container\\Container->call(Object(Closure))
#10 /Users/ahmadmhala/Downloads/RestoFy-main/vendor/laravel/framework/src/Illuminate/Foundation/Support/Providers/RouteServiceProvider.php(59): Illuminate\\Foundation\\Support\\Providers\\RouteServiceProvider->loadRoutes()
#11 /Users/ahmadmhala/Downloads/RestoFy-main/vendor/laravel/framework/src/Illuminate/Container/BoundMethod.php(36): Illuminate\\Foundation\\Support\\Providers\\RouteServiceProvider->{closure:Illuminate\\Foundation\\Support\\Providers\\RouteServiceProvider::register():53}()
#12 /Users/ahmadmhala/Downloads/RestoFy-main/vendor/laravel/framework/src/Illuminate/Container/Util.php(43): Illuminate\\Container\\BoundMethod::{closure:Illuminate\\Container\\BoundMethod::call():35}()
#13 /Users/ahmadmhala/Downloads/RestoFy-main/vendor/laravel/framework/src/Illuminate/Container/BoundMethod.php(83): Illuminate\\Container\\Util::unwrapIfClosure(Object(Closure))
#14 /Users/ahmadmhala/Downloads/RestoFy-main/vendor/laravel/framework/src/Illuminate/Container/BoundMethod.php(35): Illuminate\\Container\\BoundMethod::callBoundMethod(Object(Illuminate\\Foundation\\Application), Object(Closure), Object(Closure))
#15 /Users/ahmadmhala/Downloads/RestoFy-main/vendor/laravel/framework/src/Illuminate/Container/Container.php(696): Illuminate\\Container\\BoundMethod::call(Object(Illuminate\\Foundation\\Application), Object(Closure), Array, NULL)
#16 /Users/ahmadmhala/Downloads/RestoFy-main/vendor/laravel/framework/src/Illuminate/Support/ServiceProvider.php(144): Illuminate\\Container\\Container->call(Object(Closure))
#17 /Users/ahmadmhala/Downloads/RestoFy-main/vendor/laravel/framework/src/Illuminate/Foundation/Application.php(1154): Illuminate\\Support\\ServiceProvider->callBootedCallbacks()
#18 /Users/ahmadmhala/Downloads/RestoFy-main/vendor/laravel/framework/src/Illuminate/Foundation/Application.php(1132): Illuminate\\Foundation\\Application->bootProvider(Object(App\\Providers\\RouteServiceProvider))
#19 [internal function]: Illuminate\\Foundation\\Application->{closure:Illuminate\\Foundation\\Application::boot():1131}(Object(App\\Providers\\RouteServiceProvider), 'App\\\\Providers\\\\R...')
#20 /Users/ahmadmhala/Downloads/RestoFy-main/vendor/laravel/framework/src/Illuminate/Foundation/Application.php(1131): array_walk(Array, Object(Closure))
#21 /Users/ahmadmhala/Downloads/RestoFy-main/vendor/laravel/framework/src/Illuminate/Foundation/Bootstrap/BootProviders.php(17): Illuminate\\Foundation\\Application->boot()
#22 /Users/ahmadmhala/Downloads/RestoFy-main/vendor/laravel/framework/src/Illuminate/Foundation/Application.php(342): Illuminate\\Foundation\\Bootstrap\\BootProviders->bootstrap(Object(Illuminate\\Foundation\\Application))
#23 /Users/ahmadmhala/Downloads/RestoFy-main/vendor/laravel/framework/src/Illuminate/Foundation/Http/Kernel.php(187): Illuminate\\Foundation\\Application->bootstrapWith(Array)
#24 /Users/ahmadmhala/Downloads/RestoFy-main/vendor/laravel/framework/src/Illuminate/Foundation/Http/Kernel.php(171): Illuminate\\Foundation\\Http\\Kernel->bootstrap()
#25 /Users/ahmadmhala/Downloads/RestoFy-main/vendor/laravel/framework/src/Illuminate/Foundation/Http/Kernel.php(145): Illuminate\\Foundation\\Http\\Kernel->sendRequestThroughRouter(Object(Illuminate\\Http\\Request))
#26 /Users/ahmadmhala/Downloads/RestoFy-main/vendor/laravel/framework/src/Illuminate/Foundation/Application.php(1220): Illuminate\\Foundation\\Http\\Kernel->handle(Object(Illuminate\\Http\\Request))
#27 /Users/ahmadmhala/Downloads/RestoFy-main/public/index.php(17): Illuminate\\Foundation\\Application->handleRequest(Object(Illuminate\\Http\\Request))
#28 /Users/ahmadmhala/Downloads/RestoFy-main/vendor/laravel/framework/src/Illuminate/Foundation/resources/server.php(23): require_once('/Users/ahmadmha...')
#29 {main}
"} 
[2025-12-10 12:01:23] local.INFO: Attempting to resolve tenant for domain: ahmadtest.localhost  
[2025-12-10 12:01:23] local.INFO: Tenant initialized successfully: ahmadtest  
[2025-12-10 12:01:23] local.INFO: Database bootstrapper completed for tenant: ahmadtest  
[2025-12-10 12:01:23] local.INFO: Attempting to resolve tenant for domain: ahmadtest.localhost  
[2025-12-10 12:01:23] local.INFO: Tenant initialized successfully: ahmadtest  
[2025-12-10 12:01:23] local.INFO: Database bootstrapper completed for tenant: ahmadtest  
[2025-12-10 12:01:41] local.INFO: Attempting to resolve tenant for domain: ahmadtest.localhost  
[2025-12-10 12:01:41] local.INFO: Tenant initialized successfully: ahmadtest  
[2025-12-10 12:01:41] local.INFO: Database bootstrapper completed for tenant: ahmadtest  
[2025-12-10 12:01:57] local.INFO: Attempting to resolve tenant for domain: ahmadtest.localhost  
[2025-12-10 12:01:57] local.INFO: Tenant initialized successfully: ahmadtest  
[2025-12-10 12:01:57] local.INFO: Database bootstrapper completed for tenant: ahmadtest  
[2025-12-10 12:01:57] local.INFO: Attempting to resolve tenant for domain: ahmadtest.localhost  
[2025-12-10 12:01:57] local.INFO: Tenant initialized successfully: ahmadtest  
[2025-12-10 12:01:57] local.INFO: Database bootstrapper completed for tenant: ahmadtest  
[2025-12-10 12:01:59] local.INFO: Attempting to resolve tenant for domain: ahmadtest.localhost  
[2025-12-10 12:01:59] local.INFO: Tenant initialized successfully: ahmadtest  
[2025-12-10 12:01:59] local.INFO: Database bootstrapper completed for tenant: ahmadtest  
[2025-12-10 12:02:00] local.INFO: Attempting to resolve tenant for domain: ahmadtest.localhost  
[2025-12-10 12:02:00] local.INFO: Tenant initialized successfully: ahmadtest  
[2025-12-10 12:02:00] local.INFO: Database bootstrapper completed for tenant: ahmadtest  
[2025-12-10 12:02:01] local.INFO: Attempting to resolve tenant for domain: ahmadtest.localhost  
[2025-12-10 12:02:01] local.INFO: Tenant initialized successfully: ahmadtest  
[2025-12-10 12:02:01] local.INFO: Database bootstrapper completed for tenant: ahmadtest  
[2025-12-10 12:02:01] local.INFO: Attempting to resolve tenant for domain: ahmadtest.localhost  
[2025-12-10 12:02:01] local.INFO: Tenant initialized successfully: ahmadtest  
[2025-12-10 12:02:01] local.INFO: Database bootstrapper completed for tenant: ahmadtest  
[2025-12-10 12:02:06] local.INFO: Attempting to resolve tenant for domain: ahmadtest.localhost  
[2025-12-10 12:02:06] local.INFO: Tenant initialized successfully: ahmadtest  
[2025-12-10 12:02:06] local.INFO: Database bootstrapper completed for tenant: ahmadtest  
[2025-12-10 12:02:18] local.INFO: Attempting to resolve tenant for domain: ahmadtest.localhost  
[2025-12-10 12:02:18] local.INFO: Tenant initialized successfully: ahmadtest  
[2025-12-10 12:02:18] local.INFO: Database bootstrapper completed for tenant: ahmadtest  
[2025-12-10 12:02:43] local.INFO: Attempting to resolve tenant for domain: ahmadtest.localhost  
[2025-12-10 12:02:43] local.INFO: Tenant initialized successfully: ahmadtest  
[2025-12-10 12:02:43] local.INFO: Database bootstrapper completed for tenant: ahmadtest  
[2025-12-10 12:02:59] local.INFO: Attempting to resolve tenant for domain: ahmadtest.localhost  
[2025-12-10 12:02:59] local.INFO: Tenant initialized successfully: ahmadtest  
[2025-12-10 12:02:59] local.INFO: Database bootstrapper completed for tenant: ahmadtest  
[2025-12-10 12:03:00] local.INFO: Attempting to resolve tenant for domain: ahmadtest.localhost  
[2025-12-10 12:03:00] local.INFO: Tenant initialized successfully: ahmadtest  
[2025-12-10 12:03:00] local.INFO: Database bootstrapper completed for tenant: ahmadtest  
[2025-12-10 12:03:20] local.INFO: Attempting to resolve tenant for domain: ahmadtest.localhost  
[2025-12-10 12:03:20] local.INFO: Tenant initialized successfully: ahmadtest  
[2025-12-10 12:03:20] local.INFO: Database bootstrapper completed for tenant: ahmadtest  
[2025-12-10 12:03:39] local.INFO: Attempting to resolve tenant for domain: ahmadtest.localhost  
[2025-12-10 12:03:39] local.INFO: Tenant initialized successfully: ahmadtest  
[2025-12-10 12:03:39] local.INFO: Database bootstrapper completed for tenant: ahmadtest  
[2025-12-10 12:03:39] local.INFO: Attempting to resolve tenant for domain: ahmadtest.localhost  
[2025-12-10 12:03:39] local.INFO: Tenant initialized successfully: ahmadtest  
[2025-12-10 12:03:39] local.INFO: Database bootstrapper completed for tenant: ahmadtest  
[2025-12-10 12:04:26] local.INFO: Attempting to resolve tenant for domain: ahmadtest.localhost  
[2025-12-10 12:04:26] local.INFO: Tenant initialized successfully: ahmadtest  
[2025-12-10 12:04:26] local.INFO: Database bootstrapper completed for tenant: ahmadtest  
[2025-12-10 12:04:36] local.INFO: Attempting to resolve tenant for domain: ahmadtest.localhost  
[2025-12-10 12:04:36] local.INFO: Tenant initialized successfully: ahmadtest  
[2025-12-10 12:04:36] local.INFO: Database bootstrapper completed for tenant: ahmadtest  
[2025-12-10 12:04:41] local.INFO: Attempting to resolve tenant for domain: ahmadtest.localhost  
[2025-12-10 12:04:41] local.INFO: Tenant initialized successfully: ahmadtest  
[2025-12-10 12:04:41] local.INFO: Database bootstrapper completed for tenant: ahmadtest  
[2025-12-10 12:04:44] local.INFO: Attempting to resolve tenant for domain: ahmadtest.localhost  
[2025-12-10 12:04:44] local.INFO: Tenant initialized successfully: ahmadtest  
[2025-12-10 12:04:44] local.INFO: Database bootstrapper completed for tenant: ahmadtest  
[2025-12-10 12:05:15] local.INFO: Attempting to resolve tenant for domain: ahmadtest.localhost  
[2025-12-10 12:05:15] local.INFO: Tenant initialized successfully: ahmadtest  
[2025-12-10 12:05:15] local.INFO: Database bootstrapper completed for tenant: ahmadtest  
[2025-12-10 12:05:15] local.INFO: Attempting to resolve tenant for domain: ahmadtest.localhost  
[2025-12-10 12:05:15] local.INFO: Tenant initialized successfully: ahmadtest  
[2025-12-10 12:05:15] local.INFO: Database bootstrapper completed for tenant: ahmadtest  
[2025-12-10 12:05:24] local.INFO: Attempting to resolve tenant for domain: ahmadtest.localhost  
[2025-12-10 12:05:24] local.INFO: Tenant initialized successfully: ahmadtest  
[2025-12-10 12:05:24] local.INFO: Database bootstrapper completed for tenant: ahmadtest  
[2025-12-10 12:05:24] local.INFO: Attempting to resolve tenant for domain: ahmadtest.localhost  
[2025-12-10 12:05:24] local.INFO: Tenant initialized successfully: ahmadtest  
[2025-12-10 12:05:24] local.INFO: Database bootstrapper completed for tenant: ahmadtest  
[2025-12-10 12:05:27] local.INFO: Attempting to resolve tenant for domain: ahmadtest.localhost  
[2025-12-10 12:05:27] local.INFO: Tenant initialized successfully: ahmadtest  
[2025-12-10 12:05:27] local.INFO: Database bootstrapper completed for tenant: ahmadtest  
[2025-12-10 12:06:32] local.INFO: Attempting to resolve tenant for domain: ahmadtest.localhost  
[2025-12-10 12:06:32] local.INFO: Tenant initialized successfully: ahmadtest  
[2025-12-10 12:06:32] local.INFO: Database bootstrapper completed for tenant: ahmadtest  
[2025-12-10 12:06:37] local.INFO: Attempting to resolve tenant for domain: ahmadtest.localhost  
[2025-12-10 12:06:37] local.INFO: Tenant initialized successfully: ahmadtest  
[2025-12-10 12:06:37] local.INFO: Database bootstrapper completed for tenant: ahmadtest  
[2025-12-10 12:06:47] local.INFO: Attempting to resolve tenant for domain: ahmadtest.localhost  
[2025-12-10 12:06:47] local.INFO: Tenant initialized successfully: ahmadtest  
[2025-12-10 12:06:47] local.INFO: Database bootstrapper completed for tenant: ahmadtest  
[2025-12-10 12:06:47] local.INFO: Attempting to resolve tenant for domain: ahmadtest.localhost  
[2025-12-10 12:06:47] local.INFO: Tenant initialized successfully: ahmadtest  
[2025-12-10 12:06:47] local.INFO: Database bootstrapper completed for tenant: ahmadtest  
[2025-12-10 12:06:48] local.INFO: Attempting to resolve tenant for domain: ahmadtest.localhost  
[2025-12-10 12:06:48] local.INFO: Tenant initialized successfully: ahmadtest  
[2025-12-10 12:06:48] local.INFO: Database bootstrapper completed for tenant: ahmadtest  
[2025-12-12 09:16:34] local.ERROR: SQLSTATE[23502]: Not null violation: 7 ERROR:  null value in column "identifier" of relation "tenants" violates not-null constraint
DETAIL:  Failing row contains (demo, null, 2, active, 2026-12-12 09:16:34, [], 2025-12-12 09:16:34, 2025-12-12 09:16:34). (Connection: pgsql, SQL: insert into "tenants" ("id", "plan_id", "subscription_status", "subscription_ends_at", "data", "updated_at", "created_at") values (demo, 2, active, 2026-12-12 09:16:34, [], 2025-12-12 09:16:34, 2025-12-12 09:16:34)) {"exception":"[object] (Illuminate\\Database\\QueryException(code: 23502): SQLSTATE[23502]: Not null violation: 7 ERROR:  null value in column \"identifier\" of relation \"tenants\" violates not-null constraint
DETAIL:  Failing row contains (demo, null, 2, active, 2026-12-12 09:16:34, [], 2025-12-12 09:16:34, 2025-12-12 09:16:34). (Connection: pgsql, SQL: insert into \"tenants\" (\"id\", \"plan_id\", \"subscription_status\", \"subscription_ends_at\", \"data\", \"updated_at\", \"created_at\") values (demo, 2, active, 2026-12-12 09:16:34, [], 2025-12-12 09:16:34, 2025-12-12 09:16:34)) at /Users/ahmadmhala/Downloads/RestoFy-main/vendor/laravel/framework/src/Illuminate/Database/Connection.php:825)
[stacktrace]
#0 /Users/ahmadmhala/Downloads/RestoFy-main/vendor/laravel/framework/src/Illuminate/Database/Connection.php(779): Illuminate\\Database\\Connection->runQueryCallback('insert into \"te...', Array, Object(Closure))
#1 /Users/ahmadmhala/Downloads/RestoFy-main/vendor/laravel/framework/src/Illuminate/Database/Connection.php(560): Illuminate\\Database\\Connection->run('insert into \"te...', Array, Object(Closure))
#2 /Users/ahmadmhala/Downloads/RestoFy-main/vendor/laravel/framework/src/Illuminate/Database/Connection.php(524): Illuminate\\Database\\Connection->statement('insert into \"te...', Array)
#3 /Users/ahmadmhala/Downloads/RestoFy-main/vendor/laravel/framework/src/Illuminate/Database/Query/Builder.php(3717): Illuminate\\Database\\Connection->insert('insert into \"te...', Array)
#4 /Users/ahmadmhala/Downloads/RestoFy-main/vendor/laravel/framework/src/Illuminate/Database/Eloquent/Builder.php(2120): Illuminate\\Database\\Query\\Builder->insert(Array)
#5 /Users/ahmadmhala/Downloads/RestoFy-main/vendor/laravel/framework/src/Illuminate/Database/Eloquent/Model.php(1335): Illuminate\\Database\\Eloquent\\Builder->__call('insert', Array)
#6 /Users/ahmadmhala/Downloads/RestoFy-main/vendor/laravel/framework/src/Illuminate/Database/Eloquent/Model.php(1163): Illuminate\\Database\\Eloquent\\Model->performInsert(Object(Illuminate\\Database\\Eloquent\\Builder))
#7 /Users/ahmadmhala/Downloads/RestoFy-main/vendor/laravel/framework/src/Illuminate/Database/Eloquent/Builder.php(1128): Illuminate\\Database\\Eloquent\\Model->save()
#8 /Users/ahmadmhala/Downloads/RestoFy-main/vendor/laravel/framework/src/Illuminate/Support/helpers.php(399): Illuminate\\Database\\Eloquent\\Builder->{closure:Illuminate\\Database\\Eloquent\\Builder::create():1127}(Object(App\\Models\\Tenant))
#9 /Users/ahmadmhala/Downloads/RestoFy-main/vendor/laravel/framework/src/Illuminate/Database/Eloquent/Builder.php(1127): tap(Object(App\\Models\\Tenant), Object(Closure))
#10 /Users/ahmadmhala/Downloads/RestoFy-main/vendor/laravel/framework/src/Illuminate/Database/Eloquent/Builder.php(634): Illuminate\\Database\\Eloquent\\Builder->create(Array)
#11 /Users/ahmadmhala/Downloads/RestoFy-main/vendor/laravel/framework/src/Illuminate/Database/Eloquent/Builder.php(1864): Illuminate\\Database\\Eloquent\\Builder->{closure:Illuminate\\Database\\Eloquent\\Builder::createOrFirst():634}()
#12 /Users/ahmadmhala/Downloads/RestoFy-main/vendor/laravel/framework/src/Illuminate/Database/Eloquent/Builder.php(634): Illuminate\\Database\\Eloquent\\Builder->withSavepointIfNeeded(Object(Closure))
#13 /Users/ahmadmhala/Downloads/RestoFy-main/vendor/laravel/framework/src/Illuminate/Database/Eloquent/Builder.php(621): Illuminate\\Database\\Eloquent\\Builder->createOrFirst(Array, Array)
#14 /Users/ahmadmhala/Downloads/RestoFy-main/vendor/laravel/framework/src/Illuminate/Support/Traits/ForwardsCalls.php(23): Illuminate\\Database\\Eloquent\\Builder->firstOrCreate(Array, Array)
#15 /Users/ahmadmhala/Downloads/RestoFy-main/vendor/laravel/framework/src/Illuminate/Database/Eloquent/Model.php(2372): Illuminate\\Database\\Eloquent\\Model->forwardCallTo(Object(Illuminate\\Database\\Eloquent\\Builder), 'firstOrCreate', Array)
#16 /Users/ahmadmhala/Downloads/RestoFy-main/vendor/laravel/framework/src/Illuminate/Database/Eloquent/Model.php(2384): Illuminate\\Database\\Eloquent\\Model->__call('firstOrCreate', Array)
#17 /Users/ahmadmhala/Downloads/RestoFy-main/database/seeders/TenantSeeder.php(27): Illuminate\\Database\\Eloquent\\Model::__callStatic('firstOrCreate', Array)
#18 /Users/ahmadmhala/Downloads/RestoFy-main/vendor/laravel/framework/src/Illuminate/Container/BoundMethod.php(36): Database\\Seeders\\TenantSeeder->run()
#19 /Users/ahmadmhala/Downloads/RestoFy-main/vendor/laravel/framework/src/Illuminate/Container/Util.php(43): Illuminate\\Container\\BoundMethod::{closure:Illuminate\\Container\\BoundMethod::call():35}()
#20 /Users/ahmadmhala/Downloads/RestoFy-main/vendor/laravel/framework/src/Illuminate/Container/BoundMethod.php(95): Illuminate\\Container\\Util::unwrapIfClosure(Object(Closure))
#21 /Users/ahmadmhala/Downloads/RestoFy-main/vendor/laravel/framework/src/Illuminate/Container/BoundMethod.php(35): Illuminate\\Container\\BoundMethod::callBoundMethod(Object(Illuminate\\Foundation\\Application), Array, Object(Closure))
#22 /Users/ahmadmhala/Downloads/RestoFy-main/vendor/laravel/framework/src/Illuminate/Container/Container.php(696): Illuminate\\Container\\BoundMethod::call(Object(Illuminate\\Foundation\\Application), Array, Array, NULL)
#23 /Users/ahmadmhala/Downloads/RestoFy-main/vendor/laravel/framework/src/Illuminate/Database/Seeder.php(188): Illuminate\\Container\\Container->call(Array, Array)
#24 /Users/ahmadmhala/Downloads/RestoFy-main/vendor/laravel/framework/src/Illuminate/Database/Seeder.php(197): Illuminate\\Database\\Seeder->{closure:Illuminate\\Database\\Seeder::__invoke():187}()
#25 /Users/ahmadmhala/Downloads/RestoFy-main/vendor/laravel/framework/src/Illuminate/Database/Console/Seeds/SeedCommand.php(70): Illuminate\\Database\\Seeder->__invoke()
#26 /Users/ahmadmhala/Downloads/RestoFy-main/vendor/laravel/framework/src/Illuminate/Database/Eloquent/Concerns/GuardsAttributes.php(155): Illuminate\\Database\\Console\\Seeds\\SeedCommand->{closure:Illuminate\\Database\\Console\\Seeds\\SeedCommand::handle():69}()
#27 /Users/ahmadmhala/Downloads/RestoFy-main/vendor/laravel/framework/src/Illuminate/Database/Console/Seeds/SeedCommand.php(69): Illuminate\\Database\\Eloquent\\Model::unguarded(Object(Closure))
#28 /Users/ahmadmhala/Downloads/RestoFy-main/vendor/laravel/framework/src/Illuminate/Container/BoundMethod.php(36): Illuminate\\Database\\Console\\Seeds\\SeedCommand->handle()
#29 /Users/ahmadmhala/Downloads/RestoFy-main/vendor/laravel/framework/src/Illuminate/Container/Util.php(43): Illuminate\\Container\\BoundMethod::{closure:Illuminate\\Container\\BoundMethod::call():35}()
#30 /Users/ahmadmhala/Downloads/RestoFy-main/vendor/laravel/framework/src/Illuminate/Container/BoundMethod.php(95): Illuminate\\Container\\Util::unwrapIfClosure(Object(Closure))
#31 /Users/ahmadmhala/Downloads/RestoFy-main/vendor/laravel/framework/src/Illuminate/Container/BoundMethod.php(35): Illuminate\\Container\\BoundMethod::callBoundMethod(Object(Illuminate\\Foundation\\Application), Array, Object(Closure))
#32 /Users/ahmadmhala/Downloads/RestoFy-main/vendor/laravel/framework/src/Illuminate/Container/Container.php(696): Illuminate\\Container\\BoundMethod::call(Object(Illuminate\\Foundation\\Application), Array, Array, NULL)
#33 /Users/ahmadmhala/Downloads/RestoFy-main/vendor/laravel/framework/src/Illuminate/Console/Command.php(213): Illuminate\\Container\\Container->call(Array)
#34 /Users/ahmadmhala/Downloads/RestoFy-main/vendor/symfony/console/Command/Command.php(318): Illuminate\\Console\\Command->execute(Object(Symfony\\Component\\Console\\Input\\ArgvInput), Object(Illuminate\\Console\\OutputStyle))
#35 /Users/ahmadmhala/Downloads/RestoFy-main/vendor/laravel/framework/src/Illuminate/Console/Command.php(182): Symfony\\Component\\Console\\Command\\Command->run(Object(Symfony\\Component\\Console\\Input\\ArgvInput), Object(Illuminate\\Console\\OutputStyle))
#36 /Users/ahmadmhala/Downloads/RestoFy-main/vendor/symfony/console/Application.php(1073): Illuminate\\Console\\Command->run(Object(Symfony\\Component\\Console\\Input\\ArgvInput), Object(Symfony\\Component\\Console\\Output\\ConsoleOutput))
#37 /Users/ahmadmhala/Downloads/RestoFy-main/vendor/symfony/console/Application.php(356): Symfony\\Component\\Console\\Application->doRunCommand(Object(Illuminate\\Database\\Console\\Seeds\\SeedCommand), Object(Symfony\\Component\\Console\\Input\\ArgvInput), Object(Symfony\\Component\\Console\\Output\\ConsoleOutput))
#38 /Users/ahmadmhala/Downloads/RestoFy-main/vendor/symfony/console/Application.php(195): Symfony\\Component\\Console\\Application->doRun(Object(Symfony\\Component\\Console\\Input\\ArgvInput), Object(Symfony\\Component\\Console\\Output\\ConsoleOutput))
#39 /Users/ahmadmhala/Downloads/RestoFy-main/vendor/laravel/framework/src/Illuminate/Foundation/Console/Kernel.php(198): Symfony\\Component\\Console\\Application->run(Object(Symfony\\Component\\Console\\Input\\ArgvInput), Object(Symfony\\Component\\Console\\Output\\ConsoleOutput))
#40 /Users/ahmadmhala/Downloads/RestoFy-main/vendor/laravel/framework/src/Illuminate/Foundation/Application.php(1235): Illuminate\\Foundation\\Console\\Kernel->handle(Object(Symfony\\Component\\Console\\Input\\ArgvInput), Object(Symfony\\Component\\Console\\Output\\ConsoleOutput))
#41 /Users/ahmadmhala/Downloads/RestoFy-main/artisan(13): Illuminate\\Foundation\\Application->handleCommand(Object(Symfony\\Component\\Console\\Input\\ArgvInput))
#42 {main}

[previous exception] [object] (PDOException(code: 23502): SQLSTATE[23502]: Not null violation: 7 ERROR:  null value in column \"identifier\" of relation \"tenants\" violates not-null constraint
DETAIL:  Failing row contains (demo, null, 2, active, 2026-12-12 09:16:34, [], 2025-12-12 09:16:34, 2025-12-12 09:16:34). at /Users/ahmadmhala/Downloads/RestoFy-main/vendor/laravel/framework/src/Illuminate/Database/Connection.php:571)
[stacktrace]
#0 /Users/ahmadmhala/Downloads/RestoFy-main/vendor/laravel/framework/src/Illuminate/Database/Connection.php(571): PDOStatement->execute()
#1 /Users/ahmadmhala/Downloads/RestoFy-main/vendor/laravel/framework/src/Illuminate/Database/Connection.php(812): Illuminate\\Database\\Connection->{closure:Illuminate\\Database\\Connection::statement():560}('insert into \"te...', Array)
#2 /Users/ahmadmhala/Downloads/RestoFy-main/vendor/laravel/framework/src/Illuminate/Database/Connection.php(779): Illuminate\\Database\\Connection->runQueryCallback('insert into \"te...', Array, Object(Closure))
#3 /Users/ahmadmhala/Downloads/RestoFy-main/vendor/laravel/framework/src/Illuminate/Database/Connection.php(560): Illuminate\\Database\\Connection->run('insert into \"te...', Array, Object(Closure))
#4 /Users/ahmadmhala/Downloads/RestoFy-main/vendor/laravel/framework/src/Illuminate/Database/Connection.php(524): Illuminate\\Database\\Connection->statement('insert into \"te...', Array)
#5 /Users/ahmadmhala/Downloads/RestoFy-main/vendor/laravel/framework/src/Illuminate/Database/Query/Builder.php(3717): Illuminate\\Database\\Connection->insert('insert into \"te...', Array)
#6 /Users/ahmadmhala/Downloads/RestoFy-main/vendor/laravel/framework/src/Illuminate/Database/Eloquent/Builder.php(2120): Illuminate\\Database\\Query\\Builder->insert(Array)
#7 /Users/ahmadmhala/Downloads/RestoFy-main/vendor/laravel/framework/src/Illuminate/Database/Eloquent/Model.php(1335): Illuminate\\Database\\Eloquent\\Builder->__call('insert', Array)
#8 /Users/ahmadmhala/Downloads/RestoFy-main/vendor/laravel/framework/src/Illuminate/Database/Eloquent/Model.php(1163): Illuminate\\Database\\Eloquent\\Model->performInsert(Object(Illuminate\\Database\\Eloquent\\Builder))
#9 /Users/ahmadmhala/Downloads/RestoFy-main/vendor/laravel/framework/src/Illuminate/Database/Eloquent/Builder.php(1128): Illuminate\\Database\\Eloquent\\Model->save()
#10 /Users/ahmadmhala/Downloads/RestoFy-main/vendor/laravel/framework/src/Illuminate/Support/helpers.php(399): Illuminate\\Database\\Eloquent\\Builder->{closure:Illuminate\\Database\\Eloquent\\Builder::create():1127}(Object(App\\Models\\Tenant))
#11 /Users/ahmadmhala/Downloads/RestoFy-main/vendor/laravel/framework/src/Illuminate/Database/Eloquent/Builder.php(1127): tap(Object(App\\Models\\Tenant), Object(Closure))
#12 /Users/ahmadmhala/Downloads/RestoFy-main/vendor/laravel/framework/src/Illuminate/Database/Eloquent/Builder.php(634): Illuminate\\Database\\Eloquent\\Builder->create(Array)
#13 /Users/ahmadmhala/Downloads/RestoFy-main/vendor/laravel/framework/src/Illuminate/Database/Eloquent/Builder.php(1864): Illuminate\\Database\\Eloquent\\Builder->{closure:Illuminate\\Database\\Eloquent\\Builder::createOrFirst():634}()
#14 /Users/ahmadmhala/Downloads/RestoFy-main/vendor/laravel/framework/src/Illuminate/Database/Eloquent/Builder.php(634): Illuminate\\Database\\Eloquent\\Builder->withSavepointIfNeeded(Object(Closure))
#15 /Users/ahmadmhala/Downloads/RestoFy-main/vendor/laravel/framework/src/Illuminate/Database/Eloquent/Builder.php(621): Illuminate\\Database\\Eloquent\\Builder->createOrFirst(Array, Array)
#16 /Users/ahmadmhala/Downloads/RestoFy-main/vendor/laravel/framework/src/Illuminate/Support/Traits/ForwardsCalls.php(23): Illuminate\\Database\\Eloquent\\Builder->firstOrCreate(Array, Array)
#17 /Users/ahmadmhala/Downloads/RestoFy-main/vendor/laravel/framework/src/Illuminate/Database/Eloquent/Model.php(2372): Illuminate\\Database\\Eloquent\\Model->forwardCallTo(Object(Illuminate\\Database\\Eloquent\\Builder), 'firstOrCreate', Array)
#18 /Users/ahmadmhala/Downloads/RestoFy-main/vendor/laravel/framework/src/Illuminate/Database/Eloquent/Model.php(2384): Illuminate\\Database\\Eloquent\\Model->__call('firstOrCreate', Array)
#19 /Users/ahmadmhala/Downloads/RestoFy-main/database/seeders/TenantSeeder.php(27): Illuminate\\Database\\Eloquent\\Model::__callStatic('firstOrCreate', Array)
#20 /Users/ahmadmhala/Downloads/RestoFy-main/vendor/laravel/framework/src/Illuminate/Container/BoundMethod.php(36): Database\\Seeders\\TenantSeeder->run()
#21 /Users/ahmadmhala/Downloads/RestoFy-main/vendor/laravel/framework/src/Illuminate/Container/Util.php(43): Illuminate\\Container\\BoundMethod::{closure:Illuminate\\Container\\BoundMethod::call():35}()
#22 /Users/ahmadmhala/Downloads/RestoFy-main/vendor/laravel/framework/src/Illuminate/Container/BoundMethod.php(95): Illuminate\\Container\\Util::unwrapIfClosure(Object(Closure))
#23 /Users/ahmadmhala/Downloads/RestoFy-main/vendor/laravel/framework/src/Illuminate/Container/BoundMethod.php(35): Illuminate\\Container\\BoundMethod::callBoundMethod(Object(Illuminate\\Foundation\\Application), Array, Object(Closure))
#24 /Users/ahmadmhala/Downloads/RestoFy-main/vendor/laravel/framework/src/Illuminate/Container/Container.php(696): Illuminate\\Container\\BoundMethod::call(Object(Illuminate\\Foundation\\Application), Array, Array, NULL)
#25 /Users/ahmadmhala/Downloads/RestoFy-main/vendor/laravel/framework/src/Illuminate/Database/Seeder.php(188): Illuminate\\Container\\Container->call(Array, Array)
#26 /Users/ahmadmhala/Downloads/RestoFy-main/vendor/laravel/framework/src/Illuminate/Database/Seeder.php(197): Illuminate\\Database\\Seeder->{closure:Illuminate\\Database\\Seeder::__invoke():187}()
#27 /Users/ahmadmhala/Downloads/RestoFy-main/vendor/laravel/framework/src/Illuminate/Database/Console/Seeds/SeedCommand.php(70): Illuminate\\Database\\Seeder->__invoke()
#28 /Users/ahmadmhala/Downloads/RestoFy-main/vendor/laravel/framework/src/Illuminate/Database/Eloquent/Concerns/GuardsAttributes.php(155): Illuminate\\Database\\Console\\Seeds\\SeedCommand->{closure:Illuminate\\Database\\Console\\Seeds\\SeedCommand::handle():69}()
#29 /Users/ahmadmhala/Downloads/RestoFy-main/vendor/laravel/framework/src/Illuminate/Database/Console/Seeds/SeedCommand.php(69): Illuminate\\Database\\Eloquent\\Model::unguarded(Object(Closure))
#30 /Users/ahmadmhala/Downloads/RestoFy-main/vendor/laravel/framework/src/Illuminate/Container/BoundMethod.php(36): Illuminate\\Database\\Console\\Seeds\\SeedCommand->handle()
#31 /Users/ahmadmhala/Downloads/RestoFy-main/vendor/laravel/framework/src/Illuminate/Container/Util.php(43): Illuminate\\Container\\BoundMethod::{closure:Illuminate\\Container\\BoundMethod::call():35}()
#32 /Users/ahmadmhala/Downloads/RestoFy-main/vendor/laravel/framework/src/Illuminate/Container/BoundMethod.php(95): Illuminate\\Container\\Util::unwrapIfClosure(Object(Closure))
#33 /Users/ahmadmhala/Downloads/RestoFy-main/vendor/laravel/framework/src/Illuminate/Container/BoundMethod.php(35): Illuminate\\Container\\BoundMethod::callBoundMethod(Object(Illuminate\\Foundation\\Application), Array, Object(Closure))
#34 /Users/ahmadmhala/Downloads/RestoFy-main/vendor/laravel/framework/src/Illuminate/Container/Container.php(696): Illuminate\\Container\\BoundMethod::call(Object(Illuminate\\Foundation\\Application), Array, Array, NULL)
#35 /Users/ahmadmhala/Downloads/RestoFy-main/vendor/laravel/framework/src/Illuminate/Console/Command.php(213): Illuminate\\Container\\Container->call(Array)
#36 /Users/ahmadmhala/Downloads/RestoFy-main/vendor/symfony/console/Command/Command.php(318): Illuminate\\Console\\Command->execute(Object(Symfony\\Component\\Console\\Input\\ArgvInput), Object(Illuminate\\Console\\OutputStyle))
#37 /Users/ahmadmhala/Downloads/RestoFy-main/vendor/laravel/framework/src/Illuminate/Console/Command.php(182): Symfony\\Component\\Console\\Command\\Command->run(Object(Symfony\\Component\\Console\\Input\\ArgvInput), Object(Illuminate\\Console\\OutputStyle))
#38 /Users/ahmadmhala/Downloads/RestoFy-main/vendor/symfony/console/Application.php(1073): Illuminate\\Console\\Command->run(Object(Symfony\\Component\\Console\\Input\\ArgvInput), Object(Symfony\\Component\\Console\\Output\\ConsoleOutput))
#39 /Users/ahmadmhala/Downloads/RestoFy-main/vendor/symfony/console/Application.php(356): Symfony\\Component\\Console\\Application->doRunCommand(Object(Illuminate\\Database\\Console\\Seeds\\SeedCommand), Object(Symfony\\Component\\Console\\Input\\ArgvInput), Object(Symfony\\Component\\Console\\Output\\ConsoleOutput))
#40 /Users/ahmadmhala/Downloads/RestoFy-main/vendor/symfony/console/Application.php(195): Symfony\\Component\\Console\\Application->doRun(Object(Symfony\\Component\\Console\\Input\\ArgvInput), Object(Symfony\\Component\\Console\\Output\\ConsoleOutput))
#41 /Users/ahmadmhala/Downloads/RestoFy-main/vendor/laravel/framework/src/Illuminate/Foundation/Console/Kernel.php(198): Symfony\\Component\\Console\\Application->run(Object(Symfony\\Component\\Console\\Input\\ArgvInput), Object(Symfony\\Component\\Console\\Output\\ConsoleOutput))
#42 /Users/ahmadmhala/Downloads/RestoFy-main/vendor/laravel/framework/src/Illuminate/Foundation/Application.php(1235): Illuminate\\Foundation\\Console\\Kernel->handle(Object(Symfony\\Component\\Console\\Input\\ArgvInput), Object(Symfony\\Component\\Console\\Output\\ConsoleOutput))
#43 /Users/ahmadmhala/Downloads/RestoFy-main/artisan(13): Illuminate\\Foundation\\Application->handleCommand(Object(Symfony\\Component\\Console\\Input\\ArgvInput))
#44 {main}
"} 
[2025-12-12 09:17:00] local.ERROR: SQLSTATE[23503]: Foreign key violation: 7 ERROR:  insert or update on table "tenants" violates foreign key constraint "tenants_plan_id_foreign"
DETAIL:  Key (plan_id)=(2) is not present in table "plans". (Connection: pgsql, SQL: insert into "tenants" ("id", "identifier", "plan_id", "subscription_status", "subscription_ends_at", "data", "updated_at", "created_at") values (demo, demo, 2, active, 2026-12-12 09:17:00, [], 2025-12-12 09:17:00, 2025-12-12 09:17:00)) {"exception":"[object] (Illuminate\\Database\\QueryException(code: 23503): SQLSTATE[23503]: Foreign key violation: 7 ERROR:  insert or update on table \"tenants\" violates foreign key constraint \"tenants_plan_id_foreign\"
DETAIL:  Key (plan_id)=(2) is not present in table \"plans\". (Connection: pgsql, SQL: insert into \"tenants\" (\"id\", \"identifier\", \"plan_id\", \"subscription_status\", \"subscription_ends_at\", \"data\", \"updated_at\", \"created_at\") values (demo, demo, 2, active, 2026-12-12 09:17:00, [], 2025-12-12 09:17:00, 2025-12-12 09:17:00)) at /Users/ahmadmhala/Downloads/RestoFy-main/vendor/laravel/framework/src/Illuminate/Database/Connection.php:825)
[stacktrace]
#0 /Users/ahmadmhala/Downloads/RestoFy-main/vendor/laravel/framework/src/Illuminate/Database/Connection.php(779): Illuminate\\Database\\Connection->runQueryCallback('insert into \"te...', Array, Object(Closure))
#1 /Users/ahmadmhala/Downloads/RestoFy-main/vendor/laravel/framework/src/Illuminate/Database/Connection.php(560): Illuminate\\Database\\Connection->run('insert into \"te...', Array, Object(Closure))
#2 /Users/ahmadmhala/Downloads/RestoFy-main/vendor/laravel/framework/src/Illuminate/Database/Connection.php(524): Illuminate\\Database\\Connection->statement('insert into \"te...', Array)
#3 /Users/ahmadmhala/Downloads/RestoFy-main/vendor/laravel/framework/src/Illuminate/Database/Query/Builder.php(3717): Illuminate\\Database\\Connection->insert('insert into \"te...', Array)
#4 /Users/ahmadmhala/Downloads/RestoFy-main/vendor/laravel/framework/src/Illuminate/Database/Eloquent/Builder.php(2120): Illuminate\\Database\\Query\\Builder->insert(Array)
#5 /Users/ahmadmhala/Downloads/RestoFy-main/vendor/laravel/framework/src/Illuminate/Database/Eloquent/Model.php(1335): Illuminate\\Database\\Eloquent\\Builder->__call('insert', Array)
#6 /Users/ahmadmhala/Downloads/RestoFy-main/vendor/laravel/framework/src/Illuminate/Database/Eloquent/Model.php(1163): Illuminate\\Database\\Eloquent\\Model->performInsert(Object(Illuminate\\Database\\Eloquent\\Builder))
#7 /Users/ahmadmhala/Downloads/RestoFy-main/vendor/laravel/framework/src/Illuminate/Database/Eloquent/Builder.php(1128): Illuminate\\Database\\Eloquent\\Model->save()
#8 /Users/ahmadmhala/Downloads/RestoFy-main/vendor/laravel/framework/src/Illuminate/Support/helpers.php(399): Illuminate\\Database\\Eloquent\\Builder->{closure:Illuminate\\Database\\Eloquent\\Builder::create():1127}(Object(App\\Models\\Tenant))
#9 /Users/ahmadmhala/Downloads/RestoFy-main/vendor/laravel/framework/src/Illuminate/Database/Eloquent/Builder.php(1127): tap(Object(App\\Models\\Tenant), Object(Closure))
#10 /Users/ahmadmhala/Downloads/RestoFy-main/vendor/laravel/framework/src/Illuminate/Database/Eloquent/Builder.php(634): Illuminate\\Database\\Eloquent\\Builder->create(Array)
#11 /Users/ahmadmhala/Downloads/RestoFy-main/vendor/laravel/framework/src/Illuminate/Database/Eloquent/Builder.php(1864): Illuminate\\Database\\Eloquent\\Builder->{closure:Illuminate\\Database\\Eloquent\\Builder::createOrFirst():634}()
#12 /Users/ahmadmhala/Downloads/RestoFy-main/vendor/laravel/framework/src/Illuminate/Database/Eloquent/Builder.php(634): Illuminate\\Database\\Eloquent\\Builder->withSavepointIfNeeded(Object(Closure))
#13 /Users/ahmadmhala/Downloads/RestoFy-main/vendor/laravel/framework/src/Illuminate/Database/Eloquent/Builder.php(621): Illuminate\\Database\\Eloquent\\Builder->createOrFirst(Array, Array)
#14 /Users/ahmadmhala/Downloads/RestoFy-main/vendor/laravel/framework/src/Illuminate/Support/Traits/ForwardsCalls.php(23): Illuminate\\Database\\Eloquent\\Builder->firstOrCreate(Array, Array)
#15 /Users/ahmadmhala/Downloads/RestoFy-main/vendor/laravel/framework/src/Illuminate/Database/Eloquent/Model.php(2372): Illuminate\\Database\\Eloquent\\Model->forwardCallTo(Object(Illuminate\\Database\\Eloquent\\Builder), 'firstOrCreate', Array)
#16 /Users/ahmadmhala/Downloads/RestoFy-main/vendor/laravel/framework/src/Illuminate/Database/Eloquent/Model.php(2384): Illuminate\\Database\\Eloquent\\Model->__call('firstOrCreate', Array)
#17 /Users/ahmadmhala/Downloads/RestoFy-main/database/seeders/TenantSeeder.php(27): Illuminate\\Database\\Eloquent\\Model::__callStatic('firstOrCreate', Array)
#18 /Users/ahmadmhala/Downloads/RestoFy-main/vendor/laravel/framework/src/Illuminate/Container/BoundMethod.php(36): Database\\Seeders\\TenantSeeder->run()
#19 /Users/ahmadmhala/Downloads/RestoFy-main/vendor/laravel/framework/src/Illuminate/Container/Util.php(43): Illuminate\\Container\\BoundMethod::{closure:Illuminate\\Container\\BoundMethod::call():35}()
#20 /Users/ahmadmhala/Downloads/RestoFy-main/vendor/laravel/framework/src/Illuminate/Container/BoundMethod.php(95): Illuminate\\Container\\Util::unwrapIfClosure(Object(Closure))
#21 /Users/ahmadmhala/Downloads/RestoFy-main/vendor/laravel/framework/src/Illuminate/Container/BoundMethod.php(35): Illuminate\\Container\\BoundMethod::callBoundMethod(Object(Illuminate\\Foundation\\Application), Array, Object(Closure))
#22 /Users/ahmadmhala/Downloads/RestoFy-main/vendor/laravel/framework/src/Illuminate/Container/Container.php(696): Illuminate\\Container\\BoundMethod::call(Object(Illuminate\\Foundation\\Application), Array, Array, NULL)
#23 /Users/ahmadmhala/Downloads/RestoFy-main/vendor/laravel/framework/src/Illuminate/Database/Seeder.php(188): Illuminate\\Container\\Container->call(Array, Array)
#24 /Users/ahmadmhala/Downloads/RestoFy-main/vendor/laravel/framework/src/Illuminate/Database/Seeder.php(197): Illuminate\\Database\\Seeder->{closure:Illuminate\\Database\\Seeder::__invoke():187}()
#25 /Users/ahmadmhala/Downloads/RestoFy-main/vendor/laravel/framework/src/Illuminate/Database/Console/Seeds/SeedCommand.php(70): Illuminate\\Database\\Seeder->__invoke()
#26 /Users/ahmadmhala/Downloads/RestoFy-main/vendor/laravel/framework/src/Illuminate/Database/Eloquent/Concerns/GuardsAttributes.php(155): Illuminate\\Database\\Console\\Seeds\\SeedCommand->{closure:Illuminate\\Database\\Console\\Seeds\\SeedCommand::handle():69}()
#27 /Users/ahmadmhala/Downloads/RestoFy-main/vendor/laravel/framework/src/Illuminate/Database/Console/Seeds/SeedCommand.php(69): Illuminate\\Database\\Eloquent\\Model::unguarded(Object(Closure))
#28 /Users/ahmadmhala/Downloads/RestoFy-main/vendor/laravel/framework/src/Illuminate/Container/BoundMethod.php(36): Illuminate\\Database\\Console\\Seeds\\SeedCommand->handle()
#29 /Users/ahmadmhala/Downloads/RestoFy-main/vendor/laravel/framework/src/Illuminate/Container/Util.php(43): Illuminate\\Container\\BoundMethod::{closure:Illuminate\\Container\\BoundMethod::call():35}()
#30 /Users/ahmadmhala/Downloads/RestoFy-main/vendor/laravel/framework/src/Illuminate/Container/BoundMethod.php(95): Illuminate\\Container\\Util::unwrapIfClosure(Object(Closure))
#31 /Users/ahmadmhala/Downloads/RestoFy-main/vendor/laravel/framework/src/Illuminate/Container/BoundMethod.php(35): Illuminate\\Container\\BoundMethod::callBoundMethod(Object(Illuminate\\Foundation\\Application), Array, Object(Closure))
#32 /Users/ahmadmhala/Downloads/RestoFy-main/vendor/laravel/framework/src/Illuminate/Container/Container.php(696): Illuminate\\Container\\BoundMethod::call(Object(Illuminate\\Foundation\\Application), Array, Array, NULL)
#33 /Users/ahmadmhala/Downloads/RestoFy-main/vendor/laravel/framework/src/Illuminate/Console/Command.php(213): Illuminate\\Container\\Container->call(Array)
#34 /Users/ahmadmhala/Downloads/RestoFy-main/vendor/symfony/console/Command/Command.php(318): Illuminate\\Console\\Command->execute(Object(Symfony\\Component\\Console\\Input\\ArgvInput), Object(Illuminate\\Console\\OutputStyle))
#35 /Users/ahmadmhala/Downloads/RestoFy-main/vendor/laravel/framework/src/Illuminate/Console/Command.php(182): Symfony\\Component\\Console\\Command\\Command->run(Object(Symfony\\Component\\Console\\Input\\ArgvInput), Object(Illuminate\\Console\\OutputStyle))
#36 /Users/ahmadmhala/Downloads/RestoFy-main/vendor/symfony/console/Application.php(1073): Illuminate\\Console\\Command->run(Object(Symfony\\Component\\Console\\Input\\ArgvInput), Object(Symfony\\Component\\Console\\Output\\ConsoleOutput))
#37 /Users/ahmadmhala/Downloads/RestoFy-main/vendor/symfony/console/Application.php(356): Symfony\\Component\\Console\\Application->doRunCommand(Object(Illuminate\\Database\\Console\\Seeds\\SeedCommand), Object(Symfony\\Component\\Console\\Input\\ArgvInput), Object(Symfony\\Component\\Console\\Output\\ConsoleOutput))
#38 /Users/ahmadmhala/Downloads/RestoFy-main/vendor/symfony/console/Application.php(195): Symfony\\Component\\Console\\Application->doRun(Object(Symfony\\Component\\Console\\Input\\ArgvInput), Object(Symfony\\Component\\Console\\Output\\ConsoleOutput))
#39 /Users/ahmadmhala/Downloads/RestoFy-main/vendor/laravel/framework/src/Illuminate/Foundation/Console/Kernel.php(198): Symfony\\Component\\Console\\Application->run(Object(Symfony\\Component\\Console\\Input\\ArgvInput), Object(Symfony\\Component\\Console\\Output\\ConsoleOutput))
#40 /Users/ahmadmhala/Downloads/RestoFy-main/vendor/laravel/framework/src/Illuminate/Foundation/Application.php(1235): Illuminate\\Foundation\\Console\\Kernel->handle(Object(Symfony\\Component\\Console\\Input\\ArgvInput), Object(Symfony\\Component\\Console\\Output\\ConsoleOutput))
#41 /Users/ahmadmhala/Downloads/RestoFy-main/artisan(13): Illuminate\\Foundation\\Application->handleCommand(Object(Symfony\\Component\\Console\\Input\\ArgvInput))
#42 {main}

[previous exception] [object] (PDOException(code: 23503): SQLSTATE[23503]: Foreign key violation: 7 ERROR:  insert or update on table \"tenants\" violates foreign key constraint \"tenants_plan_id_foreign\"
DETAIL:  Key (plan_id)=(2) is not present in table \"plans\". at /Users/ahmadmhala/Downloads/RestoFy-main/vendor/laravel/framework/src/Illuminate/Database/Connection.php:571)
[stacktrace]
#0 /Users/ahmadmhala/Downloads/RestoFy-main/vendor/laravel/framework/src/Illuminate/Database/Connection.php(571): PDOStatement->execute()
#1 /Users/ahmadmhala/Downloads/RestoFy-main/vendor/laravel/framework/src/Illuminate/Database/Connection.php(812): Illuminate\\Database\\Connection->{closure:Illuminate\\Database\\Connection::statement():560}('insert into \"te...', Array)
#2 /Users/ahmadmhala/Downloads/RestoFy-main/vendor/laravel/framework/src/Illuminate/Database/Connection.php(779): Illuminate\\Database\\Connection->runQueryCallback('insert into \"te...', Array, Object(Closure))
#3 /Users/ahmadmhala/Downloads/RestoFy-main/vendor/laravel/framework/src/Illuminate/Database/Connection.php(560): Illuminate\\Database\\Connection->run('insert into \"te...', Array, Object(Closure))
#4 /Users/ahmadmhala/Downloads/RestoFy-main/vendor/laravel/framework/src/Illuminate/Database/Connection.php(524): Illuminate\\Database\\Connection->statement('insert into \"te...', Array)
#5 /Users/ahmadmhala/Downloads/RestoFy-main/vendor/laravel/framework/src/Illuminate/Database/Query/Builder.php(3717): Illuminate\\Database\\Connection->insert('insert into \"te...', Array)
#6 /Users/ahmadmhala/Downloads/RestoFy-main/vendor/laravel/framework/src/Illuminate/Database/Eloquent/Builder.php(2120): Illuminate\\Database\\Query\\Builder->insert(Array)
#7 /Users/ahmadmhala/Downloads/RestoFy-main/vendor/laravel/framework/src/Illuminate/Database/Eloquent/Model.php(1335): Illuminate\\Database\\Eloquent\\Builder->__call('insert', Array)
#8 /Users/ahmadmhala/Downloads/RestoFy-main/vendor/laravel/framework/src/Illuminate/Database/Eloquent/Model.php(1163): Illuminate\\Database\\Eloquent\\Model->performInsert(Object(Illuminate\\Database\\Eloquent\\Builder))
#9 /Users/ahmadmhala/Downloads/RestoFy-main/vendor/laravel/framework/src/Illuminate/Database/Eloquent/Builder.php(1128): Illuminate\\Database\\Eloquent\\Model->save()
#10 /Users/ahmadmhala/Downloads/RestoFy-main/vendor/laravel/framework/src/Illuminate/Support/helpers.php(399): Illuminate\\Database\\Eloquent\\Builder->{closure:Illuminate\\Database\\Eloquent\\Builder::create():1127}(Object(App\\Models\\Tenant))
#11 /Users/ahmadmhala/Downloads/RestoFy-main/vendor/laravel/framework/src/Illuminate/Database/Eloquent/Builder.php(1127): tap(Object(App\\Models\\Tenant), Object(Closure))
#12 /Users/ahmadmhala/Downloads/RestoFy-main/vendor/laravel/framework/src/Illuminate/Database/Eloquent/Builder.php(634): Illuminate\\Database\\Eloquent\\Builder->create(Array)
#13 /Users/ahmadmhala/Downloads/RestoFy-main/vendor/laravel/framework/src/Illuminate/Database/Eloquent/Builder.php(1864): Illuminate\\Database\\Eloquent\\Builder->{closure:Illuminate\\Database\\Eloquent\\Builder::createOrFirst():634}()
#14 /Users/ahmadmhala/Downloads/RestoFy-main/vendor/laravel/framework/src/Illuminate/Database/Eloquent/Builder.php(634): Illuminate\\Database\\Eloquent\\Builder->withSavepointIfNeeded(Object(Closure))
#15 /Users/ahmadmhala/Downloads/RestoFy-main/vendor/laravel/framework/src/Illuminate/Database/Eloquent/Builder.php(621): Illuminate\\Database\\Eloquent\\Builder->createOrFirst(Array, Array)
#16 /Users/ahmadmhala/Downloads/RestoFy-main/vendor/laravel/framework/src/Illuminate/Support/Traits/ForwardsCalls.php(23): Illuminate\\Database\\Eloquent\\Builder->firstOrCreate(Array, Array)
#17 /Users/ahmadmhala/Downloads/RestoFy-main/vendor/laravel/framework/src/Illuminate/Database/Eloquent/Model.php(2372): Illuminate\\Database\\Eloquent\\Model->forwardCallTo(Object(Illuminate\\Database\\Eloquent\\Builder), 'firstOrCreate', Array)
#18 /Users/ahmadmhala/Downloads/RestoFy-main/vendor/laravel/framework/src/Illuminate/Database/Eloquent/Model.php(2384): Illuminate\\Database\\Eloquent\\Model->__call('firstOrCreate', Array)
#19 /Users/ahmadmhala/Downloads/RestoFy-main/database/seeders/TenantSeeder.php(27): Illuminate\\Database\\Eloquent\\Model::__callStatic('firstOrCreate', Array)
#20 /Users/ahmadmhala/Downloads/RestoFy-main/vendor/laravel/framework/src/Illuminate/Container/BoundMethod.php(36): Database\\Seeders\\TenantSeeder->run()
#21 /Users/ahmadmhala/Downloads/RestoFy-main/vendor/laravel/framework/src/Illuminate/Container/Util.php(43): Illuminate\\Container\\BoundMethod::{closure:Illuminate\\Container\\BoundMethod::call():35}()
#22 /Users/ahmadmhala/Downloads/RestoFy-main/vendor/laravel/framework/src/Illuminate/Container/BoundMethod.php(95): Illuminate\\Container\\Util::unwrapIfClosure(Object(Closure))
#23 /Users/ahmadmhala/Downloads/RestoFy-main/vendor/laravel/framework/src/Illuminate/Container/BoundMethod.php(35): Illuminate\\Container\\BoundMethod::callBoundMethod(Object(Illuminate\\Foundation\\Application), Array, Object(Closure))
#24 /Users/ahmadmhala/Downloads/RestoFy-main/vendor/laravel/framework/src/Illuminate/Container/Container.php(696): Illuminate\\Container\\BoundMethod::call(Object(Illuminate\\Foundation\\Application), Array, Array, NULL)
#25 /Users/ahmadmhala/Downloads/RestoFy-main/vendor/laravel/framework/src/Illuminate/Database/Seeder.php(188): Illuminate\\Container\\Container->call(Array, Array)
#26 /Users/ahmadmhala/Downloads/RestoFy-main/vendor/laravel/framework/src/Illuminate/Database/Seeder.php(197): Illuminate\\Database\\Seeder->{closure:Illuminate\\Database\\Seeder::__invoke():187}()
#27 /Users/ahmadmhala/Downloads/RestoFy-main/vendor/laravel/framework/src/Illuminate/Database/Console/Seeds/SeedCommand.php(70): Illuminate\\Database\\Seeder->__invoke()
#28 /Users/ahmadmhala/Downloads/RestoFy-main/vendor/laravel/framework/src/Illuminate/Database/Eloquent/Concerns/GuardsAttributes.php(155): Illuminate\\Database\\Console\\Seeds\\SeedCommand->{closure:Illuminate\\Database\\Console\\Seeds\\SeedCommand::handle():69}()
#29 /Users/ahmadmhala/Downloads/RestoFy-main/vendor/laravel/framework/src/Illuminate/Database/Console/Seeds/SeedCommand.php(69): Illuminate\\Database\\Eloquent\\Model::unguarded(Object(Closure))
#30 /Users/ahmadmhala/Downloads/RestoFy-main/vendor/laravel/framework/src/Illuminate/Container/BoundMethod.php(36): Illuminate\\Database\\Console\\Seeds\\SeedCommand->handle()
#31 /Users/ahmadmhala/Downloads/RestoFy-main/vendor/laravel/framework/src/Illuminate/Container/Util.php(43): Illuminate\\Container\\BoundMethod::{closure:Illuminate\\Container\\BoundMethod::call():35}()
#32 /Users/ahmadmhala/Downloads/RestoFy-main/vendor/laravel/framework/src/Illuminate/Container/BoundMethod.php(95): Illuminate\\Container\\Util::unwrapIfClosure(Object(Closure))
#33 /Users/ahmadmhala/Downloads/RestoFy-main/vendor/laravel/framework/src/Illuminate/Container/BoundMethod.php(35): Illuminate\\Container\\BoundMethod::callBoundMethod(Object(Illuminate\\Foundation\\Application), Array, Object(Closure))
#34 /Users/ahmadmhala/Downloads/RestoFy-main/vendor/laravel/framework/src/Illuminate/Container/Container.php(696): Illuminate\\Container\\BoundMethod::call(Object(Illuminate\\Foundation\\Application), Array, Array, NULL)
#35 /Users/ahmadmhala/Downloads/RestoFy-main/vendor/laravel/framework/src/Illuminate/Console/Command.php(213): Illuminate\\Container\\Container->call(Array)
#36 /Users/ahmadmhala/Downloads/RestoFy-main/vendor/symfony/console/Command/Command.php(318): Illuminate\\Console\\Command->execute(Object(Symfony\\Component\\Console\\Input\\ArgvInput), Object(Illuminate\\Console\\OutputStyle))
#37 /Users/ahmadmhala/Downloads/RestoFy-main/vendor/laravel/framework/src/Illuminate/Console/Command.php(182): Symfony\\Component\\Console\\Command\\Command->run(Object(Symfony\\Component\\Console\\Input\\ArgvInput), Object(Illuminate\\Console\\OutputStyle))
#38 /Users/ahmadmhala/Downloads/RestoFy-main/vendor/symfony/console/Application.php(1073): Illuminate\\Console\\Command->run(Object(Symfony\\Component\\Console\\Input\\ArgvInput), Object(Symfony\\Component\\Console\\Output\\ConsoleOutput))
#39 /Users/ahmadmhala/Downloads/RestoFy-main/vendor/symfony/console/Application.php(356): Symfony\\Component\\Console\\Application->doRunCommand(Object(Illuminate\\Database\\Console\\Seeds\\SeedCommand), Object(Symfony\\Component\\Console\\Input\\ArgvInput), Object(Symfony\\Component\\Console\\Output\\ConsoleOutput))
#40 /Users/ahmadmhala/Downloads/RestoFy-main/vendor/symfony/console/Application.php(195): Symfony\\Component\\Console\\Application->doRun(Object(Symfony\\Component\\Console\\Input\\ArgvInput), Object(Symfony\\Component\\Console\\Output\\ConsoleOutput))
#41 /Users/ahmadmhala/Downloads/RestoFy-main/vendor/laravel/framework/src/Illuminate/Foundation/Console/Kernel.php(198): Symfony\\Component\\Console\\Application->run(Object(Symfony\\Component\\Console\\Input\\ArgvInput), Object(Symfony\\Component\\Console\\Output\\ConsoleOutput))
#42 /Users/ahmadmhala/Downloads/RestoFy-main/vendor/laravel/framework/src/Illuminate/Foundation/Application.php(1235): Illuminate\\Foundation\\Console\\Kernel->handle(Object(Symfony\\Component\\Console\\Input\\ArgvInput), Object(Symfony\\Component\\Console\\Output\\ConsoleOutput))
#43 /Users/ahmadmhala/Downloads/RestoFy-main/artisan(13): Illuminate\\Foundation\\Application->handleCommand(Object(Symfony\\Component\\Console\\Input\\ArgvInput))
#44 {main}
"} 
[2025-12-12 09:17:12] local.ERROR: SQLSTATE[23505]: Unique violation: 7 ERROR:  duplicate key value violates unique constraint "plans_slug_unique"
DETAIL:  Key (slug)=(basic) already exists. (Connection: pgsql, SQL: insert into "plans" ("name", "slug", "price_monthly", "price_yearly", "currency", "features", "is_active", "updated_at", "created_at") values (Basic, basic, 99, 990, AED, ["1 restaurant","Up to 5 staff members","Basic menu management","Order tracking","Email support"], 1, 2025-12-12 09:17:12, 2025-12-12 09:17:12) returning "id") {"exception":"[object] (Illuminate\\Database\\UniqueConstraintViolationException(code: 23505): SQLSTATE[23505]: Unique violation: 7 ERROR:  duplicate key value violates unique constraint \"plans_slug_unique\"
DETAIL:  Key (slug)=(basic) already exists. (Connection: pgsql, SQL: insert into \"plans\" (\"name\", \"slug\", \"price_monthly\", \"price_yearly\", \"currency\", \"features\", \"is_active\", \"updated_at\", \"created_at\") values (Basic, basic, 99, 990, AED, [\"1 restaurant\",\"Up to 5 staff members\",\"Basic menu management\",\"Order tracking\",\"Email support\"], 1, 2025-12-12 09:17:12, 2025-12-12 09:17:12) returning \"id\") at /Users/ahmadmhala/Downloads/RestoFy-main/vendor/laravel/framework/src/Illuminate/Database/Connection.php:820)
[stacktrace]
#0 /Users/ahmadmhala/Downloads/RestoFy-main/vendor/laravel/framework/src/Illuminate/Database/Connection.php(779): Illuminate\\Database\\Connection->runQueryCallback('insert into \"pl...', Array, Object(Closure))
#1 /Users/ahmadmhala/Downloads/RestoFy-main/vendor/laravel/framework/src/Illuminate/Database/Connection.php(398): Illuminate\\Database\\Connection->run('insert into \"pl...', Array, Object(Closure))
#2 /Users/ahmadmhala/Downloads/RestoFy-main/vendor/laravel/framework/src/Illuminate/Database/Connection.php(385): Illuminate\\Database\\Connection->select('insert into \"pl...', Array, false)
#3 /Users/ahmadmhala/Downloads/RestoFy-main/vendor/laravel/framework/src/Illuminate/Database/Query/Processors/PostgresProcessor.php(24): Illuminate\\Database\\Connection->selectFromWriteConnection('insert into \"pl...', Array)
#4 /Users/ahmadmhala/Downloads/RestoFy-main/vendor/laravel/framework/src/Illuminate/Database/Query/Builder.php(3766): Illuminate\\Database\\Query\\Processors\\PostgresProcessor->processInsertGetId(Object(Illuminate\\Database\\Query\\Builder), 'insert into \"pl...', Array, 'id')
#5 /Users/ahmadmhala/Downloads/RestoFy-main/vendor/laravel/framework/src/Illuminate/Database/Eloquent/Builder.php(2120): Illuminate\\Database\\Query\\Builder->insertGetId(Array, 'id')
#6 /Users/ahmadmhala/Downloads/RestoFy-main/vendor/laravel/framework/src/Illuminate/Database/Eloquent/Model.php(1359): Illuminate\\Database\\Eloquent\\Builder->__call('insertGetId', Array)
#7 /Users/ahmadmhala/Downloads/RestoFy-main/vendor/laravel/framework/src/Illuminate/Database/Eloquent/Model.php(1324): Illuminate\\Database\\Eloquent\\Model->insertAndSetId(Object(Illuminate\\Database\\Eloquent\\Builder), Array)
#8 /Users/ahmadmhala/Downloads/RestoFy-main/vendor/laravel/framework/src/Illuminate/Database/Eloquent/Model.php(1163): Illuminate\\Database\\Eloquent\\Model->performInsert(Object(Illuminate\\Database\\Eloquent\\Builder))
#9 /Users/ahmadmhala/Downloads/RestoFy-main/vendor/laravel/framework/src/Illuminate/Database/Eloquent/Builder.php(1128): Illuminate\\Database\\Eloquent\\Model->save()
#10 /Users/ahmadmhala/Downloads/RestoFy-main/vendor/laravel/framework/src/Illuminate/Support/helpers.php(399): Illuminate\\Database\\Eloquent\\Builder->{closure:Illuminate\\Database\\Eloquent\\Builder::create():1127}(Object(App\\Models\\Plan))
#11 /Users/ahmadmhala/Downloads/RestoFy-main/vendor/laravel/framework/src/Illuminate/Database/Eloquent/Builder.php(1127): tap(Object(App\\Models\\Plan), Object(Closure))
#12 /Users/ahmadmhala/Downloads/RestoFy-main/vendor/laravel/framework/src/Illuminate/Support/Traits/ForwardsCalls.php(23): Illuminate\\Database\\Eloquent\\Builder->create(Array)
#13 /Users/ahmadmhala/Downloads/RestoFy-main/vendor/laravel/framework/src/Illuminate/Database/Eloquent/Model.php(2372): Illuminate\\Database\\Eloquent\\Model->forwardCallTo(Object(Illuminate\\Database\\Eloquent\\Builder), 'create', Array)
#14 /Users/ahmadmhala/Downloads/RestoFy-main/vendor/laravel/framework/src/Illuminate/Database/Eloquent/Model.php(2384): Illuminate\\Database\\Eloquent\\Model->__call('create', Array)
#15 /Users/ahmadmhala/Downloads/RestoFy-main/database/seeders/PlanSeeder.php(67): Illuminate\\Database\\Eloquent\\Model::__callStatic('create', Array)
#16 /Users/ahmadmhala/Downloads/RestoFy-main/vendor/laravel/framework/src/Illuminate/Container/BoundMethod.php(36): Database\\Seeders\\PlanSeeder->run()
#17 /Users/ahmadmhala/Downloads/RestoFy-main/vendor/laravel/framework/src/Illuminate/Container/Util.php(43): Illuminate\\Container\\BoundMethod::{closure:Illuminate\\Container\\BoundMethod::call():35}()
#18 /Users/ahmadmhala/Downloads/RestoFy-main/vendor/laravel/framework/src/Illuminate/Container/BoundMethod.php(95): Illuminate\\Container\\Util::unwrapIfClosure(Object(Closure))
#19 /Users/ahmadmhala/Downloads/RestoFy-main/vendor/laravel/framework/src/Illuminate/Container/BoundMethod.php(35): Illuminate\\Container\\BoundMethod::callBoundMethod(Object(Illuminate\\Foundation\\Application), Array, Object(Closure))
#20 /Users/ahmadmhala/Downloads/RestoFy-main/vendor/laravel/framework/src/Illuminate/Container/Container.php(696): Illuminate\\Container\\BoundMethod::call(Object(Illuminate\\Foundation\\Application), Array, Array, NULL)
#21 /Users/ahmadmhala/Downloads/RestoFy-main/vendor/laravel/framework/src/Illuminate/Database/Seeder.php(188): Illuminate\\Container\\Container->call(Array, Array)
#22 /Users/ahmadmhala/Downloads/RestoFy-main/vendor/laravel/framework/src/Illuminate/Database/Seeder.php(197): Illuminate\\Database\\Seeder->{closure:Illuminate\\Database\\Seeder::__invoke():187}()
#23 /Users/ahmadmhala/Downloads/RestoFy-main/vendor/laravel/framework/src/Illuminate/Database/Console/Seeds/SeedCommand.php(70): Illuminate\\Database\\Seeder->__invoke()
#24 /Users/ahmadmhala/Downloads/RestoFy-main/vendor/laravel/framework/src/Illuminate/Database/Eloquent/Concerns/GuardsAttributes.php(155): Illuminate\\Database\\Console\\Seeds\\SeedCommand->{closure:Illuminate\\Database\\Console\\Seeds\\SeedCommand::handle():69}()
#25 /Users/ahmadmhala/Downloads/RestoFy-main/vendor/laravel/framework/src/Illuminate/Database/Console/Seeds/SeedCommand.php(69): Illuminate\\Database\\Eloquent\\Model::unguarded(Object(Closure))
#26 /Users/ahmadmhala/Downloads/RestoFy-main/vendor/laravel/framework/src/Illuminate/Container/BoundMethod.php(36): Illuminate\\Database\\Console\\Seeds\\SeedCommand->handle()
#27 /Users/ahmadmhala/Downloads/RestoFy-main/vendor/laravel/framework/src/Illuminate/Container/Util.php(43): Illuminate\\Container\\BoundMethod::{closure:Illuminate\\Container\\BoundMethod::call():35}()
#28 /Users/ahmadmhala/Downloads/RestoFy-main/vendor/laravel/framework/src/Illuminate/Container/BoundMethod.php(95): Illuminate\\Container\\Util::unwrapIfClosure(Object(Closure))
#29 /Users/ahmadmhala/Downloads/RestoFy-main/vendor/laravel/framework/src/Illuminate/Container/BoundMethod.php(35): Illuminate\\Container\\BoundMethod::callBoundMethod(Object(Illuminate\\Foundation\\Application), Array, Object(Closure))
#30 /Users/ahmadmhala/Downloads/RestoFy-main/vendor/laravel/framework/src/Illuminate/Container/Container.php(696): Illuminate\\Container\\BoundMethod::call(Object(Illuminate\\Foundation\\Application), Array, Array, NULL)
#31 /Users/ahmadmhala/Downloads/RestoFy-main/vendor/laravel/framework/src/Illuminate/Console/Command.php(213): Illuminate\\Container\\Container->call(Array)
#32 /Users/ahmadmhala/Downloads/RestoFy-main/vendor/symfony/console/Command/Command.php(318): Illuminate\\Console\\Command->execute(Object(Symfony\\Component\\Console\\Input\\ArgvInput), Object(Illuminate\\Console\\OutputStyle))
#33 /Users/ahmadmhala/Downloads/RestoFy-main/vendor/laravel/framework/src/Illuminate/Console/Command.php(182): Symfony\\Component\\Console\\Command\\Command->run(Object(Symfony\\Component\\Console\\Input\\ArgvInput), Object(Illuminate\\Console\\OutputStyle))
#34 /Users/ahmadmhala/Downloads/RestoFy-main/vendor/symfony/console/Application.php(1073): Illuminate\\Console\\Command->run(Object(Symfony\\Component\\Console\\Input\\ArgvInput), Object(Symfony\\Component\\Console\\Output\\ConsoleOutput))
#35 /Users/ahmadmhala/Downloads/RestoFy-main/vendor/symfony/console/Application.php(356): Symfony\\Component\\Console\\Application->doRunCommand(Object(Illuminate\\Database\\Console\\Seeds\\SeedCommand), Object(Symfony\\Component\\Console\\Input\\ArgvInput), Object(Symfony\\Component\\Console\\Output\\ConsoleOutput))
#36 /Users/ahmadmhala/Downloads/RestoFy-main/vendor/symfony/console/Application.php(195): Symfony\\Component\\Console\\Application->doRun(Object(Symfony\\Component\\Console\\Input\\ArgvInput), Object(Symfony\\Component\\Console\\Output\\ConsoleOutput))
#37 /Users/ahmadmhala/Downloads/RestoFy-main/vendor/laravel/framework/src/Illuminate/Foundation/Console/Kernel.php(198): Symfony\\Component\\Console\\Application->run(Object(Symfony\\Component\\Console\\Input\\ArgvInput), Object(Symfony\\Component\\Console\\Output\\ConsoleOutput))
#38 /Users/ahmadmhala/Downloads/RestoFy-main/vendor/laravel/framework/src/Illuminate/Foundation/Application.php(1235): Illuminate\\Foundation\\Console\\Kernel->handle(Object(Symfony\\Component\\Console\\Input\\ArgvInput), Object(Symfony\\Component\\Console\\Output\\ConsoleOutput))
#39 /Users/ahmadmhala/Downloads/RestoFy-main/artisan(13): Illuminate\\Foundation\\Application->handleCommand(Object(Symfony\\Component\\Console\\Input\\ArgvInput))
#40 {main}

[previous exception] [object] (PDOException(code: 23505): SQLSTATE[23505]: Unique violation: 7 ERROR:  duplicate key value violates unique constraint \"plans_slug_unique\"
DETAIL:  Key (slug)=(basic) already exists. at /Users/ahmadmhala/Downloads/RestoFy-main/vendor/laravel/framework/src/Illuminate/Database/Connection.php:412)
[stacktrace]
#0 /Users/ahmadmhala/Downloads/RestoFy-main/vendor/laravel/framework/src/Illuminate/Database/Connection.php(412): PDOStatement->execute()
#1 /Users/ahmadmhala/Downloads/RestoFy-main/vendor/laravel/framework/src/Illuminate/Database/Connection.php(812): Illuminate\\Database\\Connection->{closure:Illuminate\\Database\\Connection::select():398}('insert into \"pl...', Array)
#2 /Users/ahmadmhala/Downloads/RestoFy-main/vendor/laravel/framework/src/Illuminate/Database/Connection.php(779): Illuminate\\Database\\Connection->runQueryCallback('insert into \"pl...', Array, Object(Closure))
#3 /Users/ahmadmhala/Downloads/RestoFy-main/vendor/laravel/framework/src/Illuminate/Database/Connection.php(398): Illuminate\\Database\\Connection->run('insert into \"pl...', Array, Object(Closure))
#4 /Users/ahmadmhala/Downloads/RestoFy-main/vendor/laravel/framework/src/Illuminate/Database/Connection.php(385): Illuminate\\Database\\Connection->select('insert into \"pl...', Array, false)
#5 /Users/ahmadmhala/Downloads/RestoFy-main/vendor/laravel/framework/src/Illuminate/Database/Query/Processors/PostgresProcessor.php(24): Illuminate\\Database\\Connection->selectFromWriteConnection('insert into \"pl...', Array)
#6 /Users/ahmadmhala/Downloads/RestoFy-main/vendor/laravel/framework/src/Illuminate/Database/Query/Builder.php(3766): Illuminate\\Database\\Query\\Processors\\PostgresProcessor->processInsertGetId(Object(Illuminate\\Database\\Query\\Builder), 'insert into \"pl...', Array, 'id')
#7 /Users/ahmadmhala/Downloads/RestoFy-main/vendor/laravel/framework/src/Illuminate/Database/Eloquent/Builder.php(2120): Illuminate\\Database\\Query\\Builder->insertGetId(Array, 'id')
#8 /Users/ahmadmhala/Downloads/RestoFy-main/vendor/laravel/framework/src/Illuminate/Database/Eloquent/Model.php(1359): Illuminate\\Database\\Eloquent\\Builder->__call('insertGetId', Array)
#9 /Users/ahmadmhala/Downloads/RestoFy-main/vendor/laravel/framework/src/Illuminate/Database/Eloquent/Model.php(1324): Illuminate\\Database\\Eloquent\\Model->insertAndSetId(Object(Illuminate\\Database\\Eloquent\\Builder), Array)
#10 /Users/ahmadmhala/Downloads/RestoFy-main/vendor/laravel/framework/src/Illuminate/Database/Eloquent/Model.php(1163): Illuminate\\Database\\Eloquent\\Model->performInsert(Object(Illuminate\\Database\\Eloquent\\Builder))
#11 /Users/ahmadmhala/Downloads/RestoFy-main/vendor/laravel/framework/src/Illuminate/Database/Eloquent/Builder.php(1128): Illuminate\\Database\\Eloquent\\Model->save()
#12 /Users/ahmadmhala/Downloads/RestoFy-main/vendor/laravel/framework/src/Illuminate/Support/helpers.php(399): Illuminate\\Database\\Eloquent\\Builder->{closure:Illuminate\\Database\\Eloquent\\Builder::create():1127}(Object(App\\Models\\Plan))
#13 /Users/ahmadmhala/Downloads/RestoFy-main/vendor/laravel/framework/src/Illuminate/Database/Eloquent/Builder.php(1127): tap(Object(App\\Models\\Plan), Object(Closure))
#14 /Users/ahmadmhala/Downloads/RestoFy-main/vendor/laravel/framework/src/Illuminate/Support/Traits/ForwardsCalls.php(23): Illuminate\\Database\\Eloquent\\Builder->create(Array)
#15 /Users/ahmadmhala/Downloads/RestoFy-main/vendor/laravel/framework/src/Illuminate/Database/Eloquent/Model.php(2372): Illuminate\\Database\\Eloquent\\Model->forwardCallTo(Object(Illuminate\\Database\\Eloquent\\Builder), 'create', Array)
#16 /Users/ahmadmhala/Downloads/RestoFy-main/vendor/laravel/framework/src/Illuminate/Database/Eloquent/Model.php(2384): Illuminate\\Database\\Eloquent\\Model->__call('create', Array)
#17 /Users/ahmadmhala/Downloads/RestoFy-main/database/seeders/PlanSeeder.php(67): Illuminate\\Database\\Eloquent\\Model::__callStatic('create', Array)
#18 /Users/ahmadmhala/Downloads/RestoFy-main/vendor/laravel/framework/src/Illuminate/Container/BoundMethod.php(36): Database\\Seeders\\PlanSeeder->run()
#19 /Users/ahmadmhala/Downloads/RestoFy-main/vendor/laravel/framework/src/Illuminate/Container/Util.php(43): Illuminate\\Container\\BoundMethod::{closure:Illuminate\\Container\\BoundMethod::call():35}()
#20 /Users/ahmadmhala/Downloads/RestoFy-main/vendor/laravel/framework/src/Illuminate/Container/BoundMethod.php(95): Illuminate\\Container\\Util::unwrapIfClosure(Object(Closure))
#21 /Users/ahmadmhala/Downloads/RestoFy-main/vendor/laravel/framework/src/Illuminate/Container/BoundMethod.php(35): Illuminate\\Container\\BoundMethod::callBoundMethod(Object(Illuminate\\Foundation\\Application), Array, Object(Closure))
#22 /Users/ahmadmhala/Downloads/RestoFy-main/vendor/laravel/framework/src/Illuminate/Container/Container.php(696): Illuminate\\Container\\BoundMethod::call(Object(Illuminate\\Foundation\\Application), Array, Array, NULL)
#23 /Users/ahmadmhala/Downloads/RestoFy-main/vendor/laravel/framework/src/Illuminate/Database/Seeder.php(188): Illuminate\\Container\\Container->call(Array, Array)
#24 /Users/ahmadmhala/Downloads/RestoFy-main/vendor/laravel/framework/src/Illuminate/Database/Seeder.php(197): Illuminate\\Database\\Seeder->{closure:Illuminate\\Database\\Seeder::__invoke():187}()
#25 /Users/ahmadmhala/Downloads/RestoFy-main/vendor/laravel/framework/src/Illuminate/Database/Console/Seeds/SeedCommand.php(70): Illuminate\\Database\\Seeder->__invoke()
#26 /Users/ahmadmhala/Downloads/RestoFy-main/vendor/laravel/framework/src/Illuminate/Database/Eloquent/Concerns/GuardsAttributes.php(155): Illuminate\\Database\\Console\\Seeds\\SeedCommand->{closure:Illuminate\\Database\\Console\\Seeds\\SeedCommand::handle():69}()
#27 /Users/ahmadmhala/Downloads/RestoFy-main/vendor/laravel/framework/src/Illuminate/Database/Console/Seeds/SeedCommand.php(69): Illuminate\\Database\\Eloquent\\Model::unguarded(Object(Closure))
#28 /Users/ahmadmhala/Downloads/RestoFy-main/vendor/laravel/framework/src/Illuminate/Container/BoundMethod.php(36): Illuminate\\Database\\Console\\Seeds\\SeedCommand->handle()
#29 /Users/ahmadmhala/Downloads/RestoFy-main/vendor/laravel/framework/src/Illuminate/Container/Util.php(43): Illuminate\\Container\\BoundMethod::{closure:Illuminate\\Container\\BoundMethod::call():35}()
#30 /Users/ahmadmhala/Downloads/RestoFy-main/vendor/laravel/framework/src/Illuminate/Container/BoundMethod.php(95): Illuminate\\Container\\Util::unwrapIfClosure(Object(Closure))
#31 /Users/ahmadmhala/Downloads/RestoFy-main/vendor/laravel/framework/src/Illuminate/Container/BoundMethod.php(35): Illuminate\\Container\\BoundMethod::callBoundMethod(Object(Illuminate\\Foundation\\Application), Array, Object(Closure))
#32 /Users/ahmadmhala/Downloads/RestoFy-main/vendor/laravel/framework/src/Illuminate/Container/Container.php(696): Illuminate\\Container\\BoundMethod::call(Object(Illuminate\\Foundation\\Application), Array, Array, NULL)
#33 /Users/ahmadmhala/Downloads/RestoFy-main/vendor/laravel/framework/src/Illuminate/Console/Command.php(213): Illuminate\\Container\\Container->call(Array)
#34 /Users/ahmadmhala/Downloads/RestoFy-main/vendor/symfony/console/Command/Command.php(318): Illuminate\\Console\\Command->execute(Object(Symfony\\Component\\Console\\Input\\ArgvInput), Object(Illuminate\\Console\\OutputStyle))
#35 /Users/ahmadmhala/Downloads/RestoFy-main/vendor/laravel/framework/src/Illuminate/Console/Command.php(182): Symfony\\Component\\Console\\Command\\Command->run(Object(Symfony\\Component\\Console\\Input\\ArgvInput), Object(Illuminate\\Console\\OutputStyle))
#36 /Users/ahmadmhala/Downloads/RestoFy-main/vendor/symfony/console/Application.php(1073): Illuminate\\Console\\Command->run(Object(Symfony\\Component\\Console\\Input\\ArgvInput), Object(Symfony\\Component\\Console\\Output\\ConsoleOutput))
#37 /Users/ahmadmhala/Downloads/RestoFy-main/vendor/symfony/console/Application.php(356): Symfony\\Component\\Console\\Application->doRunCommand(Object(Illuminate\\Database\\Console\\Seeds\\SeedCommand), Object(Symfony\\Component\\Console\\Input\\ArgvInput), Object(Symfony\\Component\\Console\\Output\\ConsoleOutput))
#38 /Users/ahmadmhala/Downloads/RestoFy-main/vendor/symfony/console/Application.php(195): Symfony\\Component\\Console\\Application->doRun(Object(Symfony\\Component\\Console\\Input\\ArgvInput), Object(Symfony\\Component\\Console\\Output\\ConsoleOutput))
#39 /Users/ahmadmhala/Downloads/RestoFy-main/vendor/laravel/framework/src/Illuminate/Foundation/Console/Kernel.php(198): Symfony\\Component\\Console\\Application->run(Object(Symfony\\Component\\Console\\Input\\ArgvInput), Object(Symfony\\Component\\Console\\Output\\ConsoleOutput))
#40 /Users/ahmadmhala/Downloads/RestoFy-main/vendor/laravel/framework/src/Illuminate/Foundation/Application.php(1235): Illuminate\\Foundation\\Console\\Kernel->handle(Object(Symfony\\Component\\Console\\Input\\ArgvInput), Object(Symfony\\Component\\Console\\Output\\ConsoleOutput))
#41 /Users/ahmadmhala/Downloads/RestoFy-main/artisan(13): Illuminate\\Foundation\\Application->handleCommand(Object(Symfony\\Component\\Console\\Input\\ArgvInput))
#42 {main}
"} 
[2025-12-12 09:18:23] local.ERROR: SQLSTATE[42P01]: Undefined table: 7 ERROR:  relation "users" does not exist
LINE 1: select * from "users" where ("email" = $1) limit 1
                      ^ (Connection: pgsql, SQL: select * from "users" where ("email" = admin@demo.com) limit 1) {"exception":"[object] (Illuminate\\Database\\QueryException(code: 42P01): SQLSTATE[42P01]: Undefined table: 7 ERROR:  relation \"users\" does not exist
LINE 1: select * from \"users\" where (\"email\" = $1) limit 1
                      ^ (Connection: pgsql, SQL: select * from \"users\" where (\"email\" = admin@demo.com) limit 1) at /Users/ahmadmhala/Downloads/RestoFy-main/vendor/laravel/framework/src/Illuminate/Database/Connection.php:825)
[stacktrace]
#0 /Users/ahmadmhala/Downloads/RestoFy-main/vendor/laravel/framework/src/Illuminate/Database/Connection.php(779): Illuminate\\Database\\Connection->runQueryCallback('select * from \"...', Array, Object(Closure))
#1 /Users/ahmadmhala/Downloads/RestoFy-main/vendor/laravel/framework/src/Illuminate/Database/Connection.php(398): Illuminate\\Database\\Connection->run('select * from \"...', Array, Object(Closure))
#2 /Users/ahmadmhala/Downloads/RestoFy-main/vendor/laravel/framework/src/Illuminate/Database/Query/Builder.php(3106): Illuminate\\Database\\Connection->select('select * from \"...', Array, true)
#3 /Users/ahmadmhala/Downloads/RestoFy-main/vendor/laravel/framework/src/Illuminate/Database/Query/Builder.php(3091): Illuminate\\Database\\Query\\Builder->runSelect()
#4 /Users/ahmadmhala/Downloads/RestoFy-main/vendor/laravel/framework/src/Illuminate/Database/Query/Builder.php(3676): Illuminate\\Database\\Query\\Builder->{closure:Illuminate\\Database\\Query\\Builder::get():3090}()
#5 /Users/ahmadmhala/Downloads/RestoFy-main/vendor/laravel/framework/src/Illuminate/Database/Query/Builder.php(3090): Illuminate\\Database\\Query\\Builder->onceWithColumns(Array, Object(Closure))
#6 /Users/ahmadmhala/Downloads/RestoFy-main/vendor/laravel/framework/src/Illuminate/Database/Eloquent/Builder.php(811): Illuminate\\Database\\Query\\Builder->get(Array)
#7 /Users/ahmadmhala/Downloads/RestoFy-main/vendor/laravel/framework/src/Illuminate/Database/Eloquent/Builder.php(793): Illuminate\\Database\\Eloquent\\Builder->getModels(Array)
#8 /Users/ahmadmhala/Downloads/RestoFy-main/vendor/laravel/framework/src/Illuminate/Database/Concerns/BuildsQueries.php(343): Illuminate\\Database\\Eloquent\\Builder->get(Array)
#9 /Users/ahmadmhala/Downloads/RestoFy-main/vendor/laravel/framework/src/Illuminate/Database/Eloquent/Builder.php(617): Illuminate\\Database\\Eloquent\\Builder->first()
#10 /Users/ahmadmhala/Downloads/RestoFy-main/vendor/laravel/framework/src/Illuminate/Support/Traits/ForwardsCalls.php(23): Illuminate\\Database\\Eloquent\\Builder->firstOrCreate(Array, Array)
#11 /Users/ahmadmhala/Downloads/RestoFy-main/vendor/laravel/framework/src/Illuminate/Database/Eloquent/Model.php(2372): Illuminate\\Database\\Eloquent\\Model->forwardCallTo(Object(Illuminate\\Database\\Eloquent\\Builder), 'firstOrCreate', Array)
#12 /Users/ahmadmhala/Downloads/RestoFy-main/vendor/laravel/framework/src/Illuminate/Database/Eloquent/Model.php(2384): Illuminate\\Database\\Eloquent\\Model->__call('firstOrCreate', Array)
#13 /Users/ahmadmhala/Downloads/RestoFy-main/database/seeders/TenantSeeder.php(58): Illuminate\\Database\\Eloquent\\Model::__callStatic('firstOrCreate', Array)
#14 /Users/ahmadmhala/Downloads/RestoFy-main/vendor/laravel/framework/src/Illuminate/Container/BoundMethod.php(36): Database\\Seeders\\TenantSeeder->run()
#15 /Users/ahmadmhala/Downloads/RestoFy-main/vendor/laravel/framework/src/Illuminate/Container/Util.php(43): Illuminate\\Container\\BoundMethod::{closure:Illuminate\\Container\\BoundMethod::call():35}()
#16 /Users/ahmadmhala/Downloads/RestoFy-main/vendor/laravel/framework/src/Illuminate/Container/BoundMethod.php(95): Illuminate\\Container\\Util::unwrapIfClosure(Object(Closure))
#17 /Users/ahmadmhala/Downloads/RestoFy-main/vendor/laravel/framework/src/Illuminate/Container/BoundMethod.php(35): Illuminate\\Container\\BoundMethod::callBoundMethod(Object(Illuminate\\Foundation\\Application), Array, Object(Closure))
#18 /Users/ahmadmhala/Downloads/RestoFy-main/vendor/laravel/framework/src/Illuminate/Container/Container.php(696): Illuminate\\Container\\BoundMethod::call(Object(Illuminate\\Foundation\\Application), Array, Array, NULL)
#19 /Users/ahmadmhala/Downloads/RestoFy-main/vendor/laravel/framework/src/Illuminate/Database/Seeder.php(188): Illuminate\\Container\\Container->call(Array, Array)
#20 /Users/ahmadmhala/Downloads/RestoFy-main/vendor/laravel/framework/src/Illuminate/Database/Seeder.php(197): Illuminate\\Database\\Seeder->{closure:Illuminate\\Database\\Seeder::__invoke():187}()
#21 /Users/ahmadmhala/Downloads/RestoFy-main/vendor/laravel/framework/src/Illuminate/Database/Console/Seeds/SeedCommand.php(70): Illuminate\\Database\\Seeder->__invoke()
#22 /Users/ahmadmhala/Downloads/RestoFy-main/vendor/laravel/framework/src/Illuminate/Database/Eloquent/Concerns/GuardsAttributes.php(155): Illuminate\\Database\\Console\\Seeds\\SeedCommand->{closure:Illuminate\\Database\\Console\\Seeds\\SeedCommand::handle():69}()
#23 /Users/ahmadmhala/Downloads/RestoFy-main/vendor/laravel/framework/src/Illuminate/Database/Console/Seeds/SeedCommand.php(69): Illuminate\\Database\\Eloquent\\Model::unguarded(Object(Closure))
#24 /Users/ahmadmhala/Downloads/RestoFy-main/vendor/laravel/framework/src/Illuminate/Container/BoundMethod.php(36): Illuminate\\Database\\Console\\Seeds\\SeedCommand->handle()
#25 /Users/ahmadmhala/Downloads/RestoFy-main/vendor/laravel/framework/src/Illuminate/Container/Util.php(43): Illuminate\\Container\\BoundMethod::{closure:Illuminate\\Container\\BoundMethod::call():35}()
#26 /Users/ahmadmhala/Downloads/RestoFy-main/vendor/laravel/framework/src/Illuminate/Container/BoundMethod.php(95): Illuminate\\Container\\Util::unwrapIfClosure(Object(Closure))
#27 /Users/ahmadmhala/Downloads/RestoFy-main/vendor/laravel/framework/src/Illuminate/Container/BoundMethod.php(35): Illuminate\\Container\\BoundMethod::callBoundMethod(Object(Illuminate\\Foundation\\Application), Array, Object(Closure))
#28 /Users/ahmadmhala/Downloads/RestoFy-main/vendor/laravel/framework/src/Illuminate/Container/Container.php(696): Illuminate\\Container\\BoundMethod::call(Object(Illuminate\\Foundation\\Application), Array, Array, NULL)
#29 /Users/ahmadmhala/Downloads/RestoFy-main/vendor/laravel/framework/src/Illuminate/Console/Command.php(213): Illuminate\\Container\\Container->call(Array)
#30 /Users/ahmadmhala/Downloads/RestoFy-main/vendor/symfony/console/Command/Command.php(318): Illuminate\\Console\\Command->execute(Object(Symfony\\Component\\Console\\Input\\ArgvInput), Object(Illuminate\\Console\\OutputStyle))
#31 /Users/ahmadmhala/Downloads/RestoFy-main/vendor/laravel/framework/src/Illuminate/Console/Command.php(182): Symfony\\Component\\Console\\Command\\Command->run(Object(Symfony\\Component\\Console\\Input\\ArgvInput), Object(Illuminate\\Console\\OutputStyle))
#32 /Users/ahmadmhala/Downloads/RestoFy-main/vendor/symfony/console/Application.php(1073): Illuminate\\Console\\Command->run(Object(Symfony\\Component\\Console\\Input\\ArgvInput), Object(Symfony\\Component\\Console\\Output\\ConsoleOutput))
#33 /Users/ahmadmhala/Downloads/RestoFy-main/vendor/symfony/console/Application.php(356): Symfony\\Component\\Console\\Application->doRunCommand(Object(Illuminate\\Database\\Console\\Seeds\\SeedCommand), Object(Symfony\\Component\\Console\\Input\\ArgvInput), Object(Symfony\\Component\\Console\\Output\\ConsoleOutput))
#34 /Users/ahmadmhala/Downloads/RestoFy-main/vendor/symfony/console/Application.php(195): Symfony\\Component\\Console\\Application->doRun(Object(Symfony\\Component\\Console\\Input\\ArgvInput), Object(Symfony\\Component\\Console\\Output\\ConsoleOutput))
#35 /Users/ahmadmhala/Downloads/RestoFy-main/vendor/laravel/framework/src/Illuminate/Foundation/Console/Kernel.php(198): Symfony\\Component\\Console\\Application->run(Object(Symfony\\Component\\Console\\Input\\ArgvInput), Object(Symfony\\Component\\Console\\Output\\ConsoleOutput))
#36 /Users/ahmadmhala/Downloads/RestoFy-main/vendor/laravel/framework/src/Illuminate/Foundation/Application.php(1235): Illuminate\\Foundation\\Console\\Kernel->handle(Object(Symfony\\Component\\Console\\Input\\ArgvInput), Object(Symfony\\Component\\Console\\Output\\ConsoleOutput))
#37 /Users/ahmadmhala/Downloads/RestoFy-main/artisan(13): Illuminate\\Foundation\\Application->handleCommand(Object(Symfony\\Component\\Console\\Input\\ArgvInput))
#38 {main}

[previous exception] [object] (PDOException(code: 42P01): SQLSTATE[42P01]: Undefined table: 7 ERROR:  relation \"users\" does not exist
LINE 1: select * from \"users\" where (\"email\" = $1) limit 1
                      ^ at /Users/ahmadmhala/Downloads/RestoFy-main/vendor/laravel/framework/src/Illuminate/Database/Connection.php:412)
[stacktrace]
#0 /Users/ahmadmhala/Downloads/RestoFy-main/vendor/laravel/framework/src/Illuminate/Database/Connection.php(412): PDOStatement->execute()
#1 /Users/ahmadmhala/Downloads/RestoFy-main/vendor/laravel/framework/src/Illuminate/Database/Connection.php(812): Illuminate\\Database\\Connection->{closure:Illuminate\\Database\\Connection::select():398}('select * from \"...', Array)
#2 /Users/ahmadmhala/Downloads/RestoFy-main/vendor/laravel/framework/src/Illuminate/Database/Connection.php(779): Illuminate\\Database\\Connection->runQueryCallback('select * from \"...', Array, Object(Closure))
#3 /Users/ahmadmhala/Downloads/RestoFy-main/vendor/laravel/framework/src/Illuminate/Database/Connection.php(398): Illuminate\\Database\\Connection->run('select * from \"...', Array, Object(Closure))
#4 /Users/ahmadmhala/Downloads/RestoFy-main/vendor/laravel/framework/src/Illuminate/Database/Query/Builder.php(3106): Illuminate\\Database\\Connection->select('select * from \"...', Array, true)
#5 /Users/ahmadmhala/Downloads/RestoFy-main/vendor/laravel/framework/src/Illuminate/Database/Query/Builder.php(3091): Illuminate\\Database\\Query\\Builder->runSelect()
#6 /Users/ahmadmhala/Downloads/RestoFy-main/vendor/laravel/framework/src/Illuminate/Database/Query/Builder.php(3676): Illuminate\\Database\\Query\\Builder->{closure:Illuminate\\Database\\Query\\Builder::get():3090}()
#7 /Users/ahmadmhala/Downloads/RestoFy-main/vendor/laravel/framework/src/Illuminate/Database/Query/Builder.php(3090): Illuminate\\Database\\Query\\Builder->onceWithColumns(Array, Object(Closure))
#8 /Users/ahmadmhala/Downloads/RestoFy-main/vendor/laravel/framework/src/Illuminate/Database/Eloquent/Builder.php(811): Illuminate\\Database\\Query\\Builder->get(Array)
#9 /Users/ahmadmhala/Downloads/RestoFy-main/vendor/laravel/framework/src/Illuminate/Database/Eloquent/Builder.php(793): Illuminate\\Database\\Eloquent\\Builder->getModels(Array)
#10 /Users/ahmadmhala/Downloads/RestoFy-main/vendor/laravel/framework/src/Illuminate/Database/Concerns/BuildsQueries.php(343): Illuminate\\Database\\Eloquent\\Builder->get(Array)
#11 /Users/ahmadmhala/Downloads/RestoFy-main/vendor/laravel/framework/src/Illuminate/Database/Eloquent/Builder.php(617): Illuminate\\Database\\Eloquent\\Builder->first()
#12 /Users/ahmadmhala/Downloads/RestoFy-main/vendor/laravel/framework/src/Illuminate/Support/Traits/ForwardsCalls.php(23): Illuminate\\Database\\Eloquent\\Builder->firstOrCreate(Array, Array)
#13 /Users/ahmadmhala/Downloads/RestoFy-main/vendor/laravel/framework/src/Illuminate/Database/Eloquent/Model.php(2372): Illuminate\\Database\\Eloquent\\Model->forwardCallTo(Object(Illuminate\\Database\\Eloquent\\Builder), 'firstOrCreate', Array)
#14 /Users/ahmadmhala/Downloads/RestoFy-main/vendor/laravel/framework/src/Illuminate/Database/Eloquent/Model.php(2384): Illuminate\\Database\\Eloquent\\Model->__call('firstOrCreate', Array)
#15 /Users/ahmadmhala/Downloads/RestoFy-main/database/seeders/TenantSeeder.php(58): Illuminate\\Database\\Eloquent\\Model::__callStatic('firstOrCreate', Array)
#16 /Users/ahmadmhala/Downloads/RestoFy-main/vendor/laravel/framework/src/Illuminate/Container/BoundMethod.php(36): Database\\Seeders\\TenantSeeder->run()
#17 /Users/ahmadmhala/Downloads/RestoFy-main/vendor/laravel/framework/src/Illuminate/Container/Util.php(43): Illuminate\\Container\\BoundMethod::{closure:Illuminate\\Container\\BoundMethod::call():35}()
#18 /Users/ahmadmhala/Downloads/RestoFy-main/vendor/laravel/framework/src/Illuminate/Container/BoundMethod.php(95): Illuminate\\Container\\Util::unwrapIfClosure(Object(Closure))
#19 /Users/ahmadmhala/Downloads/RestoFy-main/vendor/laravel/framework/src/Illuminate/Container/BoundMethod.php(35): Illuminate\\Container\\BoundMethod::callBoundMethod(Object(Illuminate\\Foundation\\Application), Array, Object(Closure))
#20 /Users/ahmadmhala/Downloads/RestoFy-main/vendor/laravel/framework/src/Illuminate/Container/Container.php(696): Illuminate\\Container\\BoundMethod::call(Object(Illuminate\\Foundation\\Application), Array, Array, NULL)
#21 /Users/ahmadmhala/Downloads/RestoFy-main/vendor/laravel/framework/src/Illuminate/Database/Seeder.php(188): Illuminate\\Container\\Container->call(Array, Array)
#22 /Users/ahmadmhala/Downloads/RestoFy-main/vendor/laravel/framework/src/Illuminate/Database/Seeder.php(197): Illuminate\\Database\\Seeder->{closure:Illuminate\\Database\\Seeder::__invoke():187}()
#23 /Users/ahmadmhala/Downloads/RestoFy-main/vendor/laravel/framework/src/Illuminate/Database/Console/Seeds/SeedCommand.php(70): Illuminate\\Database\\Seeder->__invoke()
#24 /Users/ahmadmhala/Downloads/RestoFy-main/vendor/laravel/framework/src/Illuminate/Database/Eloquent/Concerns/GuardsAttributes.php(155): Illuminate\\Database\\Console\\Seeds\\SeedCommand->{closure:Illuminate\\Database\\Console\\Seeds\\SeedCommand::handle():69}()
#25 /Users/ahmadmhala/Downloads/RestoFy-main/vendor/laravel/framework/src/Illuminate/Database/Console/Seeds/SeedCommand.php(69): Illuminate\\Database\\Eloquent\\Model::unguarded(Object(Closure))
#26 /Users/ahmadmhala/Downloads/RestoFy-main/vendor/laravel/framework/src/Illuminate/Container/BoundMethod.php(36): Illuminate\\Database\\Console\\Seeds\\SeedCommand->handle()
#27 /Users/ahmadmhala/Downloads/RestoFy-main/vendor/laravel/framework/src/Illuminate/Container/Util.php(43): Illuminate\\Container\\BoundMethod::{closure:Illuminate\\Container\\BoundMethod::call():35}()
#28 /Users/ahmadmhala/Downloads/RestoFy-main/vendor/laravel/framework/src/Illuminate/Container/BoundMethod.php(95): Illuminate\\Container\\Util::unwrapIfClosure(Object(Closure))
#29 /Users/ahmadmhala/Downloads/RestoFy-main/vendor/laravel/framework/src/Illuminate/Container/BoundMethod.php(35): Illuminate\\Container\\BoundMethod::callBoundMethod(Object(Illuminate\\Foundation\\Application), Array, Object(Closure))
#30 /Users/ahmadmhala/Downloads/RestoFy-main/vendor/laravel/framework/src/Illuminate/Container/Container.php(696): Illuminate\\Container\\BoundMethod::call(Object(Illuminate\\Foundation\\Application), Array, Array, NULL)
#31 /Users/ahmadmhala/Downloads/RestoFy-main/vendor/laravel/framework/src/Illuminate/Console/Command.php(213): Illuminate\\Container\\Container->call(Array)
#32 /Users/ahmadmhala/Downloads/RestoFy-main/vendor/symfony/console/Command/Command.php(318): Illuminate\\Console\\Command->execute(Object(Symfony\\Component\\Console\\Input\\ArgvInput), Object(Illuminate\\Console\\OutputStyle))
#33 /Users/ahmadmhala/Downloads/RestoFy-main/vendor/laravel/framework/src/Illuminate/Console/Command.php(182): Symfony\\Component\\Console\\Command\\Command->run(Object(Symfony\\Component\\Console\\Input\\ArgvInput), Object(Illuminate\\Console\\OutputStyle))
#34 /Users/ahmadmhala/Downloads/RestoFy-main/vendor/symfony/console/Application.php(1073): Illuminate\\Console\\Command->run(Object(Symfony\\Component\\Console\\Input\\ArgvInput), Object(Symfony\\Component\\Console\\Output\\ConsoleOutput))
#35 /Users/ahmadmhala/Downloads/RestoFy-main/vendor/symfony/console/Application.php(356): Symfony\\Component\\Console\\Application->doRunCommand(Object(Illuminate\\Database\\Console\\Seeds\\SeedCommand), Object(Symfony\\Component\\Console\\Input\\ArgvInput), Object(Symfony\\Component\\Console\\Output\\ConsoleOutput))
#36 /Users/ahmadmhala/Downloads/RestoFy-main/vendor/symfony/console/Application.php(195): Symfony\\Component\\Console\\Application->doRun(Object(Symfony\\Component\\Console\\Input\\ArgvInput), Object(Symfony\\Component\\Console\\Output\\ConsoleOutput))
#37 /Users/ahmadmhala/Downloads/RestoFy-main/vendor/laravel/framework/src/Illuminate/Foundation/Console/Kernel.php(198): Symfony\\Component\\Console\\Application->run(Object(Symfony\\Component\\Console\\Input\\ArgvInput), Object(Symfony\\Component\\Console\\Output\\ConsoleOutput))
#38 /Users/ahmadmhala/Downloads/RestoFy-main/vendor/laravel/framework/src/Illuminate/Foundation/Application.php(1235): Illuminate\\Foundation\\Console\\Kernel->handle(Object(Symfony\\Component\\Console\\Input\\ArgvInput), Object(Symfony\\Component\\Console\\Output\\ConsoleOutput))
#39 /Users/ahmadmhala/Downloads/RestoFy-main/artisan(13): Illuminate\\Foundation\\Application->handleCommand(Object(Symfony\\Component\\Console\\Input\\ArgvInput))
#40 {main}
"} 
[2025-12-12 09:21:58] local.INFO: Attempting to resolve tenant for domain: demo.localhost  
[2025-12-12 09:21:58] local.INFO: Tenant initialized successfully: demo  
[2025-12-12 09:21:58] local.INFO: Database bootstrapper completed for tenant: demo  
[2025-12-12 09:21:58] local.INFO: Attempting to resolve tenant for domain: demo.localhost  
[2025-12-12 09:21:58] local.INFO: Tenant initialized successfully: demo  
[2025-12-12 09:21:58] local.INFO: Database bootstrapper completed for tenant: demo  
[2025-12-12 09:22:42] local.INFO: Attempting to resolve tenant for domain: demo.localhost  
[2025-12-12 09:22:42] local.INFO: Tenant initialized successfully: demo  
[2025-12-12 09:22:42] local.INFO: Database bootstrapper completed for tenant: demo  
[2025-12-12 09:22:43] local.INFO: Attempting to resolve tenant for domain: demo.localhost  
[2025-12-12 09:22:43] local.INFO: Tenant initialized successfully: demo  
[2025-12-12 09:22:43] local.INFO: Database bootstrapper completed for tenant: demo  
[2025-12-12 09:24:06] local.ERROR: SQLSTATE[42P01]: Undefined table: 7 ERROR:  relation "restaurants" does not exist
LINE 1: select * from "restaurants" limit 1
                      ^ (Connection: pgsql, SQL: select * from "restaurants" limit 1) {"exception":"[object] (Illuminate\\Database\\QueryException(code: 42P01): SQLSTATE[42P01]: Undefined table: 7 ERROR:  relation \"restaurants\" does not exist
LINE 1: select * from \"restaurants\" limit 1
                      ^ (Connection: pgsql, SQL: select * from \"restaurants\" limit 1) at /Users/ahmadmhala/Downloads/RestoFy-main/vendor/laravel/framework/src/Illuminate/Database/Connection.php:825)
[stacktrace]
#0 /Users/ahmadmhala/Downloads/RestoFy-main/vendor/laravel/framework/src/Illuminate/Database/Connection.php(779): Illuminate\\Database\\Connection->runQueryCallback('select * from \"...', Array, Object(Closure))
#1 /Users/ahmadmhala/Downloads/RestoFy-main/vendor/laravel/framework/src/Illuminate/Database/Connection.php(398): Illuminate\\Database\\Connection->run('select * from \"...', Array, Object(Closure))
#2 /Users/ahmadmhala/Downloads/RestoFy-main/vendor/laravel/framework/src/Illuminate/Database/Query/Builder.php(3106): Illuminate\\Database\\Connection->select('select * from \"...', Array, true)
#3 /Users/ahmadmhala/Downloads/RestoFy-main/vendor/laravel/framework/src/Illuminate/Database/Query/Builder.php(3091): Illuminate\\Database\\Query\\Builder->runSelect()
#4 /Users/ahmadmhala/Downloads/RestoFy-main/vendor/laravel/framework/src/Illuminate/Database/Query/Builder.php(3676): Illuminate\\Database\\Query\\Builder->{closure:Illuminate\\Database\\Query\\Builder::get():3090}()
#5 /Users/ahmadmhala/Downloads/RestoFy-main/vendor/laravel/framework/src/Illuminate/Database/Query/Builder.php(3090): Illuminate\\Database\\Query\\Builder->onceWithColumns(Array, Object(Closure))
#6 /Users/ahmadmhala/Downloads/RestoFy-main/vendor/laravel/framework/src/Illuminate/Database/Eloquent/Builder.php(811): Illuminate\\Database\\Query\\Builder->get(Array)
#7 /Users/ahmadmhala/Downloads/RestoFy-main/vendor/laravel/framework/src/Illuminate/Database/Eloquent/Builder.php(793): Illuminate\\Database\\Eloquent\\Builder->getModels(Array)
#8 /Users/ahmadmhala/Downloads/RestoFy-main/vendor/laravel/framework/src/Illuminate/Database/Concerns/BuildsQueries.php(343): Illuminate\\Database\\Eloquent\\Builder->get(Array)
#9 /Users/ahmadmhala/Downloads/RestoFy-main/vendor/laravel/framework/src/Illuminate/Support/Traits/ForwardsCalls.php(23): Illuminate\\Database\\Eloquent\\Builder->first()
#10 /Users/ahmadmhala/Downloads/RestoFy-main/vendor/laravel/framework/src/Illuminate/Database/Eloquent/Model.php(2372): Illuminate\\Database\\Eloquent\\Model->forwardCallTo(Object(Illuminate\\Database\\Eloquent\\Builder), 'first', Array)
#11 /Users/ahmadmhala/Downloads/RestoFy-main/vendor/laravel/framework/src/Illuminate/Database/Eloquent/Model.php(2384): Illuminate\\Database\\Eloquent\\Model->__call('first', Array)
#12 /Users/ahmadmhala/Downloads/RestoFy-main/database/seeders/DashboardDemoSeeder.php(24): Illuminate\\Database\\Eloquent\\Model::__callStatic('first', Array)
#13 /Users/ahmadmhala/Downloads/RestoFy-main/vendor/laravel/framework/src/Illuminate/Container/BoundMethod.php(36): Database\\Seeders\\DashboardDemoSeeder->run()
#14 /Users/ahmadmhala/Downloads/RestoFy-main/vendor/laravel/framework/src/Illuminate/Container/Util.php(43): Illuminate\\Container\\BoundMethod::{closure:Illuminate\\Container\\BoundMethod::call():35}()
#15 /Users/ahmadmhala/Downloads/RestoFy-main/vendor/laravel/framework/src/Illuminate/Container/BoundMethod.php(95): Illuminate\\Container\\Util::unwrapIfClosure(Object(Closure))
#16 /Users/ahmadmhala/Downloads/RestoFy-main/vendor/laravel/framework/src/Illuminate/Container/BoundMethod.php(35): Illuminate\\Container\\BoundMethod::callBoundMethod(Object(Illuminate\\Foundation\\Application), Array, Object(Closure))
#17 /Users/ahmadmhala/Downloads/RestoFy-main/vendor/laravel/framework/src/Illuminate/Container/Container.php(696): Illuminate\\Container\\BoundMethod::call(Object(Illuminate\\Foundation\\Application), Array, Array, NULL)
#18 /Users/ahmadmhala/Downloads/RestoFy-main/vendor/laravel/framework/src/Illuminate/Database/Seeder.php(188): Illuminate\\Container\\Container->call(Array, Array)
#19 /Users/ahmadmhala/Downloads/RestoFy-main/vendor/laravel/framework/src/Illuminate/Database/Seeder.php(197): Illuminate\\Database\\Seeder->{closure:Illuminate\\Database\\Seeder::__invoke():187}()
#20 /Users/ahmadmhala/Downloads/RestoFy-main/vendor/laravel/framework/src/Illuminate/Database/Console/Seeds/SeedCommand.php(70): Illuminate\\Database\\Seeder->__invoke()
#21 /Users/ahmadmhala/Downloads/RestoFy-main/vendor/laravel/framework/src/Illuminate/Database/Eloquent/Concerns/GuardsAttributes.php(155): Illuminate\\Database\\Console\\Seeds\\SeedCommand->{closure:Illuminate\\Database\\Console\\Seeds\\SeedCommand::handle():69}()
#22 /Users/ahmadmhala/Downloads/RestoFy-main/vendor/laravel/framework/src/Illuminate/Database/Console/Seeds/SeedCommand.php(69): Illuminate\\Database\\Eloquent\\Model::unguarded(Object(Closure))
#23 /Users/ahmadmhala/Downloads/RestoFy-main/vendor/stancl/tenancy/src/Commands/Seed.php(59): Illuminate\\Database\\Console\\Seeds\\SeedCommand->handle()
#24 /Users/ahmadmhala/Downloads/RestoFy-main/vendor/stancl/tenancy/src/Tenancy.php(160): Stancl\\Tenancy\\Commands\\Seed->{closure:Stancl\\Tenancy\\Commands\\Seed::handle():53}(Object(App\\Models\\Tenant))
#25 /Users/ahmadmhala/Downloads/RestoFy-main/vendor/stancl/tenancy/src/Commands/Seed.php(53): Stancl\\Tenancy\\Tenancy->runForMultiple(Array, Object(Closure))
#26 /Users/ahmadmhala/Downloads/RestoFy-main/vendor/laravel/framework/src/Illuminate/Container/BoundMethod.php(36): Stancl\\Tenancy\\Commands\\Seed->handle()
#27 /Users/ahmadmhala/Downloads/RestoFy-main/vendor/laravel/framework/src/Illuminate/Container/Util.php(43): Illuminate\\Container\\BoundMethod::{closure:Illuminate\\Container\\BoundMethod::call():35}()
#28 /Users/ahmadmhala/Downloads/RestoFy-main/vendor/laravel/framework/src/Illuminate/Container/BoundMethod.php(95): Illuminate\\Container\\Util::unwrapIfClosure(Object(Closure))
#29 /Users/ahmadmhala/Downloads/RestoFy-main/vendor/laravel/framework/src/Illuminate/Container/BoundMethod.php(35): Illuminate\\Container\\BoundMethod::callBoundMethod(Object(Illuminate\\Foundation\\Application), Array, Object(Closure))
#30 /Users/ahmadmhala/Downloads/RestoFy-main/vendor/laravel/framework/src/Illuminate/Container/Container.php(696): Illuminate\\Container\\BoundMethod::call(Object(Illuminate\\Foundation\\Application), Array, Array, NULL)
#31 /Users/ahmadmhala/Downloads/RestoFy-main/vendor/laravel/framework/src/Illuminate/Console/Command.php(213): Illuminate\\Container\\Container->call(Array)
#32 /Users/ahmadmhala/Downloads/RestoFy-main/vendor/symfony/console/Command/Command.php(318): Illuminate\\Console\\Command->execute(Object(Symfony\\Component\\Console\\Input\\ArgvInput), Object(Illuminate\\Console\\OutputStyle))
#33 /Users/ahmadmhala/Downloads/RestoFy-main/vendor/laravel/framework/src/Illuminate/Console/Command.php(182): Symfony\\Component\\Console\\Command\\Command->run(Object(Symfony\\Component\\Console\\Input\\ArgvInput), Object(Illuminate\\Console\\OutputStyle))
#34 /Users/ahmadmhala/Downloads/RestoFy-main/vendor/symfony/console/Application.php(1073): Illuminate\\Console\\Command->run(Object(Symfony\\Component\\Console\\Input\\ArgvInput), Object(Symfony\\Component\\Console\\Output\\ConsoleOutput))
#35 /Users/ahmadmhala/Downloads/RestoFy-main/vendor/symfony/console/Application.php(356): Symfony\\Component\\Console\\Application->doRunCommand(Object(Stancl\\Tenancy\\Commands\\Seed), Object(Symfony\\Component\\Console\\Input\\ArgvInput), Object(Symfony\\Component\\Console\\Output\\ConsoleOutput))
#36 /Users/ahmadmhala/Downloads/RestoFy-main/vendor/symfony/console/Application.php(195): Symfony\\Component\\Console\\Application->doRun(Object(Symfony\\Component\\Console\\Input\\ArgvInput), Object(Symfony\\Component\\Console\\Output\\ConsoleOutput))
#37 /Users/ahmadmhala/Downloads/RestoFy-main/vendor/laravel/framework/src/Illuminate/Foundation/Console/Kernel.php(198): Symfony\\Component\\Console\\Application->run(Object(Symfony\\Component\\Console\\Input\\ArgvInput), Object(Symfony\\Component\\Console\\Output\\ConsoleOutput))
#38 /Users/ahmadmhala/Downloads/RestoFy-main/vendor/laravel/framework/src/Illuminate/Foundation/Application.php(1235): Illuminate\\Foundation\\Console\\Kernel->handle(Object(Symfony\\Component\\Console\\Input\\ArgvInput), Object(Symfony\\Component\\Console\\Output\\ConsoleOutput))
#39 /Users/ahmadmhala/Downloads/RestoFy-main/artisan(13): Illuminate\\Foundation\\Application->handleCommand(Object(Symfony\\Component\\Console\\Input\\ArgvInput))
#40 {main}

[previous exception] [object] (PDOException(code: 42P01): SQLSTATE[42P01]: Undefined table: 7 ERROR:  relation \"restaurants\" does not exist
LINE 1: select * from \"restaurants\" limit 1
                      ^ at /Users/ahmadmhala/Downloads/RestoFy-main/vendor/laravel/framework/src/Illuminate/Database/Connection.php:412)
[stacktrace]
#0 /Users/ahmadmhala/Downloads/RestoFy-main/vendor/laravel/framework/src/Illuminate/Database/Connection.php(412): PDOStatement->execute()
#1 /Users/ahmadmhala/Downloads/RestoFy-main/vendor/laravel/framework/src/Illuminate/Database/Connection.php(812): Illuminate\\Database\\Connection->{closure:Illuminate\\Database\\Connection::select():398}('select * from \"...', Array)
#2 /Users/ahmadmhala/Downloads/RestoFy-main/vendor/laravel/framework/src/Illuminate/Database/Connection.php(779): Illuminate\\Database\\Connection->runQueryCallback('select * from \"...', Array, Object(Closure))
#3 /Users/ahmadmhala/Downloads/RestoFy-main/vendor/laravel/framework/src/Illuminate/Database/Connection.php(398): Illuminate\\Database\\Connection->run('select * from \"...', Array, Object(Closure))
#4 /Users/ahmadmhala/Downloads/RestoFy-main/vendor/laravel/framework/src/Illuminate/Database/Query/Builder.php(3106): Illuminate\\Database\\Connection->select('select * from \"...', Array, true)
#5 /Users/ahmadmhala/Downloads/RestoFy-main/vendor/laravel/framework/src/Illuminate/Database/Query/Builder.php(3091): Illuminate\\Database\\Query\\Builder->runSelect()
#6 /Users/ahmadmhala/Downloads/RestoFy-main/vendor/laravel/framework/src/Illuminate/Database/Query/Builder.php(3676): Illuminate\\Database\\Query\\Builder->{closure:Illuminate\\Database\\Query\\Builder::get():3090}()
#7 /Users/ahmadmhala/Downloads/RestoFy-main/vendor/laravel/framework/src/Illuminate/Database/Query/Builder.php(3090): Illuminate\\Database\\Query\\Builder->onceWithColumns(Array, Object(Closure))
#8 /Users/ahmadmhala/Downloads/RestoFy-main/vendor/laravel/framework/src/Illuminate/Database/Eloquent/Builder.php(811): Illuminate\\Database\\Query\\Builder->get(Array)
#9 /Users/ahmadmhala/Downloads/RestoFy-main/vendor/laravel/framework/src/Illuminate/Database/Eloquent/Builder.php(793): Illuminate\\Database\\Eloquent\\Builder->getModels(Array)
#10 /Users/ahmadmhala/Downloads/RestoFy-main/vendor/laravel/framework/src/Illuminate/Database/Concerns/BuildsQueries.php(343): Illuminate\\Database\\Eloquent\\Builder->get(Array)
#11 /Users/ahmadmhala/Downloads/RestoFy-main/vendor/laravel/framework/src/Illuminate/Support/Traits/ForwardsCalls.php(23): Illuminate\\Database\\Eloquent\\Builder->first()
#12 /Users/ahmadmhala/Downloads/RestoFy-main/vendor/laravel/framework/src/Illuminate/Database/Eloquent/Model.php(2372): Illuminate\\Database\\Eloquent\\Model->forwardCallTo(Object(Illuminate\\Database\\Eloquent\\Builder), 'first', Array)
#13 /Users/ahmadmhala/Downloads/RestoFy-main/vendor/laravel/framework/src/Illuminate/Database/Eloquent/Model.php(2384): Illuminate\\Database\\Eloquent\\Model->__call('first', Array)
#14 /Users/ahmadmhala/Downloads/RestoFy-main/database/seeders/DashboardDemoSeeder.php(24): Illuminate\\Database\\Eloquent\\Model::__callStatic('first', Array)
#15 /Users/ahmadmhala/Downloads/RestoFy-main/vendor/laravel/framework/src/Illuminate/Container/BoundMethod.php(36): Database\\Seeders\\DashboardDemoSeeder->run()
#16 /Users/ahmadmhala/Downloads/RestoFy-main/vendor/laravel/framework/src/Illuminate/Container/Util.php(43): Illuminate\\Container\\BoundMethod::{closure:Illuminate\\Container\\BoundMethod::call():35}()
#17 /Users/ahmadmhala/Downloads/RestoFy-main/vendor/laravel/framework/src/Illuminate/Container/BoundMethod.php(95): Illuminate\\Container\\Util::unwrapIfClosure(Object(Closure))
#18 /Users/ahmadmhala/Downloads/RestoFy-main/vendor/laravel/framework/src/Illuminate/Container/BoundMethod.php(35): Illuminate\\Container\\BoundMethod::callBoundMethod(Object(Illuminate\\Foundation\\Application), Array, Object(Closure))
#19 /Users/ahmadmhala/Downloads/RestoFy-main/vendor/laravel/framework/src/Illuminate/Container/Container.php(696): Illuminate\\Container\\BoundMethod::call(Object(Illuminate\\Foundation\\Application), Array, Array, NULL)
#20 /Users/ahmadmhala/Downloads/RestoFy-main/vendor/laravel/framework/src/Illuminate/Database/Seeder.php(188): Illuminate\\Container\\Container->call(Array, Array)
#21 /Users/ahmadmhala/Downloads/RestoFy-main/vendor/laravel/framework/src/Illuminate/Database/Seeder.php(197): Illuminate\\Database\\Seeder->{closure:Illuminate\\Database\\Seeder::__invoke():187}()
#22 /Users/ahmadmhala/Downloads/RestoFy-main/vendor/laravel/framework/src/Illuminate/Database/Console/Seeds/SeedCommand.php(70): Illuminate\\Database\\Seeder->__invoke()
#23 /Users/ahmadmhala/Downloads/RestoFy-main/vendor/laravel/framework/src/Illuminate/Database/Eloquent/Concerns/GuardsAttributes.php(155): Illuminate\\Database\\Console\\Seeds\\SeedCommand->{closure:Illuminate\\Database\\Console\\Seeds\\SeedCommand::handle():69}()
#24 /Users/ahmadmhala/Downloads/RestoFy-main/vendor/laravel/framework/src/Illuminate/Database/Console/Seeds/SeedCommand.php(69): Illuminate\\Database\\Eloquent\\Model::unguarded(Object(Closure))
#25 /Users/ahmadmhala/Downloads/RestoFy-main/vendor/stancl/tenancy/src/Commands/Seed.php(59): Illuminate\\Database\\Console\\Seeds\\SeedCommand->handle()
#26 /Users/ahmadmhala/Downloads/RestoFy-main/vendor/stancl/tenancy/src/Tenancy.php(160): Stancl\\Tenancy\\Commands\\Seed->{closure:Stancl\\Tenancy\\Commands\\Seed::handle():53}(Object(App\\Models\\Tenant))
#27 /Users/ahmadmhala/Downloads/RestoFy-main/vendor/stancl/tenancy/src/Commands/Seed.php(53): Stancl\\Tenancy\\Tenancy->runForMultiple(Array, Object(Closure))
#28 /Users/ahmadmhala/Downloads/RestoFy-main/vendor/laravel/framework/src/Illuminate/Container/BoundMethod.php(36): Stancl\\Tenancy\\Commands\\Seed->handle()
#29 /Users/ahmadmhala/Downloads/RestoFy-main/vendor/laravel/framework/src/Illuminate/Container/Util.php(43): Illuminate\\Container\\BoundMethod::{closure:Illuminate\\Container\\BoundMethod::call():35}()
#30 /Users/ahmadmhala/Downloads/RestoFy-main/vendor/laravel/framework/src/Illuminate/Container/BoundMethod.php(95): Illuminate\\Container\\Util::unwrapIfClosure(Object(Closure))
#31 /Users/ahmadmhala/Downloads/RestoFy-main/vendor/laravel/framework/src/Illuminate/Container/BoundMethod.php(35): Illuminate\\Container\\BoundMethod::callBoundMethod(Object(Illuminate\\Foundation\\Application), Array, Object(Closure))
#32 /Users/ahmadmhala/Downloads/RestoFy-main/vendor/laravel/framework/src/Illuminate/Container/Container.php(696): Illuminate\\Container\\BoundMethod::call(Object(Illuminate\\Foundation\\Application), Array, Array, NULL)
#33 /Users/ahmadmhala/Downloads/RestoFy-main/vendor/laravel/framework/src/Illuminate/Console/Command.php(213): Illuminate\\Container\\Container->call(Array)
#34 /Users/ahmadmhala/Downloads/RestoFy-main/vendor/symfony/console/Command/Command.php(318): Illuminate\\Console\\Command->execute(Object(Symfony\\Component\\Console\\Input\\ArgvInput), Object(Illuminate\\Console\\OutputStyle))
#35 /Users/ahmadmhala/Downloads/RestoFy-main/vendor/laravel/framework/src/Illuminate/Console/Command.php(182): Symfony\\Component\\Console\\Command\\Command->run(Object(Symfony\\Component\\Console\\Input\\ArgvInput), Object(Illuminate\\Console\\OutputStyle))
#36 /Users/ahmadmhala/Downloads/RestoFy-main/vendor/symfony/console/Application.php(1073): Illuminate\\Console\\Command->run(Object(Symfony\\Component\\Console\\Input\\ArgvInput), Object(Symfony\\Component\\Console\\Output\\ConsoleOutput))
#37 /Users/ahmadmhala/Downloads/RestoFy-main/vendor/symfony/console/Application.php(356): Symfony\\Component\\Console\\Application->doRunCommand(Object(Stancl\\Tenancy\\Commands\\Seed), Object(Symfony\\Component\\Console\\Input\\ArgvInput), Object(Symfony\\Component\\Console\\Output\\ConsoleOutput))
#38 /Users/ahmadmhala/Downloads/RestoFy-main/vendor/symfony/console/Application.php(195): Symfony\\Component\\Console\\Application->doRun(Object(Symfony\\Component\\Console\\Input\\ArgvInput), Object(Symfony\\Component\\Console\\Output\\ConsoleOutput))
#39 /Users/ahmadmhala/Downloads/RestoFy-main/vendor/laravel/framework/src/Illuminate/Foundation/Console/Kernel.php(198): Symfony\\Component\\Console\\Application->run(Object(Symfony\\Component\\Console\\Input\\ArgvInput), Object(Symfony\\Component\\Console\\Output\\ConsoleOutput))
#40 /Users/ahmadmhala/Downloads/RestoFy-main/vendor/laravel/framework/src/Illuminate/Foundation/Application.php(1235): Illuminate\\Foundation\\Console\\Kernel->handle(Object(Symfony\\Component\\Console\\Input\\ArgvInput), Object(Symfony\\Component\\Console\\Output\\ConsoleOutput))
#41 /Users/ahmadmhala/Downloads/RestoFy-main/artisan(13): Illuminate\\Foundation\\Application->handleCommand(Object(Symfony\\Component\\Console\\Input\\ArgvInput))
#42 {main}
"} 
[2025-12-12 09:24:26] local.INFO: Attempting to resolve tenant for domain: demo.localhost  
[2025-12-12 09:24:26] local.INFO: Tenant initialized successfully: demo  
[2025-12-12 09:24:26] local.INFO: Database bootstrapper completed for tenant: demo  
[2025-12-12 09:24:36] local.INFO: Attempting to resolve tenant for domain: demo.localhost  
[2025-12-12 09:24:36] local.INFO: Tenant initialized successfully: demo  
[2025-12-12 09:24:36] local.INFO: Database bootstrapper completed for tenant: demo  
[2025-12-12 09:24:50] local.ERROR: SQLSTATE[08006] [7] connection to server at "127.0.0.1", port 5432 failed: FATAL:  database "ahmadmhala" does not exist (Connection: tenant, SQL: select * from "restaurants" limit 1) {"exception":"[object] (Illuminate\\Database\\QueryException(code: 7): SQLSTATE[08006] [7] connection to server at \"127.0.0.1\", port 5432 failed: FATAL:  database \"ahmadmhala\" does not exist (Connection: tenant, SQL: select * from \"restaurants\" limit 1) at /Users/ahmadmhala/Downloads/RestoFy-main/vendor/laravel/framework/src/Illuminate/Database/Connection.php:825)
[stacktrace]
#0 /Users/ahmadmhala/Downloads/RestoFy-main/vendor/laravel/framework/src/Illuminate/Database/Connection.php(779): Illuminate\\Database\\Connection->runQueryCallback('select * from \"...', Array, Object(Closure))
#1 /Users/ahmadmhala/Downloads/RestoFy-main/vendor/laravel/framework/src/Illuminate/Database/Connection.php(398): Illuminate\\Database\\Connection->run('select * from \"...', Array, Object(Closure))
#2 /Users/ahmadmhala/Downloads/RestoFy-main/vendor/laravel/framework/src/Illuminate/Database/Query/Builder.php(3106): Illuminate\\Database\\Connection->select('select * from \"...', Array, true)
#3 /Users/ahmadmhala/Downloads/RestoFy-main/vendor/laravel/framework/src/Illuminate/Database/Query/Builder.php(3091): Illuminate\\Database\\Query\\Builder->runSelect()
#4 /Users/ahmadmhala/Downloads/RestoFy-main/vendor/laravel/framework/src/Illuminate/Database/Query/Builder.php(3676): Illuminate\\Database\\Query\\Builder->{closure:Illuminate\\Database\\Query\\Builder::get():3090}()
#5 /Users/ahmadmhala/Downloads/RestoFy-main/vendor/laravel/framework/src/Illuminate/Database/Query/Builder.php(3090): Illuminate\\Database\\Query\\Builder->onceWithColumns(Array, Object(Closure))
#6 /Users/ahmadmhala/Downloads/RestoFy-main/vendor/laravel/framework/src/Illuminate/Database/Eloquent/Builder.php(811): Illuminate\\Database\\Query\\Builder->get(Array)
#7 /Users/ahmadmhala/Downloads/RestoFy-main/vendor/laravel/framework/src/Illuminate/Database/Eloquent/Builder.php(793): Illuminate\\Database\\Eloquent\\Builder->getModels(Array)
#8 /Users/ahmadmhala/Downloads/RestoFy-main/vendor/laravel/framework/src/Illuminate/Database/Concerns/BuildsQueries.php(343): Illuminate\\Database\\Eloquent\\Builder->get(Array)
#9 /Users/ahmadmhala/Downloads/RestoFy-main/vendor/laravel/framework/src/Illuminate/Support/Traits/ForwardsCalls.php(23): Illuminate\\Database\\Eloquent\\Builder->first()
#10 /Users/ahmadmhala/Downloads/RestoFy-main/vendor/laravel/framework/src/Illuminate/Database/Eloquent/Model.php(2372): Illuminate\\Database\\Eloquent\\Model->forwardCallTo(Object(Illuminate\\Database\\Eloquent\\Builder), 'first', Array)
#11 /Users/ahmadmhala/Downloads/RestoFy-main/vendor/laravel/framework/src/Illuminate/Database/Eloquent/Model.php(2384): Illuminate\\Database\\Eloquent\\Model->__call('first', Array)
#12 /Users/ahmadmhala/Downloads/RestoFy-main/database/seeders/DashboardDemoSeeder.php(26): Illuminate\\Database\\Eloquent\\Model::__callStatic('first', Array)
#13 /Users/ahmadmhala/Downloads/RestoFy-main/vendor/laravel/framework/src/Illuminate/Container/BoundMethod.php(36): Database\\Seeders\\DashboardDemoSeeder->run()
#14 /Users/ahmadmhala/Downloads/RestoFy-main/vendor/laravel/framework/src/Illuminate/Container/Util.php(43): Illuminate\\Container\\BoundMethod::{closure:Illuminate\\Container\\BoundMethod::call():35}()
#15 /Users/ahmadmhala/Downloads/RestoFy-main/vendor/laravel/framework/src/Illuminate/Container/BoundMethod.php(95): Illuminate\\Container\\Util::unwrapIfClosure(Object(Closure))
#16 /Users/ahmadmhala/Downloads/RestoFy-main/vendor/laravel/framework/src/Illuminate/Container/BoundMethod.php(35): Illuminate\\Container\\BoundMethod::callBoundMethod(Object(Illuminate\\Foundation\\Application), Array, Object(Closure))
#17 /Users/ahmadmhala/Downloads/RestoFy-main/vendor/laravel/framework/src/Illuminate/Container/Container.php(696): Illuminate\\Container\\BoundMethod::call(Object(Illuminate\\Foundation\\Application), Array, Array, NULL)
#18 /Users/ahmadmhala/Downloads/RestoFy-main/vendor/laravel/framework/src/Illuminate/Database/Seeder.php(188): Illuminate\\Container\\Container->call(Array, Array)
#19 /Users/ahmadmhala/Downloads/RestoFy-main/vendor/laravel/framework/src/Illuminate/Database/Seeder.php(197): Illuminate\\Database\\Seeder->{closure:Illuminate\\Database\\Seeder::__invoke():187}()
#20 /Users/ahmadmhala/Downloads/RestoFy-main/vendor/laravel/framework/src/Illuminate/Database/Console/Seeds/SeedCommand.php(70): Illuminate\\Database\\Seeder->__invoke()
#21 /Users/ahmadmhala/Downloads/RestoFy-main/vendor/laravel/framework/src/Illuminate/Database/Eloquent/Concerns/GuardsAttributes.php(155): Illuminate\\Database\\Console\\Seeds\\SeedCommand->{closure:Illuminate\\Database\\Console\\Seeds\\SeedCommand::handle():69}()
#22 /Users/ahmadmhala/Downloads/RestoFy-main/vendor/laravel/framework/src/Illuminate/Database/Console/Seeds/SeedCommand.php(69): Illuminate\\Database\\Eloquent\\Model::unguarded(Object(Closure))
#23 /Users/ahmadmhala/Downloads/RestoFy-main/vendor/stancl/tenancy/src/Commands/Seed.php(59): Illuminate\\Database\\Console\\Seeds\\SeedCommand->handle()
#24 /Users/ahmadmhala/Downloads/RestoFy-main/vendor/stancl/tenancy/src/Tenancy.php(160): Stancl\\Tenancy\\Commands\\Seed->{closure:Stancl\\Tenancy\\Commands\\Seed::handle():53}(Object(App\\Models\\Tenant))
#25 /Users/ahmadmhala/Downloads/RestoFy-main/vendor/stancl/tenancy/src/Commands/Seed.php(53): Stancl\\Tenancy\\Tenancy->runForMultiple(Array, Object(Closure))
#26 /Users/ahmadmhala/Downloads/RestoFy-main/vendor/laravel/framework/src/Illuminate/Container/BoundMethod.php(36): Stancl\\Tenancy\\Commands\\Seed->handle()
#27 /Users/ahmadmhala/Downloads/RestoFy-main/vendor/laravel/framework/src/Illuminate/Container/Util.php(43): Illuminate\\Container\\BoundMethod::{closure:Illuminate\\Container\\BoundMethod::call():35}()
#28 /Users/ahmadmhala/Downloads/RestoFy-main/vendor/laravel/framework/src/Illuminate/Container/BoundMethod.php(95): Illuminate\\Container\\Util::unwrapIfClosure(Object(Closure))
#29 /Users/ahmadmhala/Downloads/RestoFy-main/vendor/laravel/framework/src/Illuminate/Container/BoundMethod.php(35): Illuminate\\Container\\BoundMethod::callBoundMethod(Object(Illuminate\\Foundation\\Application), Array, Object(Closure))
#30 /Users/ahmadmhala/Downloads/RestoFy-main/vendor/laravel/framework/src/Illuminate/Container/Container.php(696): Illuminate\\Container\\BoundMethod::call(Object(Illuminate\\Foundation\\Application), Array, Array, NULL)
#31 /Users/ahmadmhala/Downloads/RestoFy-main/vendor/laravel/framework/src/Illuminate/Console/Command.php(213): Illuminate\\Container\\Container->call(Array)
#32 /Users/ahmadmhala/Downloads/RestoFy-main/vendor/symfony/console/Command/Command.php(318): Illuminate\\Console\\Command->execute(Object(Symfony\\Component\\Console\\Input\\ArgvInput), Object(Illuminate\\Console\\OutputStyle))
#33 /Users/ahmadmhala/Downloads/RestoFy-main/vendor/laravel/framework/src/Illuminate/Console/Command.php(182): Symfony\\Component\\Console\\Command\\Command->run(Object(Symfony\\Component\\Console\\Input\\ArgvInput), Object(Illuminate\\Console\\OutputStyle))
#34 /Users/ahmadmhala/Downloads/RestoFy-main/vendor/symfony/console/Application.php(1073): Illuminate\\Console\\Command->run(Object(Symfony\\Component\\Console\\Input\\ArgvInput), Object(Symfony\\Component\\Console\\Output\\ConsoleOutput))
#35 /Users/ahmadmhala/Downloads/RestoFy-main/vendor/symfony/console/Application.php(356): Symfony\\Component\\Console\\Application->doRunCommand(Object(Stancl\\Tenancy\\Commands\\Seed), Object(Symfony\\Component\\Console\\Input\\ArgvInput), Object(Symfony\\Component\\Console\\Output\\ConsoleOutput))
#36 /Users/ahmadmhala/Downloads/RestoFy-main/vendor/symfony/console/Application.php(195): Symfony\\Component\\Console\\Application->doRun(Object(Symfony\\Component\\Console\\Input\\ArgvInput), Object(Symfony\\Component\\Console\\Output\\ConsoleOutput))
#37 /Users/ahmadmhala/Downloads/RestoFy-main/vendor/laravel/framework/src/Illuminate/Foundation/Console/Kernel.php(198): Symfony\\Component\\Console\\Application->run(Object(Symfony\\Component\\Console\\Input\\ArgvInput), Object(Symfony\\Component\\Console\\Output\\ConsoleOutput))
#38 /Users/ahmadmhala/Downloads/RestoFy-main/vendor/laravel/framework/src/Illuminate/Foundation/Application.php(1235): Illuminate\\Foundation\\Console\\Kernel->handle(Object(Symfony\\Component\\Console\\Input\\ArgvInput), Object(Symfony\\Component\\Console\\Output\\ConsoleOutput))
#39 /Users/ahmadmhala/Downloads/RestoFy-main/artisan(13): Illuminate\\Foundation\\Application->handleCommand(Object(Symfony\\Component\\Console\\Input\\ArgvInput))
#40 {main}

[previous exception] [object] (PDOException(code: 7): SQLSTATE[08006] [7] connection to server at \"127.0.0.1\", port 5432 failed: FATAL:  database \"ahmadmhala\" does not exist at /Users/ahmadmhala/Downloads/RestoFy-main/vendor/laravel/framework/src/Illuminate/Database/Connectors/Connector.php:67)
[stacktrace]
#0 /Users/ahmadmhala/Downloads/RestoFy-main/vendor/laravel/framework/src/Illuminate/Database/Connectors/Connector.php(67): PDO::connect('pgsql:host=127....', 'ahmadmhala', Object(SensitiveParameterValue), Array)
#1 /Users/ahmadmhala/Downloads/RestoFy-main/vendor/laravel/framework/src/Illuminate/Database/Connectors/Connector.php(44): Illuminate\\Database\\Connectors\\Connector->createPdoConnection('pgsql:host=127....', 'ahmadmhala', Object(SensitiveParameterValue), Array)
#2 /Users/ahmadmhala/Downloads/RestoFy-main/vendor/laravel/framework/src/Illuminate/Database/Connectors/PostgresConnector.php(35): Illuminate\\Database\\Connectors\\Connector->createConnection('pgsql:host=127....', Array, Array)
#3 /Users/ahmadmhala/Downloads/RestoFy-main/vendor/laravel/framework/src/Illuminate/Database/Connectors/ConnectionFactory.php(185): Illuminate\\Database\\Connectors\\PostgresConnector->connect(Array)
#4 [internal function]: Illuminate\\Database\\Connectors\\ConnectionFactory->{closure:Illuminate\\Database\\Connectors\\ConnectionFactory::createPdoResolverWithHosts():180}()
#5 /Users/ahmadmhala/Downloads/RestoFy-main/vendor/laravel/framework/src/Illuminate/Database/Connection.php(1231): call_user_func(Object(Closure))
#6 /Users/ahmadmhala/Downloads/RestoFy-main/vendor/laravel/framework/src/Illuminate/Database/Connection.php(1267): Illuminate\\Database\\Connection->getPdo()
#7 /Users/ahmadmhala/Downloads/RestoFy-main/vendor/laravel/framework/src/Illuminate/Database/Connection.php(512): Illuminate\\Database\\Connection->getReadPdo()
#8 /Users/ahmadmhala/Downloads/RestoFy-main/vendor/laravel/framework/src/Illuminate/Database/Connection.php(407): Illuminate\\Database\\Connection->getPdoForSelect(true)
#9 /Users/ahmadmhala/Downloads/RestoFy-main/vendor/laravel/framework/src/Illuminate/Database/Connection.php(812): Illuminate\\Database\\Connection->{closure:Illuminate\\Database\\Connection::select():398}('select * from \"...', Array)
#10 /Users/ahmadmhala/Downloads/RestoFy-main/vendor/laravel/framework/src/Illuminate/Database/Connection.php(779): Illuminate\\Database\\Connection->runQueryCallback('select * from \"...', Array, Object(Closure))
#11 /Users/ahmadmhala/Downloads/RestoFy-main/vendor/laravel/framework/src/Illuminate/Database/Connection.php(398): Illuminate\\Database\\Connection->run('select * from \"...', Array, Object(Closure))
#12 /Users/ahmadmhala/Downloads/RestoFy-main/vendor/laravel/framework/src/Illuminate/Database/Query/Builder.php(3106): Illuminate\\Database\\Connection->select('select * from \"...', Array, true)
#13 /Users/ahmadmhala/Downloads/RestoFy-main/vendor/laravel/framework/src/Illuminate/Database/Query/Builder.php(3091): Illuminate\\Database\\Query\\Builder->runSelect()
#14 /Users/ahmadmhala/Downloads/RestoFy-main/vendor/laravel/framework/src/Illuminate/Database/Query/Builder.php(3676): Illuminate\\Database\\Query\\Builder->{closure:Illuminate\\Database\\Query\\Builder::get():3090}()
#15 /Users/ahmadmhala/Downloads/RestoFy-main/vendor/laravel/framework/src/Illuminate/Database/Query/Builder.php(3090): Illuminate\\Database\\Query\\Builder->onceWithColumns(Array, Object(Closure))
#16 /Users/ahmadmhala/Downloads/RestoFy-main/vendor/laravel/framework/src/Illuminate/Database/Eloquent/Builder.php(811): Illuminate\\Database\\Query\\Builder->get(Array)
#17 /Users/ahmadmhala/Downloads/RestoFy-main/vendor/laravel/framework/src/Illuminate/Database/Eloquent/Builder.php(793): Illuminate\\Database\\Eloquent\\Builder->getModels(Array)
#18 /Users/ahmadmhala/Downloads/RestoFy-main/vendor/laravel/framework/src/Illuminate/Database/Concerns/BuildsQueries.php(343): Illuminate\\Database\\Eloquent\\Builder->get(Array)
#19 /Users/ahmadmhala/Downloads/RestoFy-main/vendor/laravel/framework/src/Illuminate/Support/Traits/ForwardsCalls.php(23): Illuminate\\Database\\Eloquent\\Builder->first()
#20 /Users/ahmadmhala/Downloads/RestoFy-main/vendor/laravel/framework/src/Illuminate/Database/Eloquent/Model.php(2372): Illuminate\\Database\\Eloquent\\Model->forwardCallTo(Object(Illuminate\\Database\\Eloquent\\Builder), 'first', Array)
#21 /Users/ahmadmhala/Downloads/RestoFy-main/vendor/laravel/framework/src/Illuminate/Database/Eloquent/Model.php(2384): Illuminate\\Database\\Eloquent\\Model->__call('first', Array)
#22 /Users/ahmadmhala/Downloads/RestoFy-main/database/seeders/DashboardDemoSeeder.php(26): Illuminate\\Database\\Eloquent\\Model::__callStatic('first', Array)
#23 /Users/ahmadmhala/Downloads/RestoFy-main/vendor/laravel/framework/src/Illuminate/Container/BoundMethod.php(36): Database\\Seeders\\DashboardDemoSeeder->run()
#24 /Users/ahmadmhala/Downloads/RestoFy-main/vendor/laravel/framework/src/Illuminate/Container/Util.php(43): Illuminate\\Container\\BoundMethod::{closure:Illuminate\\Container\\BoundMethod::call():35}()
#25 /Users/ahmadmhala/Downloads/RestoFy-main/vendor/laravel/framework/src/Illuminate/Container/BoundMethod.php(95): Illuminate\\Container\\Util::unwrapIfClosure(Object(Closure))
#26 /Users/ahmadmhala/Downloads/RestoFy-main/vendor/laravel/framework/src/Illuminate/Container/BoundMethod.php(35): Illuminate\\Container\\BoundMethod::callBoundMethod(Object(Illuminate\\Foundation\\Application), Array, Object(Closure))
#27 /Users/ahmadmhala/Downloads/RestoFy-main/vendor/laravel/framework/src/Illuminate/Container/Container.php(696): Illuminate\\Container\\BoundMethod::call(Object(Illuminate\\Foundation\\Application), Array, Array, NULL)
#28 /Users/ahmadmhala/Downloads/RestoFy-main/vendor/laravel/framework/src/Illuminate/Database/Seeder.php(188): Illuminate\\Container\\Container->call(Array, Array)
#29 /Users/ahmadmhala/Downloads/RestoFy-main/vendor/laravel/framework/src/Illuminate/Database/Seeder.php(197): Illuminate\\Database\\Seeder->{closure:Illuminate\\Database\\Seeder::__invoke():187}()
#30 /Users/ahmadmhala/Downloads/RestoFy-main/vendor/laravel/framework/src/Illuminate/Database/Console/Seeds/SeedCommand.php(70): Illuminate\\Database\\Seeder->__invoke()
#31 /Users/ahmadmhala/Downloads/RestoFy-main/vendor/laravel/framework/src/Illuminate/Database/Eloquent/Concerns/GuardsAttributes.php(155): Illuminate\\Database\\Console\\Seeds\\SeedCommand->{closure:Illuminate\\Database\\Console\\Seeds\\SeedCommand::handle():69}()
#32 /Users/ahmadmhala/Downloads/RestoFy-main/vendor/laravel/framework/src/Illuminate/Database/Console/Seeds/SeedCommand.php(69): Illuminate\\Database\\Eloquent\\Model::unguarded(Object(Closure))
#33 /Users/ahmadmhala/Downloads/RestoFy-main/vendor/stancl/tenancy/src/Commands/Seed.php(59): Illuminate\\Database\\Console\\Seeds\\SeedCommand->handle()
#34 /Users/ahmadmhala/Downloads/RestoFy-main/vendor/stancl/tenancy/src/Tenancy.php(160): Stancl\\Tenancy\\Commands\\Seed->{closure:Stancl\\Tenancy\\Commands\\Seed::handle():53}(Object(App\\Models\\Tenant))
#35 /Users/ahmadmhala/Downloads/RestoFy-main/vendor/stancl/tenancy/src/Commands/Seed.php(53): Stancl\\Tenancy\\Tenancy->runForMultiple(Array, Object(Closure))
#36 /Users/ahmadmhala/Downloads/RestoFy-main/vendor/laravel/framework/src/Illuminate/Container/BoundMethod.php(36): Stancl\\Tenancy\\Commands\\Seed->handle()
#37 /Users/ahmadmhala/Downloads/RestoFy-main/vendor/laravel/framework/src/Illuminate/Container/Util.php(43): Illuminate\\Container\\BoundMethod::{closure:Illuminate\\Container\\BoundMethod::call():35}()
#38 /Users/ahmadmhala/Downloads/RestoFy-main/vendor/laravel/framework/src/Illuminate/Container/BoundMethod.php(95): Illuminate\\Container\\Util::unwrapIfClosure(Object(Closure))
#39 /Users/ahmadmhala/Downloads/RestoFy-main/vendor/laravel/framework/src/Illuminate/Container/BoundMethod.php(35): Illuminate\\Container\\BoundMethod::callBoundMethod(Object(Illuminate\\Foundation\\Application), Array, Object(Closure))
#40 /Users/ahmadmhala/Downloads/RestoFy-main/vendor/laravel/framework/src/Illuminate/Container/Container.php(696): Illuminate\\Container\\BoundMethod::call(Object(Illuminate\\Foundation\\Application), Array, Array, NULL)
#41 /Users/ahmadmhala/Downloads/RestoFy-main/vendor/laravel/framework/src/Illuminate/Console/Command.php(213): Illuminate\\Container\\Container->call(Array)
#42 /Users/ahmadmhala/Downloads/RestoFy-main/vendor/symfony/console/Command/Command.php(318): Illuminate\\Console\\Command->execute(Object(Symfony\\Component\\Console\\Input\\ArgvInput), Object(Illuminate\\Console\\OutputStyle))
#43 /Users/ahmadmhala/Downloads/RestoFy-main/vendor/laravel/framework/src/Illuminate/Console/Command.php(182): Symfony\\Component\\Console\\Command\\Command->run(Object(Symfony\\Component\\Console\\Input\\ArgvInput), Object(Illuminate\\Console\\OutputStyle))
#44 /Users/ahmadmhala/Downloads/RestoFy-main/vendor/symfony/console/Application.php(1073): Illuminate\\Console\\Command->run(Object(Symfony\\Component\\Console\\Input\\ArgvInput), Object(Symfony\\Component\\Console\\Output\\ConsoleOutput))
#45 /Users/ahmadmhala/Downloads/RestoFy-main/vendor/symfony/console/Application.php(356): Symfony\\Component\\Console\\Application->doRunCommand(Object(Stancl\\Tenancy\\Commands\\Seed), Object(Symfony\\Component\\Console\\Input\\ArgvInput), Object(Symfony\\Component\\Console\\Output\\ConsoleOutput))
#46 /Users/ahmadmhala/Downloads/RestoFy-main/vendor/symfony/console/Application.php(195): Symfony\\Component\\Console\\Application->doRun(Object(Symfony\\Component\\Console\\Input\\ArgvInput), Object(Symfony\\Component\\Console\\Output\\ConsoleOutput))
#47 /Users/ahmadmhala/Downloads/RestoFy-main/vendor/laravel/framework/src/Illuminate/Foundation/Console/Kernel.php(198): Symfony\\Component\\Console\\Application->run(Object(Symfony\\Component\\Console\\Input\\ArgvInput), Object(Symfony\\Component\\Console\\Output\\ConsoleOutput))
#48 /Users/ahmadmhala/Downloads/RestoFy-main/vendor/laravel/framework/src/Illuminate/Foundation/Application.php(1235): Illuminate\\Foundation\\Console\\Kernel->handle(Object(Symfony\\Component\\Console\\Input\\ArgvInput), Object(Symfony\\Component\\Console\\Output\\ConsoleOutput))
#49 /Users/ahmadmhala/Downloads/RestoFy-main/artisan(13): Illuminate\\Foundation\\Application->handleCommand(Object(Symfony\\Component\\Console\\Input\\ArgvInput))
#50 {main}
"} 
[2025-12-12 09:24:58] local.INFO: Attempting to resolve tenant for domain: demo.localhost  
[2025-12-12 09:24:58] local.INFO: Tenant initialized successfully: demo  
[2025-12-12 09:24:58] local.INFO: Database bootstrapper completed for tenant: demo  
[2025-12-12 09:24:59] local.INFO: Attempting to resolve tenant for domain: demo.localhost  
[2025-12-12 09:24:59] local.INFO: Tenant initialized successfully: demo  
[2025-12-12 09:24:59] local.INFO: Database bootstrapper completed for tenant: demo  
[2025-12-12 09:25:50] local.ERROR: SQLSTATE[42703]: Undefined column: 7 ERROR:  column "email" does not exist
LINE 1: ...ct * from "staff" where ("restaurant_id" = $1 and "email" = ...
                                                             ^ (Connection: tenant, SQL: select * from "staff" where ("restaurant_id" = 1 and "email" = manager@restaurant.com) limit 1) {"exception":"[object] (Illuminate\\Database\\QueryException(code: 42703): SQLSTATE[42703]: Undefined column: 7 ERROR:  column \"email\" does not exist
LINE 1: ...ct * from \"staff\" where (\"restaurant_id\" = $1 and \"email\" = ...
                                                             ^ (Connection: tenant, SQL: select * from \"staff\" where (\"restaurant_id\" = 1 and \"email\" = manager@restaurant.com) limit 1) at /Users/ahmadmhala/Downloads/RestoFy-main/vendor/laravel/framework/src/Illuminate/Database/Connection.php:825)
[stacktrace]
#0 /Users/ahmadmhala/Downloads/RestoFy-main/vendor/laravel/framework/src/Illuminate/Database/Connection.php(779): Illuminate\\Database\\Connection->runQueryCallback('select * from \"...', Array, Object(Closure))
#1 /Users/ahmadmhala/Downloads/RestoFy-main/vendor/laravel/framework/src/Illuminate/Database/Connection.php(398): Illuminate\\Database\\Connection->run('select * from \"...', Array, Object(Closure))
#2 /Users/ahmadmhala/Downloads/RestoFy-main/vendor/laravel/framework/src/Illuminate/Database/Query/Builder.php(3106): Illuminate\\Database\\Connection->select('select * from \"...', Array, true)
#3 /Users/ahmadmhala/Downloads/RestoFy-main/vendor/laravel/framework/src/Illuminate/Database/Query/Builder.php(3091): Illuminate\\Database\\Query\\Builder->runSelect()
#4 /Users/ahmadmhala/Downloads/RestoFy-main/vendor/laravel/framework/src/Illuminate/Database/Query/Builder.php(3676): Illuminate\\Database\\Query\\Builder->{closure:Illuminate\\Database\\Query\\Builder::get():3090}()
#5 /Users/ahmadmhala/Downloads/RestoFy-main/vendor/laravel/framework/src/Illuminate/Database/Query/Builder.php(3090): Illuminate\\Database\\Query\\Builder->onceWithColumns(Array, Object(Closure))
#6 /Users/ahmadmhala/Downloads/RestoFy-main/vendor/laravel/framework/src/Illuminate/Database/Eloquent/Builder.php(811): Illuminate\\Database\\Query\\Builder->get(Array)
#7 /Users/ahmadmhala/Downloads/RestoFy-main/vendor/laravel/framework/src/Illuminate/Database/Eloquent/Builder.php(793): Illuminate\\Database\\Eloquent\\Builder->getModels(Array)
#8 /Users/ahmadmhala/Downloads/RestoFy-main/vendor/laravel/framework/src/Illuminate/Database/Concerns/BuildsQueries.php(343): Illuminate\\Database\\Eloquent\\Builder->get(Array)
#9 /Users/ahmadmhala/Downloads/RestoFy-main/vendor/laravel/framework/src/Illuminate/Database/Eloquent/Builder.php(617): Illuminate\\Database\\Eloquent\\Builder->first()
#10 /Users/ahmadmhala/Downloads/RestoFy-main/vendor/laravel/framework/src/Illuminate/Support/Traits/ForwardsCalls.php(23): Illuminate\\Database\\Eloquent\\Builder->firstOrCreate(Array, Array)
#11 /Users/ahmadmhala/Downloads/RestoFy-main/vendor/laravel/framework/src/Illuminate/Database/Eloquent/Model.php(2372): Illuminate\\Database\\Eloquent\\Model->forwardCallTo(Object(Illuminate\\Database\\Eloquent\\Builder), 'firstOrCreate', Array)
#12 /Users/ahmadmhala/Downloads/RestoFy-main/vendor/laravel/framework/src/Illuminate/Database/Eloquent/Model.php(2384): Illuminate\\Database\\Eloquent\\Model->__call('firstOrCreate', Array)
#13 /Users/ahmadmhala/Downloads/RestoFy-main/database/seeders/DashboardDemoSeeder.php(215): Illuminate\\Database\\Eloquent\\Model::__callStatic('firstOrCreate', Array)
#14 /Users/ahmadmhala/Downloads/RestoFy-main/vendor/laravel/framework/src/Illuminate/Container/BoundMethod.php(36): Database\\Seeders\\DashboardDemoSeeder->run()
#15 /Users/ahmadmhala/Downloads/RestoFy-main/vendor/laravel/framework/src/Illuminate/Container/Util.php(43): Illuminate\\Container\\BoundMethod::{closure:Illuminate\\Container\\BoundMethod::call():35}()
#16 /Users/ahmadmhala/Downloads/RestoFy-main/vendor/laravel/framework/src/Illuminate/Container/BoundMethod.php(95): Illuminate\\Container\\Util::unwrapIfClosure(Object(Closure))
#17 /Users/ahmadmhala/Downloads/RestoFy-main/vendor/laravel/framework/src/Illuminate/Container/BoundMethod.php(35): Illuminate\\Container\\BoundMethod::callBoundMethod(Object(Illuminate\\Foundation\\Application), Array, Object(Closure))
#18 /Users/ahmadmhala/Downloads/RestoFy-main/vendor/laravel/framework/src/Illuminate/Container/Container.php(696): Illuminate\\Container\\BoundMethod::call(Object(Illuminate\\Foundation\\Application), Array, Array, NULL)
#19 /Users/ahmadmhala/Downloads/RestoFy-main/vendor/laravel/framework/src/Illuminate/Database/Seeder.php(188): Illuminate\\Container\\Container->call(Array, Array)
#20 /Users/ahmadmhala/Downloads/RestoFy-main/vendor/laravel/framework/src/Illuminate/Database/Seeder.php(197): Illuminate\\Database\\Seeder->{closure:Illuminate\\Database\\Seeder::__invoke():187}()
#21 /Users/ahmadmhala/Downloads/RestoFy-main/vendor/laravel/framework/src/Illuminate/Database/Console/Seeds/SeedCommand.php(70): Illuminate\\Database\\Seeder->__invoke()
#22 /Users/ahmadmhala/Downloads/RestoFy-main/vendor/laravel/framework/src/Illuminate/Database/Eloquent/Concerns/GuardsAttributes.php(155): Illuminate\\Database\\Console\\Seeds\\SeedCommand->{closure:Illuminate\\Database\\Console\\Seeds\\SeedCommand::handle():69}()
#23 /Users/ahmadmhala/Downloads/RestoFy-main/vendor/laravel/framework/src/Illuminate/Database/Console/Seeds/SeedCommand.php(69): Illuminate\\Database\\Eloquent\\Model::unguarded(Object(Closure))
#24 /Users/ahmadmhala/Downloads/RestoFy-main/vendor/stancl/tenancy/src/Commands/Seed.php(59): Illuminate\\Database\\Console\\Seeds\\SeedCommand->handle()
#25 /Users/ahmadmhala/Downloads/RestoFy-main/vendor/stancl/tenancy/src/Tenancy.php(160): Stancl\\Tenancy\\Commands\\Seed->{closure:Stancl\\Tenancy\\Commands\\Seed::handle():53}(Object(App\\Models\\Tenant))
#26 /Users/ahmadmhala/Downloads/RestoFy-main/vendor/stancl/tenancy/src/Commands/Seed.php(53): Stancl\\Tenancy\\Tenancy->runForMultiple(Array, Object(Closure))
#27 /Users/ahmadmhala/Downloads/RestoFy-main/vendor/laravel/framework/src/Illuminate/Container/BoundMethod.php(36): Stancl\\Tenancy\\Commands\\Seed->handle()
#28 /Users/ahmadmhala/Downloads/RestoFy-main/vendor/laravel/framework/src/Illuminate/Container/Util.php(43): Illuminate\\Container\\BoundMethod::{closure:Illuminate\\Container\\BoundMethod::call():35}()
#29 /Users/ahmadmhala/Downloads/RestoFy-main/vendor/laravel/framework/src/Illuminate/Container/BoundMethod.php(95): Illuminate\\Container\\Util::unwrapIfClosure(Object(Closure))
#30 /Users/ahmadmhala/Downloads/RestoFy-main/vendor/laravel/framework/src/Illuminate/Container/BoundMethod.php(35): Illuminate\\Container\\BoundMethod::callBoundMethod(Object(Illuminate\\Foundation\\Application), Array, Object(Closure))
#31 /Users/ahmadmhala/Downloads/RestoFy-main/vendor/laravel/framework/src/Illuminate/Container/Container.php(696): Illuminate\\Container\\BoundMethod::call(Object(Illuminate\\Foundation\\Application), Array, Array, NULL)
#32 /Users/ahmadmhala/Downloads/RestoFy-main/vendor/laravel/framework/src/Illuminate/Console/Command.php(213): Illuminate\\Container\\Container->call(Array)
#33 /Users/ahmadmhala/Downloads/RestoFy-main/vendor/symfony/console/Command/Command.php(318): Illuminate\\Console\\Command->execute(Object(Symfony\\Component\\Console\\Input\\ArgvInput), Object(Illuminate\\Console\\OutputStyle))
#34 /Users/ahmadmhala/Downloads/RestoFy-main/vendor/laravel/framework/src/Illuminate/Console/Command.php(182): Symfony\\Component\\Console\\Command\\Command->run(Object(Symfony\\Component\\Console\\Input\\ArgvInput), Object(Illuminate\\Console\\OutputStyle))
#35 /Users/ahmadmhala/Downloads/RestoFy-main/vendor/symfony/console/Application.php(1073): Illuminate\\Console\\Command->run(Object(Symfony\\Component\\Console\\Input\\ArgvInput), Object(Symfony\\Component\\Console\\Output\\ConsoleOutput))
#36 /Users/ahmadmhala/Downloads/RestoFy-main/vendor/symfony/console/Application.php(356): Symfony\\Component\\Console\\Application->doRunCommand(Object(Stancl\\Tenancy\\Commands\\Seed), Object(Symfony\\Component\\Console\\Input\\ArgvInput), Object(Symfony\\Component\\Console\\Output\\ConsoleOutput))
#37 /Users/ahmadmhala/Downloads/RestoFy-main/vendor/symfony/console/Application.php(195): Symfony\\Component\\Console\\Application->doRun(Object(Symfony\\Component\\Console\\Input\\ArgvInput), Object(Symfony\\Component\\Console\\Output\\ConsoleOutput))
#38 /Users/ahmadmhala/Downloads/RestoFy-main/vendor/laravel/framework/src/Illuminate/Foundation/Console/Kernel.php(198): Symfony\\Component\\Console\\Application->run(Object(Symfony\\Component\\Console\\Input\\ArgvInput), Object(Symfony\\Component\\Console\\Output\\ConsoleOutput))
#39 /Users/ahmadmhala/Downloads/RestoFy-main/vendor/laravel/framework/src/Illuminate/Foundation/Application.php(1235): Illuminate\\Foundation\\Console\\Kernel->handle(Object(Symfony\\Component\\Console\\Input\\ArgvInput), Object(Symfony\\Component\\Console\\Output\\ConsoleOutput))
#40 /Users/ahmadmhala/Downloads/RestoFy-main/artisan(13): Illuminate\\Foundation\\Application->handleCommand(Object(Symfony\\Component\\Console\\Input\\ArgvInput))
#41 {main}

[previous exception] [object] (PDOException(code: 42703): SQLSTATE[42703]: Undefined column: 7 ERROR:  column \"email\" does not exist
LINE 1: ...ct * from \"staff\" where (\"restaurant_id\" = $1 and \"email\" = ...
                                                             ^ at /Users/ahmadmhala/Downloads/RestoFy-main/vendor/laravel/framework/src/Illuminate/Database/Connection.php:412)
[stacktrace]
#0 /Users/ahmadmhala/Downloads/RestoFy-main/vendor/laravel/framework/src/Illuminate/Database/Connection.php(412): PDOStatement->execute()
#1 /Users/ahmadmhala/Downloads/RestoFy-main/vendor/laravel/framework/src/Illuminate/Database/Connection.php(812): Illuminate\\Database\\Connection->{closure:Illuminate\\Database\\Connection::select():398}('select * from \"...', Array)
#2 /Users/ahmadmhala/Downloads/RestoFy-main/vendor/laravel/framework/src/Illuminate/Database/Connection.php(779): Illuminate\\Database\\Connection->runQueryCallback('select * from \"...', Array, Object(Closure))
#3 /Users/ahmadmhala/Downloads/RestoFy-main/vendor/laravel/framework/src/Illuminate/Database/Connection.php(398): Illuminate\\Database\\Connection->run('select * from \"...', Array, Object(Closure))
#4 /Users/ahmadmhala/Downloads/RestoFy-main/vendor/laravel/framework/src/Illuminate/Database/Query/Builder.php(3106): Illuminate\\Database\\Connection->select('select * from \"...', Array, true)
#5 /Users/ahmadmhala/Downloads/RestoFy-main/vendor/laravel/framework/src/Illuminate/Database/Query/Builder.php(3091): Illuminate\\Database\\Query\\Builder->runSelect()
#6 /Users/ahmadmhala/Downloads/RestoFy-main/vendor/laravel/framework/src/Illuminate/Database/Query/Builder.php(3676): Illuminate\\Database\\Query\\Builder->{closure:Illuminate\\Database\\Query\\Builder::get():3090}()
#7 /Users/ahmadmhala/Downloads/RestoFy-main/vendor/laravel/framework/src/Illuminate/Database/Query/Builder.php(3090): Illuminate\\Database\\Query\\Builder->onceWithColumns(Array, Object(Closure))
#8 /Users/ahmadmhala/Downloads/RestoFy-main/vendor/laravel/framework/src/Illuminate/Database/Eloquent/Builder.php(811): Illuminate\\Database\\Query\\Builder->get(Array)
#9 /Users/ahmadmhala/Downloads/RestoFy-main/vendor/laravel/framework/src/Illuminate/Database/Eloquent/Builder.php(793): Illuminate\\Database\\Eloquent\\Builder->getModels(Array)
#10 /Users/ahmadmhala/Downloads/RestoFy-main/vendor/laravel/framework/src/Illuminate/Database/Concerns/BuildsQueries.php(343): Illuminate\\Database\\Eloquent\\Builder->get(Array)
#11 /Users/ahmadmhala/Downloads/RestoFy-main/vendor/laravel/framework/src/Illuminate/Database/Eloquent/Builder.php(617): Illuminate\\Database\\Eloquent\\Builder->first()
#12 /Users/ahmadmhala/Downloads/RestoFy-main/vendor/laravel/framework/src/Illuminate/Support/Traits/ForwardsCalls.php(23): Illuminate\\Database\\Eloquent\\Builder->firstOrCreate(Array, Array)
#13 /Users/ahmadmhala/Downloads/RestoFy-main/vendor/laravel/framework/src/Illuminate/Database/Eloquent/Model.php(2372): Illuminate\\Database\\Eloquent\\Model->forwardCallTo(Object(Illuminate\\Database\\Eloquent\\Builder), 'firstOrCreate', Array)
#14 /Users/ahmadmhala/Downloads/RestoFy-main/vendor/laravel/framework/src/Illuminate/Database/Eloquent/Model.php(2384): Illuminate\\Database\\Eloquent\\Model->__call('firstOrCreate', Array)
#15 /Users/ahmadmhala/Downloads/RestoFy-main/database/seeders/DashboardDemoSeeder.php(215): Illuminate\\Database\\Eloquent\\Model::__callStatic('firstOrCreate', Array)
#16 /Users/ahmadmhala/Downloads/RestoFy-main/vendor/laravel/framework/src/Illuminate/Container/BoundMethod.php(36): Database\\Seeders\\DashboardDemoSeeder->run()
#17 /Users/ahmadmhala/Downloads/RestoFy-main/vendor/laravel/framework/src/Illuminate/Container/Util.php(43): Illuminate\\Container\\BoundMethod::{closure:Illuminate\\Container\\BoundMethod::call():35}()
#18 /Users/ahmadmhala/Downloads/RestoFy-main/vendor/laravel/framework/src/Illuminate/Container/BoundMethod.php(95): Illuminate\\Container\\Util::unwrapIfClosure(Object(Closure))
#19 /Users/ahmadmhala/Downloads/RestoFy-main/vendor/laravel/framework/src/Illuminate/Container/BoundMethod.php(35): Illuminate\\Container\\BoundMethod::callBoundMethod(Object(Illuminate\\Foundation\\Application), Array, Object(Closure))
#20 /Users/ahmadmhala/Downloads/RestoFy-main/vendor/laravel/framework/src/Illuminate/Container/Container.php(696): Illuminate\\Container\\BoundMethod::call(Object(Illuminate\\Foundation\\Application), Array, Array, NULL)
#21 /Users/ahmadmhala/Downloads/RestoFy-main/vendor/laravel/framework/src/Illuminate/Database/Seeder.php(188): Illuminate\\Container\\Container->call(Array, Array)
#22 /Users/ahmadmhala/Downloads/RestoFy-main/vendor/laravel/framework/src/Illuminate/Database/Seeder.php(197): Illuminate\\Database\\Seeder->{closure:Illuminate\\Database\\Seeder::__invoke():187}()
#23 /Users/ahmadmhala/Downloads/RestoFy-main/vendor/laravel/framework/src/Illuminate/Database/Console/Seeds/SeedCommand.php(70): Illuminate\\Database\\Seeder->__invoke()
#24 /Users/ahmadmhala/Downloads/RestoFy-main/vendor/laravel/framework/src/Illuminate/Database/Eloquent/Concerns/GuardsAttributes.php(155): Illuminate\\Database\\Console\\Seeds\\SeedCommand->{closure:Illuminate\\Database\\Console\\Seeds\\SeedCommand::handle():69}()
#25 /Users/ahmadmhala/Downloads/RestoFy-main/vendor/laravel/framework/src/Illuminate/Database/Console/Seeds/SeedCommand.php(69): Illuminate\\Database\\Eloquent\\Model::unguarded(Object(Closure))
#26 /Users/ahmadmhala/Downloads/RestoFy-main/vendor/stancl/tenancy/src/Commands/Seed.php(59): Illuminate\\Database\\Console\\Seeds\\SeedCommand->handle()
#27 /Users/ahmadmhala/Downloads/RestoFy-main/vendor/stancl/tenancy/src/Tenancy.php(160): Stancl\\Tenancy\\Commands\\Seed->{closure:Stancl\\Tenancy\\Commands\\Seed::handle():53}(Object(App\\Models\\Tenant))
#28 /Users/ahmadmhala/Downloads/RestoFy-main/vendor/stancl/tenancy/src/Commands/Seed.php(53): Stancl\\Tenancy\\Tenancy->runForMultiple(Array, Object(Closure))
#29 /Users/ahmadmhala/Downloads/RestoFy-main/vendor/laravel/framework/src/Illuminate/Container/BoundMethod.php(36): Stancl\\Tenancy\\Commands\\Seed->handle()
#30 /Users/ahmadmhala/Downloads/RestoFy-main/vendor/laravel/framework/src/Illuminate/Container/Util.php(43): Illuminate\\Container\\BoundMethod::{closure:Illuminate\\Container\\BoundMethod::call():35}()
#31 /Users/ahmadmhala/Downloads/RestoFy-main/vendor/laravel/framework/src/Illuminate/Container/BoundMethod.php(95): Illuminate\\Container\\Util::unwrapIfClosure(Object(Closure))
#32 /Users/ahmadmhala/Downloads/RestoFy-main/vendor/laravel/framework/src/Illuminate/Container/BoundMethod.php(35): Illuminate\\Container\\BoundMethod::callBoundMethod(Object(Illuminate\\Foundation\\Application), Array, Object(Closure))
#33 /Users/ahmadmhala/Downloads/RestoFy-main/vendor/laravel/framework/src/Illuminate/Container/Container.php(696): Illuminate\\Container\\BoundMethod::call(Object(Illuminate\\Foundation\\Application), Array, Array, NULL)
#34 /Users/ahmadmhala/Downloads/RestoFy-main/vendor/laravel/framework/src/Illuminate/Console/Command.php(213): Illuminate\\Container\\Container->call(Array)
#35 /Users/ahmadmhala/Downloads/RestoFy-main/vendor/symfony/console/Command/Command.php(318): Illuminate\\Console\\Command->execute(Object(Symfony\\Component\\Console\\Input\\ArgvInput), Object(Illuminate\\Console\\OutputStyle))
#36 /Users/ahmadmhala/Downloads/RestoFy-main/vendor/laravel/framework/src/Illuminate/Console/Command.php(182): Symfony\\Component\\Console\\Command\\Command->run(Object(Symfony\\Component\\Console\\Input\\ArgvInput), Object(Illuminate\\Console\\OutputStyle))
#37 /Users/ahmadmhala/Downloads/RestoFy-main/vendor/symfony/console/Application.php(1073): Illuminate\\Console\\Command->run(Object(Symfony\\Component\\Console\\Input\\ArgvInput), Object(Symfony\\Component\\Console\\Output\\ConsoleOutput))
#38 /Users/ahmadmhala/Downloads/RestoFy-main/vendor/symfony/console/Application.php(356): Symfony\\Component\\Console\\Application->doRunCommand(Object(Stancl\\Tenancy\\Commands\\Seed), Object(Symfony\\Component\\Console\\Input\\ArgvInput), Object(Symfony\\Component\\Console\\Output\\ConsoleOutput))
#39 /Users/ahmadmhala/Downloads/RestoFy-main/vendor/symfony/console/Application.php(195): Symfony\\Component\\Console\\Application->doRun(Object(Symfony\\Component\\Console\\Input\\ArgvInput), Object(Symfony\\Component\\Console\\Output\\ConsoleOutput))
#40 /Users/ahmadmhala/Downloads/RestoFy-main/vendor/laravel/framework/src/Illuminate/Foundation/Console/Kernel.php(198): Symfony\\Component\\Console\\Application->run(Object(Symfony\\Component\\Console\\Input\\ArgvInput), Object(Symfony\\Component\\Console\\Output\\ConsoleOutput))
#41 /Users/ahmadmhala/Downloads/RestoFy-main/vendor/laravel/framework/src/Illuminate/Foundation/Application.php(1235): Illuminate\\Foundation\\Console\\Kernel->handle(Object(Symfony\\Component\\Console\\Input\\ArgvInput), Object(Symfony\\Component\\Console\\Output\\ConsoleOutput))
#42 /Users/ahmadmhala/Downloads/RestoFy-main/artisan(13): Illuminate\\Foundation\\Application->handleCommand(Object(Symfony\\Component\\Console\\Input\\ArgvInput))
#43 {main}
"} 
[2025-12-12 09:29:00] local.INFO: Attempting to resolve tenant for domain: demo.localhost  
[2025-12-12 09:29:00] local.INFO: Tenant initialized successfully: demo  
[2025-12-12 09:29:00] local.INFO: Database bootstrapper completed for tenant: demo  
[2025-12-12 09:29:02] local.INFO: Attempting to resolve tenant for domain: demo.localhost  
[2025-12-12 09:29:02] local.INFO: Tenant initialized successfully: demo  
[2025-12-12 09:29:02] local.INFO: Database bootstrapper completed for tenant: demo  
[2025-12-12 09:29:07] local.INFO: Attempting to resolve tenant for domain: demo.localhost  
[2025-12-12 09:29:07] local.INFO: Tenant initialized successfully: demo  
[2025-12-12 09:29:07] local.INFO: Database bootstrapper completed for tenant: demo  
[2025-12-12 09:29:33] local.INFO: Attempting to resolve tenant for domain: demo.localhost  
[2025-12-12 09:29:33] local.INFO: Tenant initialized successfully: demo  
[2025-12-12 09:29:33] local.INFO: Database bootstrapper completed for tenant: demo  
[2025-12-12 09:29:45] local.INFO: Attempting to resolve tenant for domain: demo.localhost  
[2025-12-12 09:29:45] local.INFO: Tenant initialized successfully: demo  
[2025-12-12 09:29:45] local.INFO: Database bootstrapper completed for tenant: demo  
[2025-12-12 09:29:52] local.INFO: Attempting to resolve tenant for domain: demo.localhost  
[2025-12-12 09:29:52] local.INFO: Tenant initialized successfully: demo  
[2025-12-12 09:29:52] local.INFO: Database bootstrapper completed for tenant: demo  
[2025-12-12 09:29:57] local.INFO: Attempting to resolve tenant for domain: demo.localhost  
[2025-12-12 09:29:57] local.INFO: Tenant initialized successfully: demo  
[2025-12-12 09:29:57] local.INFO: Database bootstrapper completed for tenant: demo  
[2025-12-12 09:30:19] local.INFO: Attempting to resolve tenant for domain: demo.localhost  
[2025-12-12 09:30:19] local.INFO: Tenant initialized successfully: demo  
[2025-12-12 09:30:19] local.INFO: Database bootstrapper completed for tenant: demo  
[2025-12-12 09:30:25] local.INFO: Attempting to resolve tenant for domain: demo.localhost  
[2025-12-12 09:30:25] local.INFO: Tenant initialized successfully: demo  
[2025-12-12 09:30:25] local.INFO: Database bootstrapper completed for tenant: demo  
[2025-12-12 09:30:25] local.INFO: Attempting to resolve tenant for domain: demo.localhost  
[2025-12-12 09:30:25] local.INFO: Tenant initialized successfully: demo  
[2025-12-12 09:30:25] local.INFO: Database bootstrapper completed for tenant: demo  
[2025-12-12 09:30:33] local.INFO: Attempting to resolve tenant for domain: demo.localhost  
[2025-12-12 09:30:33] local.INFO: Tenant initialized successfully: demo  
[2025-12-12 09:30:33] local.INFO: Database bootstrapper completed for tenant: demo  
[2025-12-12 09:31:01] local.INFO: Attempting to resolve tenant for domain: demo.localhost  
[2025-12-12 09:31:01] local.INFO: Tenant initialized successfully: demo  
[2025-12-12 09:31:01] local.INFO: Database bootstrapper completed for tenant: demo  
[2025-12-12 09:31:01] local.INFO: Attempting to resolve tenant for domain: demo.localhost  
[2025-12-12 09:31:01] local.INFO: Tenant initialized successfully: demo  
[2025-12-12 09:31:01] local.INFO: Database bootstrapper completed for tenant: demo  
[2025-12-12 09:31:02] local.INFO: Attempting to resolve tenant for domain: demo.localhost  
[2025-12-12 09:31:02] local.INFO: Tenant initialized successfully: demo  
[2025-12-12 09:31:02] local.INFO: Database bootstrapper completed for tenant: demo  
[2025-12-12 09:31:03] local.INFO: Attempting to resolve tenant for domain: demo.localhost  
[2025-12-12 09:31:03] local.INFO: Tenant initialized successfully: demo  
[2025-12-12 09:31:03] local.INFO: Database bootstrapper completed for tenant: demo  
[2025-12-12 09:33:13] local.INFO: Attempting to resolve tenant for domain: demo.localhost  
[2025-12-12 09:33:13] local.INFO: Tenant initialized successfully: demo  
[2025-12-12 09:33:13] local.INFO: Database bootstrapper completed for tenant: demo  
[2025-12-12 09:33:14] local.INFO: Attempting to resolve tenant for domain: demo.localhost  
[2025-12-12 09:33:14] local.INFO: Tenant initialized successfully: demo  
[2025-12-12 09:33:14] local.INFO: Database bootstrapper completed for tenant: demo  
[2025-12-12 09:33:15] local.INFO: Attempting to resolve tenant for domain: demo.localhost  
[2025-12-12 09:33:15] local.INFO: Tenant initialized successfully: demo  
[2025-12-12 09:33:15] local.INFO: Database bootstrapper completed for tenant: demo  
[2025-12-12 09:34:05] local.INFO: Attempting to resolve tenant for domain: demo.localhost  
[2025-12-12 09:34:05] local.INFO: Tenant initialized successfully: demo  
[2025-12-12 09:34:05] local.INFO: Database bootstrapper completed for tenant: demo  
[2025-12-12 09:34:07] local.INFO: Attempting to resolve tenant for domain: demo.localhost  
[2025-12-12 09:34:07] local.INFO: Tenant initialized successfully: demo  
[2025-12-12 09:34:07] local.INFO: Database bootstrapper completed for tenant: demo  
[2025-12-12 09:34:09] local.INFO: Attempting to resolve tenant for domain: demo.localhost  
[2025-12-12 09:34:09] local.INFO: Tenant initialized successfully: demo  
[2025-12-12 09:34:09] local.INFO: Database bootstrapper completed for tenant: demo  
[2025-12-12 09:34:10] local.INFO: Attempting to resolve tenant for domain: demo.localhost  
[2025-12-12 09:34:10] local.INFO: Tenant initialized successfully: demo  
[2025-12-12 09:34:10] local.INFO: Database bootstrapper completed for tenant: demo  
[2025-12-12 09:34:48] local.INFO: Attempting to resolve tenant for domain: demo.localhost  
[2025-12-12 09:34:48] local.INFO: Tenant initialized successfully: demo  
[2025-12-12 09:34:48] local.INFO: Database bootstrapper completed for tenant: demo  
[2025-12-12 09:34:49] local.INFO: Attempting to resolve tenant for domain: demo.localhost  
[2025-12-12 09:34:49] local.INFO: Tenant initialized successfully: demo  
[2025-12-12 09:34:49] local.INFO: Database bootstrapper completed for tenant: demo  
[2025-12-12 09:34:51] local.INFO: Attempting to resolve tenant for domain: demo.localhost  
[2025-12-12 09:34:51] local.INFO: Tenant initialized successfully: demo  
[2025-12-12 09:34:51] local.INFO: Database bootstrapper completed for tenant: demo  
[2025-12-12 09:34:52] local.INFO: Attempting to resolve tenant for domain: demo.localhost  
[2025-12-12 09:34:52] local.INFO: Tenant initialized successfully: demo  
[2025-12-12 09:34:52] local.INFO: Database bootstrapper completed for tenant: demo  
[2025-12-12 09:34:57] local.INFO: Attempting to resolve tenant for domain: demo.localhost  
[2025-12-12 09:34:57] local.INFO: Tenant initialized successfully: demo  
[2025-12-12 09:34:57] local.INFO: Database bootstrapper completed for tenant: demo  
[2025-12-12 09:35:02] local.INFO: Attempting to resolve tenant for domain: demo.localhost  
[2025-12-12 09:35:02] local.INFO: Tenant initialized successfully: demo  
[2025-12-12 09:35:02] local.INFO: Database bootstrapper completed for tenant: demo  
[2025-12-12 09:35:10] local.INFO: Attempting to resolve tenant for domain: demo.localhost  
[2025-12-12 09:35:10] local.INFO: Tenant initialized successfully: demo  
[2025-12-12 09:35:10] local.INFO: Database bootstrapper completed for tenant: demo  
[2025-12-12 09:35:27] local.INFO: Attempting to resolve tenant for domain: demo.localhost  
[2025-12-12 09:35:27] local.INFO: Tenant initialized successfully: demo  
[2025-12-12 09:35:27] local.INFO: Database bootstrapper completed for tenant: demo  
[2025-12-12 09:35:50] local.INFO: Attempting to resolve tenant for domain: demo.localhost  
[2025-12-12 09:35:50] local.INFO: Tenant initialized successfully: demo  
[2025-12-12 09:35:50] local.INFO: Database bootstrapper completed for tenant: demo  
[2025-12-12 09:35:50] local.INFO: Attempting to resolve tenant for domain: demo.localhost  
[2025-12-12 09:35:50] local.INFO: Tenant initialized successfully: demo  
[2025-12-12 09:35:50] local.INFO: Database bootstrapper completed for tenant: demo  
[2025-12-12 09:35:54] local.INFO: Attempting to resolve tenant for domain: demo.localhost  
[2025-12-12 09:35:54] local.INFO: Tenant initialized successfully: demo  
[2025-12-12 09:35:54] local.INFO: Database bootstrapper completed for tenant: demo  
[2025-12-12 09:35:54] local.INFO: Attempting to resolve tenant for domain: demo.localhost  
[2025-12-12 09:35:54] local.INFO: Tenant initialized successfully: demo  
[2025-12-12 09:35:54] local.INFO: Database bootstrapper completed for tenant: demo  
[2025-12-12 09:35:57] local.INFO: Attempting to resolve tenant for domain: demo.localhost  
[2025-12-12 09:35:57] local.INFO: Tenant initialized successfully: demo  
[2025-12-12 09:35:57] local.INFO: Database bootstrapper completed for tenant: demo  
[2025-12-12 09:35:57] local.INFO: Attempting to resolve tenant for domain: demo.localhost  
[2025-12-12 09:35:57] local.INFO: Tenant initialized successfully: demo  
[2025-12-12 09:35:57] local.INFO: Database bootstrapper completed for tenant: demo  
[2025-12-12 09:35:57] local.INFO: Attempting to resolve tenant for domain: demo.localhost  
[2025-12-12 09:35:57] local.INFO: Tenant initialized successfully: demo  
[2025-12-12 09:35:57] local.INFO: Database bootstrapper completed for tenant: demo  
[2025-12-12 09:36:00] local.INFO: Attempting to resolve tenant for domain: demo.localhost  
[2025-12-12 09:36:00] local.INFO: Tenant initialized successfully: demo  
[2025-12-12 09:36:00] local.INFO: Database bootstrapper completed for tenant: demo  
[2025-12-12 09:36:00] local.INFO: Attempting to resolve tenant for domain: demo.localhost  
[2025-12-12 09:36:00] local.INFO: Tenant initialized successfully: demo  
[2025-12-12 09:36:00] local.INFO: Database bootstrapper completed for tenant: demo  
[2025-12-12 09:36:03] local.INFO: Attempting to resolve tenant for domain: demo.localhost  
[2025-12-12 09:36:03] local.INFO: Tenant initialized successfully: demo  
[2025-12-12 09:36:03] local.INFO: Database bootstrapper completed for tenant: demo  
[2025-12-12 09:36:06] local.INFO: Attempting to resolve tenant for domain: demo.localhost  
[2025-12-12 09:36:06] local.INFO: Tenant initialized successfully: demo  
[2025-12-12 09:36:06] local.INFO: Database bootstrapper completed for tenant: demo  
[2025-12-12 09:36:09] local.INFO: Attempting to resolve tenant for domain: demo.localhost  
[2025-12-12 09:36:09] local.INFO: Tenant initialized successfully: demo  
[2025-12-12 09:36:09] local.INFO: Database bootstrapper completed for tenant: demo  
[2025-12-12 09:36:16] local.INFO: Attempting to resolve tenant for domain: demo.localhost  
[2025-12-12 09:36:16] local.INFO: Tenant initialized successfully: demo  
[2025-12-12 09:36:16] local.INFO: Database bootstrapper completed for tenant: demo  
[2025-12-12 09:36:18] local.INFO: Attempting to resolve tenant for domain: demo.localhost  
[2025-12-12 09:36:18] local.INFO: Tenant initialized successfully: demo  
[2025-12-12 09:36:18] local.INFO: Database bootstrapper completed for tenant: demo  
[2025-12-12 09:36:20] local.INFO: Attempting to resolve tenant for domain: demo.localhost  
[2025-12-12 09:36:20] local.INFO: Tenant initialized successfully: demo  
[2025-12-12 09:36:20] local.INFO: Database bootstrapper completed for tenant: demo  
[2025-12-12 09:36:22] local.INFO: Attempting to resolve tenant for domain: demo.localhost  
[2025-12-12 09:36:22] local.INFO: Tenant initialized successfully: demo  
[2025-12-12 09:36:22] local.INFO: Database bootstrapper completed for tenant: demo  
[2025-12-12 09:36:25] local.INFO: Attempting to resolve tenant for domain: demo.localhost  
[2025-12-12 09:36:25] local.INFO: Tenant initialized successfully: demo  
[2025-12-12 09:36:25] local.INFO: Database bootstrapper completed for tenant: demo  
[2025-12-12 09:36:30] local.INFO: Attempting to resolve tenant for domain: demo.localhost  
[2025-12-12 09:36:30] local.INFO: Tenant initialized successfully: demo  
[2025-12-12 09:36:30] local.INFO: Database bootstrapper completed for tenant: demo  
[2025-12-12 09:36:31] local.INFO: Attempting to resolve tenant for domain: demo.localhost  
[2025-12-12 09:36:31] local.INFO: Tenant initialized successfully: demo  
[2025-12-12 09:36:31] local.INFO: Database bootstrapper completed for tenant: demo  
[2025-12-12 09:36:32] local.INFO: Attempting to resolve tenant for domain: demo.localhost  
[2025-12-12 09:36:32] local.INFO: Tenant initialized successfully: demo  
[2025-12-12 09:36:32] local.INFO: Database bootstrapper completed for tenant: demo  
[2025-12-12 09:36:59] local.INFO: Attempting to resolve tenant for domain: demo.localhost  
[2025-12-12 09:36:59] local.INFO: Tenant initialized successfully: demo  
[2025-12-12 09:36:59] local.INFO: Database bootstrapper completed for tenant: demo  
[2025-12-12 09:37:10] local.INFO: Attempting to resolve tenant for domain: demo.localhost  
[2025-12-12 09:37:10] local.INFO: Tenant initialized successfully: demo  
[2025-12-12 09:37:10] local.INFO: Database bootstrapper completed for tenant: demo  
[2025-12-12 09:37:14] local.INFO: Attempting to resolve tenant for domain: demo.localhost  
[2025-12-12 09:37:14] local.INFO: Tenant initialized successfully: demo  
[2025-12-12 09:37:14] local.INFO: Database bootstrapper completed for tenant: demo  
[2025-12-12 09:38:10] local.INFO: Attempting to resolve tenant for domain: demo.localhost  
[2025-12-12 09:38:10] local.INFO: Tenant initialized successfully: demo  
[2025-12-12 09:38:10] local.INFO: Database bootstrapper completed for tenant: demo  
[2025-12-12 09:38:10] local.INFO: Attempting to resolve tenant for domain: demo.localhost  
[2025-12-12 09:38:10] local.INFO: Tenant initialized successfully: demo  
[2025-12-12 09:38:10] local.INFO: Database bootstrapper completed for tenant: demo  
[2025-12-12 09:38:30] local.INFO: Attempting to resolve tenant for domain: demo.localhost  
[2025-12-12 09:38:30] local.INFO: Tenant initialized successfully: demo  
[2025-12-12 09:38:30] local.INFO: Database bootstrapper completed for tenant: demo  
[2025-12-12 09:38:30] local.ERROR: There is no role named `manager` for guard `web`. {"userId":1,"exception":"[object] (Spatie\\Permission\\Exceptions\\RoleDoesNotExist(code: 0): There is no role named `manager` for guard `web`. at /Users/ahmadmhala/Downloads/RestoFy-main/vendor/spatie/laravel-permission/src/Exceptions/RoleDoesNotExist.php:11)
[stacktrace]
#0 /Users/ahmadmhala/Downloads/RestoFy-main/vendor/spatie/laravel-permission/src/Models/Role.php(111): Spatie\\Permission\\Exceptions\\RoleDoesNotExist::named('manager', 'web')
#1 /Users/ahmadmhala/Downloads/RestoFy-main/vendor/spatie/laravel-permission/src/Traits/HasRoles.php(419): Spatie\\Permission\\Models\\Role::findByName('manager', 'web')
#2 /Users/ahmadmhala/Downloads/RestoFy-main/vendor/spatie/laravel-permission/src/Traits/HasRoles.php(131): App\\Models\\User->getStoredRole('manager')
#3 /Users/ahmadmhala/Downloads/RestoFy-main/vendor/laravel/framework/src/Illuminate/Collections/Traits/EnumeratesValues.php(822): App\\Models\\User->{closure:Spatie\\Permission\\Traits\\HasRoles::collectRoles():126}(Array, 'manager', 0)
#4 /Users/ahmadmhala/Downloads/RestoFy-main/vendor/spatie/laravel-permission/src/Traits/HasRoles.php(126): Illuminate\\Support\\Collection->reduce(Object(Closure), Array)
#5 /Users/ahmadmhala/Downloads/RestoFy-main/vendor/spatie/laravel-permission/src/Traits/HasRoles.php(150): App\\Models\\User->collectRoles(Array)
#6 /Users/ahmadmhala/Downloads/RestoFy-main/app/Http/Controllers/Tenant/StaffController.php(102): App\\Models\\User->assignRole('manager')
#7 /Users/ahmadmhala/Downloads/RestoFy-main/vendor/laravel/framework/src/Illuminate/Routing/ControllerDispatcher.php(47): App\\Http\\Controllers\\Tenant\\StaffController->store(Object(Illuminate\\Http\\Request))
#8 /Users/ahmadmhala/Downloads/RestoFy-main/vendor/laravel/framework/src/Illuminate/Routing/Route.php(266): Illuminate\\Routing\\ControllerDispatcher->dispatch(Object(Illuminate\\Routing\\Route), Object(App\\Http\\Controllers\\Tenant\\StaffController), 'store')
#9 /Users/ahmadmhala/Downloads/RestoFy-main/vendor/laravel/framework/src/Illuminate/Routing/Route.php(212): Illuminate\\Routing\\Route->runController()
#10 /Users/ahmadmhala/Downloads/RestoFy-main/vendor/laravel/framework/src/Illuminate/Routing/Router.php(808): Illuminate\\Routing\\Route->run()
#11 /Users/ahmadmhala/Downloads/RestoFy-main/vendor/laravel/framework/src/Illuminate/Pipeline/Pipeline.php(170): Illuminate\\Routing\\Router->{closure:Illuminate\\Routing\\Router::runRouteWithinStack():807}(Object(Illuminate\\Http\\Request))
#12 /Users/ahmadmhala/Downloads/RestoFy-main/vendor/stancl/tenancy/src/Middleware/PreventAccessFromCentralDomains.php(29): Illuminate\\Pipeline\\Pipeline->{closure:Illuminate\\Pipeline\\Pipeline::prepareDestination():168}(Object(Illuminate\\Http\\Request))
#13 /Users/ahmadmhala/Downloads/RestoFy-main/vendor/laravel/framework/src/Illuminate/Pipeline/Pipeline.php(209): Stancl\\Tenancy\\Middleware\\PreventAccessFromCentralDomains->handle(Object(Illuminate\\Http\\Request), Object(Closure))
#14 /Users/ahmadmhala/Downloads/RestoFy-main/vendor/mcamara/laravel-localization/src/Mcamara/LaravelLocalization/Middleware/LaravelLocalizationViewPath.php(22): Illuminate\\Pipeline\\Pipeline->{closure:{closure:Illuminate\\Pipeline\\Pipeline::carry():184}:185}(Object(Illuminate\\Http\\Request))
#15 /Users/ahmadmhala/Downloads/RestoFy-main/vendor/laravel/framework/src/Illuminate/Pipeline/Pipeline.php(209): Mcamara\\LaravelLocalization\\Middleware\\LaravelLocalizationViewPath->handle(Object(Illuminate\\Http\\Request), Object(Closure))
#16 /Users/ahmadmhala/Downloads/RestoFy-main/vendor/mcamara/laravel-localization/src/Mcamara/LaravelLocalization/Middleware/LaravelLocalizationRedirectFilter.php(22): Illuminate\\Pipeline\\Pipeline->{closure:{closure:Illuminate\\Pipeline\\Pipeline::carry():184}:185}(Object(Illuminate\\Http\\Request))
#17 /Users/ahmadmhala/Downloads/RestoFy-main/vendor/laravel/framework/src/Illuminate/Pipeline/Pipeline.php(209): Mcamara\\LaravelLocalization\\Middleware\\LaravelLocalizationRedirectFilter->handle(Object(Illuminate\\Http\\Request), Object(Closure))
#18 /Users/ahmadmhala/Downloads/RestoFy-main/vendor/mcamara/laravel-localization/src/Mcamara/LaravelLocalization/Middleware/LocaleSessionRedirect.php(23): Illuminate\\Pipeline\\Pipeline->{closure:{closure:Illuminate\\Pipeline\\Pipeline::carry():184}:185}(Object(Illuminate\\Http\\Request))
#19 /Users/ahmadmhala/Downloads/RestoFy-main/vendor/laravel/framework/src/Illuminate/Pipeline/Pipeline.php(209): Mcamara\\LaravelLocalization\\Middleware\\LocaleSessionRedirect->handle(Object(Illuminate\\Http\\Request), Object(Closure))
#20 /Users/ahmadmhala/Downloads/RestoFy-main/vendor/laravel/framework/src/Illuminate/Routing/Middleware/SubstituteBindings.php(51): Illuminate\\Pipeline\\Pipeline->{closure:{closure:Illuminate\\Pipeline\\Pipeline::carry():184}:185}(Object(Illuminate\\Http\\Request))
#21 /Users/ahmadmhala/Downloads/RestoFy-main/vendor/laravel/framework/src/Illuminate/Pipeline/Pipeline.php(209): Illuminate\\Routing\\Middleware\\SubstituteBindings->handle(Object(Illuminate\\Http\\Request), Object(Closure))
#22 /Users/ahmadmhala/Downloads/RestoFy-main/vendor/laravel/framework/src/Illuminate/Auth/Middleware/Authenticate.php(64): Illuminate\\Pipeline\\Pipeline->{closure:{closure:Illuminate\\Pipeline\\Pipeline::carry():184}:185}(Object(Illuminate\\Http\\Request))
#23 /Users/ahmadmhala/Downloads/RestoFy-main/vendor/laravel/framework/src/Illuminate/Pipeline/Pipeline.php(209): Illuminate\\Auth\\Middleware\\Authenticate->handle(Object(Illuminate\\Http\\Request), Object(Closure))
#24 /Users/ahmadmhala/Downloads/RestoFy-main/vendor/laravel/framework/src/Illuminate/Foundation/Http/Middleware/VerifyCsrfToken.php(88): Illuminate\\Pipeline\\Pipeline->{closure:{closure:Illuminate\\Pipeline\\Pipeline::carry():184}:185}(Object(Illuminate\\Http\\Request))
#25 /Users/ahmadmhala/Downloads/RestoFy-main/vendor/laravel/framework/src/Illuminate/Pipeline/Pipeline.php(209): Illuminate\\Foundation\\Http\\Middleware\\VerifyCsrfToken->handle(Object(Illuminate\\Http\\Request), Object(Closure))
#26 /Users/ahmadmhala/Downloads/RestoFy-main/vendor/laravel/framework/src/Illuminate/View/Middleware/ShareErrorsFromSession.php(49): Illuminate\\Pipeline\\Pipeline->{closure:{closure:Illuminate\\Pipeline\\Pipeline::carry():184}:185}(Object(Illuminate\\Http\\Request))
#27 /Users/ahmadmhala/Downloads/RestoFy-main/vendor/laravel/framework/src/Illuminate/Pipeline/Pipeline.php(209): Illuminate\\View\\Middleware\\ShareErrorsFromSession->handle(Object(Illuminate\\Http\\Request), Object(Closure))
#28 /Users/ahmadmhala/Downloads/RestoFy-main/vendor/laravel/framework/src/Illuminate/Session/Middleware/StartSession.php(121): Illuminate\\Pipeline\\Pipeline->{closure:{closure:Illuminate\\Pipeline\\Pipeline::carry():184}:185}(Object(Illuminate\\Http\\Request))
#29 /Users/ahmadmhala/Downloads/RestoFy-main/vendor/laravel/framework/src/Illuminate/Session/Middleware/StartSession.php(64): Illuminate\\Session\\Middleware\\StartSession->handleStatefulRequest(Object(Illuminate\\Http\\Request), Object(Illuminate\\Session\\Store), Object(Closure))
#30 /Users/ahmadmhala/Downloads/RestoFy-main/vendor/laravel/framework/src/Illuminate/Pipeline/Pipeline.php(209): Illuminate\\Session\\Middleware\\StartSession->handle(Object(Illuminate\\Http\\Request), Object(Closure))
#31 /Users/ahmadmhala/Downloads/RestoFy-main/vendor/laravel/framework/src/Illuminate/Cookie/Middleware/AddQueuedCookiesToResponse.php(37): Illuminate\\Pipeline\\Pipeline->{closure:{closure:Illuminate\\Pipeline\\Pipeline::carry():184}:185}(Object(Illuminate\\Http\\Request))
#32 /Users/ahmadmhala/Downloads/RestoFy-main/vendor/laravel/framework/src/Illuminate/Pipeline/Pipeline.php(209): Illuminate\\Cookie\\Middleware\\AddQueuedCookiesToResponse->handle(Object(Illuminate\\Http\\Request), Object(Closure))
#33 /Users/ahmadmhala/Downloads/RestoFy-main/vendor/laravel/framework/src/Illuminate/Cookie/Middleware/EncryptCookies.php(75): Illuminate\\Pipeline\\Pipeline->{closure:{closure:Illuminate\\Pipeline\\Pipeline::carry():184}:185}(Object(Illuminate\\Http\\Request))
#34 /Users/ahmadmhala/Downloads/RestoFy-main/vendor/laravel/framework/src/Illuminate/Pipeline/Pipeline.php(209): Illuminate\\Cookie\\Middleware\\EncryptCookies->handle(Object(Illuminate\\Http\\Request), Object(Closure))
#35 /Users/ahmadmhala/Downloads/RestoFy-main/app/Http/Middleware/InitializeTenancyByDomainOrFail.php(52): Illuminate\\Pipeline\\Pipeline->{closure:{closure:Illuminate\\Pipeline\\Pipeline::carry():184}:185}(Object(Illuminate\\Http\\Request))
#36 /Users/ahmadmhala/Downloads/RestoFy-main/vendor/laravel/framework/src/Illuminate/Pipeline/Pipeline.php(209): App\\Http\\Middleware\\InitializeTenancyByDomainOrFail->handle(Object(Illuminate\\Http\\Request), Object(Closure))
#37 /Users/ahmadmhala/Downloads/RestoFy-main/vendor/laravel/framework/src/Illuminate/Pipeline/Pipeline.php(127): Illuminate\\Pipeline\\Pipeline->{closure:{closure:Illuminate\\Pipeline\\Pipeline::carry():184}:185}(Object(Illuminate\\Http\\Request))
#38 /Users/ahmadmhala/Downloads/RestoFy-main/vendor/laravel/framework/src/Illuminate/Routing/Router.php(807): Illuminate\\Pipeline\\Pipeline->then(Object(Closure))
#39 /Users/ahmadmhala/Downloads/RestoFy-main/vendor/laravel/framework/src/Illuminate/Routing/Router.php(786): Illuminate\\Routing\\Router->runRouteWithinStack(Object(Illuminate\\Routing\\Route), Object(Illuminate\\Http\\Request))
#40 /Users/ahmadmhala/Downloads/RestoFy-main/vendor/laravel/framework/src/Illuminate/Routing/Router.php(750): Illuminate\\Routing\\Router->runRoute(Object(Illuminate\\Http\\Request), Object(Illuminate\\Routing\\Route))
#41 /Users/ahmadmhala/Downloads/RestoFy-main/vendor/laravel/framework/src/Illuminate/Routing/Router.php(739): Illuminate\\Routing\\Router->dispatchToRoute(Object(Illuminate\\Http\\Request))
#42 /Users/ahmadmhala/Downloads/RestoFy-main/vendor/laravel/framework/src/Illuminate/Foundation/Http/Kernel.php(201): Illuminate\\Routing\\Router->dispatch(Object(Illuminate\\Http\\Request))
#43 /Users/ahmadmhala/Downloads/RestoFy-main/vendor/laravel/framework/src/Illuminate/Pipeline/Pipeline.php(170): Illuminate\\Foundation\\Http\\Kernel->{closure:Illuminate\\Foundation\\Http\\Kernel::dispatchToRouter():198}(Object(Illuminate\\Http\\Request))
#44 /Users/ahmadmhala/Downloads/RestoFy-main/vendor/laravel/framework/src/Illuminate/Foundation/Http/Middleware/TransformsRequest.php(21): Illuminate\\Pipeline\\Pipeline->{closure:Illuminate\\Pipeline\\Pipeline::prepareDestination():168}(Object(Illuminate\\Http\\Request))
#45 /Users/ahmadmhala/Downloads/RestoFy-main/vendor/laravel/framework/src/Illuminate/Foundation/Http/Middleware/ConvertEmptyStringsToNull.php(31): Illuminate\\Foundation\\Http\\Middleware\\TransformsRequest->handle(Object(Illuminate\\Http\\Request), Object(Closure))
#46 /Users/ahmadmhala/Downloads/RestoFy-main/vendor/laravel/framework/src/Illuminate/Pipeline/Pipeline.php(209): Illuminate\\Foundation\\Http\\Middleware\\ConvertEmptyStringsToNull->handle(Object(Illuminate\\Http\\Request), Object(Closure))
#47 /Users/ahmadmhala/Downloads/RestoFy-main/vendor/laravel/framework/src/Illuminate/Foundation/Http/Middleware/TransformsRequest.php(21): Illuminate\\Pipeline\\Pipeline->{closure:{closure:Illuminate\\Pipeline\\Pipeline::carry():184}:185}(Object(Illuminate\\Http\\Request))
#48 /Users/ahmadmhala/Downloads/RestoFy-main/vendor/laravel/framework/src/Illuminate/Foundation/Http/Middleware/TrimStrings.php(51): Illuminate\\Foundation\\Http\\Middleware\\TransformsRequest->handle(Object(Illuminate\\Http\\Request), Object(Closure))
#49 /Users/ahmadmhala/Downloads/RestoFy-main/vendor/laravel/framework/src/Illuminate/Pipeline/Pipeline.php(209): Illuminate\\Foundation\\Http\\Middleware\\TrimStrings->handle(Object(Illuminate\\Http\\Request), Object(Closure))
#50 /Users/ahmadmhala/Downloads/RestoFy-main/vendor/laravel/framework/src/Illuminate/Http/Middleware/ValidatePostSize.php(27): Illuminate\\Pipeline\\Pipeline->{closure:{closure:Illuminate\\Pipeline\\Pipeline::carry():184}:185}(Object(Illuminate\\Http\\Request))
#51 /Users/ahmadmhala/Downloads/RestoFy-main/vendor/laravel/framework/src/Illuminate/Pipeline/Pipeline.php(209): Illuminate\\Http\\Middleware\\ValidatePostSize->handle(Object(Illuminate\\Http\\Request), Object(Closure))
#52 /Users/ahmadmhala/Downloads/RestoFy-main/vendor/laravel/framework/src/Illuminate/Foundation/Http/Middleware/PreventRequestsDuringMaintenance.php(110): Illuminate\\Pipeline\\Pipeline->{closure:{closure:Illuminate\\Pipeline\\Pipeline::carry():184}:185}(Object(Illuminate\\Http\\Request))
#53 /Users/ahmadmhala/Downloads/RestoFy-main/vendor/laravel/framework/src/Illuminate/Pipeline/Pipeline.php(209): Illuminate\\Foundation\\Http\\Middleware\\PreventRequestsDuringMaintenance->handle(Object(Illuminate\\Http\\Request), Object(Closure))
#54 /Users/ahmadmhala/Downloads/RestoFy-main/vendor/laravel/framework/src/Illuminate/Http/Middleware/HandleCors.php(49): Illuminate\\Pipeline\\Pipeline->{closure:{closure:Illuminate\\Pipeline\\Pipeline::carry():184}:185}(Object(Illuminate\\Http\\Request))
#55 /Users/ahmadmhala/Downloads/RestoFy-main/vendor/laravel/framework/src/Illuminate/Pipeline/Pipeline.php(209): Illuminate\\Http\\Middleware\\HandleCors->handle(Object(Illuminate\\Http\\Request), Object(Closure))
#56 /Users/ahmadmhala/Downloads/RestoFy-main/vendor/laravel/framework/src/Illuminate/Http/Middleware/TrustProxies.php(58): Illuminate\\Pipeline\\Pipeline->{closure:{closure:Illuminate\\Pipeline\\Pipeline::carry():184}:185}(Object(Illuminate\\Http\\Request))
#57 /Users/ahmadmhala/Downloads/RestoFy-main/vendor/laravel/framework/src/Illuminate/Pipeline/Pipeline.php(209): Illuminate\\Http\\Middleware\\TrustProxies->handle(Object(Illuminate\\Http\\Request), Object(Closure))
#58 /Users/ahmadmhala/Downloads/RestoFy-main/vendor/laravel/framework/src/Illuminate/Foundation/Http/Middleware/InvokeDeferredCallbacks.php(22): Illuminate\\Pipeline\\Pipeline->{closure:{closure:Illuminate\\Pipeline\\Pipeline::carry():184}:185}(Object(Illuminate\\Http\\Request))
#59 /Users/ahmadmhala/Downloads/RestoFy-main/vendor/laravel/framework/src/Illuminate/Pipeline/Pipeline.php(209): Illuminate\\Foundation\\Http\\Middleware\\InvokeDeferredCallbacks->handle(Object(Illuminate\\Http\\Request), Object(Closure))
#60 /Users/ahmadmhala/Downloads/RestoFy-main/vendor/laravel/framework/src/Illuminate/Pipeline/Pipeline.php(127): Illuminate\\Pipeline\\Pipeline->{closure:{closure:Illuminate\\Pipeline\\Pipeline::carry():184}:185}(Object(Illuminate\\Http\\Request))
#61 /Users/ahmadmhala/Downloads/RestoFy-main/vendor/laravel/framework/src/Illuminate/Foundation/Http/Kernel.php(176): Illuminate\\Pipeline\\Pipeline->then(Object(Closure))
#62 /Users/ahmadmhala/Downloads/RestoFy-main/vendor/laravel/framework/src/Illuminate/Foundation/Http/Kernel.php(145): Illuminate\\Foundation\\Http\\Kernel->sendRequestThroughRouter(Object(Illuminate\\Http\\Request))
#63 /Users/ahmadmhala/Downloads/RestoFy-main/vendor/laravel/framework/src/Illuminate/Foundation/Application.php(1220): Illuminate\\Foundation\\Http\\Kernel->handle(Object(Illuminate\\Http\\Request))
#64 /Users/ahmadmhala/Downloads/RestoFy-main/public/index.php(17): Illuminate\\Foundation\\Application->handleRequest(Object(Illuminate\\Http\\Request))
#65 /Users/ahmadmhala/Downloads/RestoFy-main/vendor/laravel/framework/src/Illuminate/Foundation/resources/server.php(23): require_once('/Users/ahmadmha...')
#66 {main}
"} 
[2025-12-12 09:38:43] local.INFO: Attempting to resolve tenant for domain: demo.localhost  
[2025-12-12 09:38:43] local.INFO: Tenant initialized successfully: demo  
[2025-12-12 09:38:43] local.INFO: Database bootstrapper completed for tenant: demo  
[2025-12-12 09:38:43] local.INFO: Attempting to resolve tenant for domain: demo.localhost  
[2025-12-12 09:38:43] local.INFO: Tenant initialized successfully: demo  
[2025-12-12 09:38:43] local.INFO: Database bootstrapper completed for tenant: demo  
[2025-12-12 09:38:52] local.INFO: Attempting to resolve tenant for domain: demo.localhost  
[2025-12-12 09:38:52] local.INFO: Tenant initialized successfully: demo  
[2025-12-12 09:38:52] local.INFO: Database bootstrapper completed for tenant: demo  
[2025-12-12 09:38:53] local.INFO: Attempting to resolve tenant for domain: demo.localhost  
[2025-12-12 09:38:53] local.INFO: Tenant initialized successfully: demo  
[2025-12-12 09:38:53] local.INFO: Database bootstrapper completed for tenant: demo  
[2025-12-12 09:38:55] local.INFO: Attempting to resolve tenant for domain: demo.localhost  
[2025-12-12 09:38:55] local.INFO: Tenant initialized successfully: demo  
[2025-12-12 09:38:55] local.INFO: Database bootstrapper completed for tenant: demo  
[2025-12-12 09:38:57] local.INFO: Attempting to resolve tenant for domain: demo.localhost  
[2025-12-12 09:38:57] local.INFO: Tenant initialized successfully: demo  
[2025-12-12 09:38:57] local.INFO: Database bootstrapper completed for tenant: demo  
[2025-12-12 09:38:58] local.INFO: Attempting to resolve tenant for domain: demo.localhost  
[2025-12-12 09:38:58] local.INFO: Tenant initialized successfully: demo  
[2025-12-12 09:38:58] local.INFO: Database bootstrapper completed for tenant: demo  
[2025-12-12 09:38:59] local.INFO: Attempting to resolve tenant for domain: demo.localhost  
[2025-12-12 09:38:59] local.INFO: Tenant initialized successfully: demo  
[2025-12-12 09:38:59] local.INFO: Database bootstrapper completed for tenant: demo  
[2025-12-12 09:39:17] local.INFO: Attempting to resolve tenant for domain: demo.localhost  
[2025-12-12 09:39:17] local.INFO: Tenant initialized successfully: demo  
[2025-12-12 09:39:17] local.INFO: Database bootstrapper completed for tenant: demo  
[2025-12-12 09:39:19] local.INFO: Attempting to resolve tenant for domain: demo.localhost  
[2025-12-12 09:39:19] local.INFO: Tenant initialized successfully: demo  
[2025-12-12 09:39:19] local.INFO: Database bootstrapper completed for tenant: demo  
[2025-12-12 09:39:20] local.INFO: Attempting to resolve tenant for domain: demo.localhost  
[2025-12-12 09:39:20] local.INFO: Tenant initialized successfully: demo  
[2025-12-12 09:39:20] local.INFO: Database bootstrapper completed for tenant: demo  
[2025-12-12 09:39:21] local.INFO: Attempting to resolve tenant for domain: demo.localhost  
[2025-12-12 09:39:21] local.INFO: Tenant initialized successfully: demo  
[2025-12-12 09:39:21] local.INFO: Database bootstrapper completed for tenant: demo  
[2025-12-12 09:39:41] local.INFO: Attempting to resolve tenant for domain: demo.localhost  
[2025-12-12 09:39:41] local.INFO: Tenant initialized successfully: demo  
[2025-12-12 09:39:41] local.INFO: Database bootstrapper completed for tenant: demo  
[2025-12-12 09:40:37] local.INFO: Attempting to resolve tenant for domain: demo.localhost  
[2025-12-12 09:40:37] local.INFO: Tenant initialized successfully: demo  
[2025-12-12 09:40:37] local.INFO: Database bootstrapper completed for tenant: demo  
[2025-12-12 09:40:39] local.INFO: Attempting to resolve tenant for domain: demo.localhost  
[2025-12-12 09:40:39] local.INFO: Tenant initialized successfully: demo  
[2025-12-12 09:40:39] local.INFO: Database bootstrapper completed for tenant: demo  
[2025-12-12 09:40:40] local.INFO: Attempting to resolve tenant for domain: demo.localhost  
[2025-12-12 09:40:40] local.INFO: Tenant initialized successfully: demo  
[2025-12-12 09:40:40] local.INFO: Database bootstrapper completed for tenant: demo  
[2025-12-12 09:40:41] local.INFO: Attempting to resolve tenant for domain: demo.localhost  
[2025-12-12 09:40:41] local.INFO: Tenant initialized successfully: demo  
[2025-12-12 09:40:41] local.INFO: Database bootstrapper completed for tenant: demo  
[2025-12-12 09:40:51] local.INFO: Attempting to resolve tenant for domain: demo.localhost  
[2025-12-12 09:40:51] local.INFO: Tenant initialized successfully: demo  
[2025-12-12 09:40:51] local.INFO: Database bootstrapper completed for tenant: demo  
[2025-12-12 09:41:14] local.INFO: Attempting to resolve tenant for domain: demo.localhost  
[2025-12-12 09:41:14] local.INFO: Tenant initialized successfully: demo  
[2025-12-12 09:41:14] local.INFO: Database bootstrapper completed for tenant: demo  
[2025-12-12 09:41:19] local.INFO: Attempting to resolve tenant for domain: demo.localhost  
[2025-12-12 09:41:19] local.INFO: Tenant initialized successfully: demo  
[2025-12-12 09:41:19] local.INFO: Database bootstrapper completed for tenant: demo  
[2025-12-12 09:41:20] local.INFO: Attempting to resolve tenant for domain: demo.localhost  
[2025-12-12 09:41:20] local.INFO: Tenant initialized successfully: demo  
[2025-12-12 09:41:20] local.INFO: Database bootstrapper completed for tenant: demo  
[2025-12-12 09:41:20] local.INFO: Attempting to resolve tenant for domain: demo.localhost  
[2025-12-12 09:41:20] local.INFO: Tenant initialized successfully: demo  
[2025-12-12 09:41:20] local.INFO: Database bootstrapper completed for tenant: demo  
[2025-12-12 09:41:21] local.INFO: Attempting to resolve tenant for domain: demo.localhost  
[2025-12-12 09:41:21] local.INFO: Tenant initialized successfully: demo  
[2025-12-12 09:41:21] local.INFO: Database bootstrapper completed for tenant: demo  
[2025-12-12 09:41:21] local.INFO: Attempting to resolve tenant for domain: demo.localhost  
[2025-12-12 09:41:21] local.INFO: Tenant initialized successfully: demo  
[2025-12-12 09:41:21] local.INFO: Database bootstrapper completed for tenant: demo  
[2025-12-12 09:41:22] local.INFO: Attempting to resolve tenant for domain: demo.localhost  
[2025-12-12 09:41:22] local.INFO: Tenant initialized successfully: demo  
[2025-12-12 09:41:22] local.INFO: Database bootstrapper completed for tenant: demo  
[2025-12-12 09:41:23] local.INFO: Attempting to resolve tenant for domain: demo.localhost  
[2025-12-12 09:41:23] local.INFO: Tenant initialized successfully: demo  
[2025-12-12 09:41:23] local.INFO: Database bootstrapper completed for tenant: demo  
[2025-12-12 09:41:23] local.INFO: Attempting to resolve tenant for domain: demo.localhost  
[2025-12-12 09:41:23] local.INFO: Tenant initialized successfully: demo  
[2025-12-12 09:41:23] local.INFO: Database bootstrapper completed for tenant: demo  
[2025-12-12 09:41:24] local.INFO: Attempting to resolve tenant for domain: demo.localhost  
[2025-12-12 09:41:24] local.INFO: Tenant initialized successfully: demo  
[2025-12-12 09:41:24] local.INFO: Database bootstrapper completed for tenant: demo  
[2025-12-12 09:41:25] local.INFO: Attempting to resolve tenant for domain: demo.localhost  
[2025-12-12 09:41:25] local.INFO: Tenant initialized successfully: demo  
[2025-12-12 09:41:25] local.INFO: Database bootstrapper completed for tenant: demo  
[2025-12-12 09:41:26] local.INFO: Attempting to resolve tenant for domain: demo.localhost  
[2025-12-12 09:41:26] local.INFO: Tenant initialized successfully: demo  
[2025-12-12 09:41:26] local.INFO: Database bootstrapper completed for tenant: demo  
[2025-12-12 09:41:26] local.INFO: Attempting to resolve tenant for domain: demo.localhost  
[2025-12-12 09:41:26] local.INFO: Tenant initialized successfully: demo  
[2025-12-12 09:41:26] local.INFO: Database bootstrapper completed for tenant: demo  
[2025-12-12 09:41:27] local.INFO: Attempting to resolve tenant for domain: demo.localhost  
[2025-12-12 09:41:27] local.INFO: Tenant initialized successfully: demo  
[2025-12-12 09:41:27] local.INFO: Database bootstrapper completed for tenant: demo  
[2025-12-12 09:41:27] local.INFO: Attempting to resolve tenant for domain: demo.localhost  
[2025-12-12 09:41:27] local.INFO: Tenant initialized successfully: demo  
[2025-12-12 09:41:27] local.INFO: Database bootstrapper completed for tenant: demo  
[2025-12-12 09:41:28] local.INFO: Attempting to resolve tenant for domain: demo.localhost  
[2025-12-12 09:41:28] local.INFO: Tenant initialized successfully: demo  
[2025-12-12 09:41:28] local.INFO: Database bootstrapper completed for tenant: demo  
[2025-12-12 09:41:28] local.INFO: Attempting to resolve tenant for domain: demo.localhost  
[2025-12-12 09:41:28] local.INFO: Tenant initialized successfully: demo  
[2025-12-12 09:41:28] local.INFO: Database bootstrapper completed for tenant: demo  
[2025-12-12 09:41:31] local.INFO: Attempting to resolve tenant for domain: demo.localhost  
[2025-12-12 09:41:31] local.INFO: Tenant initialized successfully: demo  
[2025-12-12 09:41:31] local.INFO: Database bootstrapper completed for tenant: demo  
[2025-12-12 09:41:32] local.INFO: Attempting to resolve tenant for domain: demo.localhost  
[2025-12-12 09:41:32] local.INFO: Tenant initialized successfully: demo  
[2025-12-12 09:41:32] local.INFO: Database bootstrapper completed for tenant: demo  
[2025-12-12 09:41:32] local.INFO: Attempting to resolve tenant for domain: demo.localhost  
[2025-12-12 09:41:32] local.INFO: Tenant initialized successfully: demo  
[2025-12-12 09:41:32] local.INFO: Database bootstrapper completed for tenant: demo  
[2025-12-12 09:41:33] local.INFO: Attempting to resolve tenant for domain: demo.localhost  
[2025-12-12 09:41:33] local.INFO: Tenant initialized successfully: demo  
[2025-12-12 09:41:33] local.INFO: Database bootstrapper completed for tenant: demo  
[2025-12-12 09:41:37] local.INFO: Attempting to resolve tenant for domain: demo.localhost  
[2025-12-12 09:41:38] local.INFO: Tenant initialized successfully: demo  
[2025-12-12 09:41:38] local.INFO: Database bootstrapper completed for tenant: demo  
[2025-12-12 09:41:45] local.INFO: Attempting to resolve tenant for domain: demo.localhost  
[2025-12-12 09:41:45] local.INFO: Tenant initialized successfully: demo  
[2025-12-12 09:41:45] local.INFO: Database bootstrapper completed for tenant: demo  
[2025-12-12 09:43:54] local.INFO: Attempting to resolve tenant for domain: demo.localhost  
[2025-12-12 09:43:54] local.INFO: Tenant initialized successfully: demo  
[2025-12-12 09:43:54] local.INFO: Database bootstrapper completed for tenant: demo  
[2025-12-12 09:43:54] local.INFO: Attempting to resolve tenant for domain: demo.localhost  
[2025-12-12 09:43:54] local.INFO: Tenant initialized successfully: demo  
[2025-12-12 09:43:54] local.INFO: Database bootstrapper completed for tenant: demo  
[2025-12-12 09:44:00] local.INFO: Attempting to resolve tenant for domain: demo.localhost  
[2025-12-12 09:44:00] local.INFO: Tenant initialized successfully: demo  
[2025-12-12 09:44:00] local.INFO: Database bootstrapper completed for tenant: demo  
[2025-12-12 09:44:04] local.INFO: Attempting to resolve tenant for domain: demo.localhost  
[2025-12-12 09:44:04] local.INFO: Tenant initialized successfully: demo  
[2025-12-12 09:44:04] local.INFO: Database bootstrapper completed for tenant: demo  
[2025-12-12 09:44:05] local.INFO: Attempting to resolve tenant for domain: demo.localhost  
[2025-12-12 09:44:05] local.INFO: Tenant initialized successfully: demo  
[2025-12-12 09:44:05] local.INFO: Database bootstrapper completed for tenant: demo  
[2025-12-12 09:44:05] local.INFO: Attempting to resolve tenant for domain: demo.localhost  
[2025-12-12 09:44:05] local.INFO: Tenant initialized successfully: demo  
[2025-12-12 09:44:05] local.INFO: Database bootstrapper completed for tenant: demo  
[2025-12-12 09:44:11] local.INFO: Attempting to resolve tenant for domain: demo.localhost  
[2025-12-12 09:44:12] local.INFO: Tenant initialized successfully: demo  
[2025-12-12 09:44:12] local.INFO: Database bootstrapper completed for tenant: demo  
[2025-12-12 09:44:19] local.INFO: Attempting to resolve tenant for domain: demo.localhost  
[2025-12-12 09:44:19] local.INFO: Tenant initialized successfully: demo  
[2025-12-12 09:44:19] local.INFO: Database bootstrapper completed for tenant: demo  
[2025-12-12 09:44:19] local.INFO: Attempting to resolve tenant for domain: demo.localhost  
[2025-12-12 09:44:19] local.INFO: Tenant initialized successfully: demo  
[2025-12-12 09:44:19] local.INFO: Database bootstrapper completed for tenant: demo  
[2025-12-12 09:44:20] local.INFO: Attempting to resolve tenant for domain: demo.localhost  
[2025-12-12 09:44:20] local.INFO: Tenant initialized successfully: demo  
[2025-12-12 09:44:20] local.INFO: Database bootstrapper completed for tenant: demo  
[2025-12-12 09:44:23] local.INFO: Attempting to resolve tenant for domain: demo.localhost  
[2025-12-12 09:44:23] local.INFO: Tenant initialized successfully: demo  
[2025-12-12 09:44:23] local.INFO: Database bootstrapper completed for tenant: demo  
[2025-12-12 09:44:26] local.INFO: Attempting to resolve tenant for domain: demo.localhost  
[2025-12-12 09:44:26] local.INFO: Tenant initialized successfully: demo  
[2025-12-12 09:44:26] local.INFO: Database bootstrapper completed for tenant: demo  
[2025-12-12 09:44:27] local.INFO: Attempting to resolve tenant for domain: demo.localhost  
[2025-12-12 09:44:27] local.INFO: Tenant initialized successfully: demo  
[2025-12-12 09:44:27] local.INFO: Database bootstrapper completed for tenant: demo  
[2025-12-12 09:44:30] local.INFO: Attempting to resolve tenant for domain: demo.localhost  
[2025-12-12 09:44:30] local.INFO: Tenant initialized successfully: demo  
[2025-12-12 09:44:30] local.INFO: Database bootstrapper completed for tenant: demo  
[2025-12-12 09:44:43] local.INFO: Attempting to resolve tenant for domain: demo.localhost  
[2025-12-12 09:44:43] local.INFO: Tenant initialized successfully: demo  
[2025-12-12 09:44:43] local.INFO: Database bootstrapper completed for tenant: demo  
[2025-12-12 09:45:03] local.INFO: Attempting to resolve tenant for domain: demo.localhost  
[2025-12-12 09:45:03] local.INFO: Tenant initialized successfully: demo  
[2025-12-12 09:45:03] local.INFO: Database bootstrapper completed for tenant: demo  
[2025-12-12 09:45:51] local.INFO: Attempting to resolve tenant for domain: demo.localhost  
[2025-12-12 09:45:51] local.INFO: Tenant initialized successfully: demo  
[2025-12-12 09:45:51] local.INFO: Database bootstrapper completed for tenant: demo  
[2025-12-12 09:45:58] local.INFO: Attempting to resolve tenant for domain: demo.localhost  
[2025-12-12 09:45:58] local.INFO: Tenant initialized successfully: demo  
[2025-12-12 09:45:58] local.INFO: Database bootstrapper completed for tenant: demo  
[2025-12-12 09:48:25] local.INFO: Attempting to resolve tenant for domain: demo.localhost  
[2025-12-12 09:48:25] local.INFO: Tenant initialized successfully: demo  
[2025-12-12 09:48:25] local.INFO: Database bootstrapper completed for tenant: demo  
[2025-12-12 09:48:29] local.INFO: Attempting to resolve tenant for domain: demo.localhost  
[2025-12-12 09:48:29] local.INFO: Tenant initialized successfully: demo  
[2025-12-12 09:48:29] local.INFO: Database bootstrapper completed for tenant: demo  
[2025-12-12 09:48:32] local.INFO: Attempting to resolve tenant for domain: demo.localhost  
[2025-12-12 09:48:32] local.INFO: Tenant initialized successfully: demo  
[2025-12-12 09:48:32] local.INFO: Database bootstrapper completed for tenant: demo  
[2025-12-12 09:48:55] local.INFO: Attempting to resolve tenant for domain: demo.localhost  
[2025-12-12 09:48:55] local.INFO: Tenant initialized successfully: demo  
[2025-12-12 09:48:55] local.INFO: Database bootstrapper completed for tenant: demo  
[2025-12-12 09:49:06] local.INFO: Attempting to resolve tenant for domain: demo.localhost  
[2025-12-12 09:49:06] local.INFO: Tenant initialized successfully: demo  
[2025-12-12 09:49:06] local.INFO: Database bootstrapper completed for tenant: demo  
[2025-12-12 09:49:08] local.INFO: Attempting to resolve tenant for domain: demo.localhost  
[2025-12-12 09:49:08] local.INFO: Tenant initialized successfully: demo  
[2025-12-12 09:49:08] local.INFO: Database bootstrapper completed for tenant: demo  
[2025-12-12 09:49:11] local.INFO: Attempting to resolve tenant for domain: demo.localhost  
[2025-12-12 09:49:11] local.INFO: Tenant initialized successfully: demo  
[2025-12-12 09:49:11] local.INFO: Database bootstrapper completed for tenant: demo  
[2025-12-12 09:49:15] local.INFO: Attempting to resolve tenant for domain: demo.localhost  
[2025-12-12 09:49:15] local.INFO: Tenant initialized successfully: demo  
[2025-12-12 09:49:15] local.INFO: Database bootstrapper completed for tenant: demo  
[2025-12-12 09:49:45] local.INFO: Attempting to resolve tenant for domain: demo.localhost  
[2025-12-12 09:49:45] local.INFO: Tenant initialized successfully: demo  
[2025-12-12 09:49:45] local.INFO: Database bootstrapper completed for tenant: demo  
[2025-12-12 09:50:15] local.INFO: Attempting to resolve tenant for domain: demo.localhost  
[2025-12-12 09:50:15] local.INFO: Tenant initialized successfully: demo  
[2025-12-12 09:50:15] local.INFO: Database bootstrapper completed for tenant: demo  
[2025-12-12 09:50:45] local.INFO: Attempting to resolve tenant for domain: demo.localhost  
[2025-12-12 09:50:45] local.INFO: Tenant initialized successfully: demo  
[2025-12-12 09:50:45] local.INFO: Database bootstrapper completed for tenant: demo  
[2025-12-12 09:51:15] local.INFO: Attempting to resolve tenant for domain: demo.localhost  
[2025-12-12 09:51:15] local.INFO: Tenant initialized successfully: demo  
[2025-12-12 09:51:15] local.INFO: Database bootstrapper completed for tenant: demo  
[2025-12-12 09:51:45] local.INFO: Attempting to resolve tenant for domain: demo.localhost  
[2025-12-12 09:51:45] local.INFO: Tenant initialized successfully: demo  
[2025-12-12 09:51:45] local.INFO: Database bootstrapper completed for tenant: demo  
[2025-12-12 09:52:06] local.INFO: Attempting to resolve tenant for domain: demo.localhost  
[2025-12-12 09:52:06] local.INFO: Tenant initialized successfully: demo  
[2025-12-12 09:52:06] local.INFO: Database bootstrapper completed for tenant: demo  
[2025-12-12 10:17:30] local.INFO: Attempting to resolve tenant for domain: demo.localhost  
[2025-12-12 10:17:30] local.INFO: Tenant initialized successfully: demo  
[2025-12-12 10:17:30] local.INFO: Database bootstrapper completed for tenant: demo  
[2025-12-12 10:24:50] local.INFO: Attempting to resolve tenant for domain: demo.localhost  
[2025-12-12 10:24:50] local.INFO: Tenant initialized successfully: demo  
[2025-12-12 10:24:50] local.INFO: Database bootstrapper completed for tenant: demo  
[2025-12-12 11:18:48] local.INFO: Attempting to resolve tenant for domain: demo.localhost  
[2025-12-12 11:18:48] local.INFO: Tenant initialized successfully: demo  
[2025-12-12 11:18:48] local.INFO: Database bootstrapper completed for tenant: demo  
[2025-12-12 11:53:10] local.INFO: Attempting to resolve tenant for domain: demo.localhost  
[2025-12-12 11:53:10] local.INFO: Tenant initialized successfully: demo  
[2025-12-12 11:53:10] local.INFO: Database bootstrapper completed for tenant: demo  
[2025-12-12 12:08:47] local.INFO: Attempting to resolve tenant for domain: demo.localhost  
[2025-12-12 12:08:47] local.INFO: Tenant initialized successfully: demo  
[2025-12-12 12:08:47] local.INFO: Database bootstrapper completed for tenant: demo  
[2025-12-12 12:11:51] local.INFO: Attempting to resolve tenant for domain: demo.localhost  
[2025-12-12 12:11:51] local.INFO: Tenant initialized successfully: demo  
[2025-12-12 12:11:51] local.INFO: Database bootstrapper completed for tenant: demo  
[2025-12-12 12:35:48] local.INFO: Attempting to resolve tenant for domain: demo.localhost  
[2025-12-12 12:35:48] local.INFO: Tenant initialized successfully: demo  
[2025-12-12 12:35:48] local.INFO: Database bootstrapper completed for tenant: demo  
[2025-12-12 13:19:17] local.INFO: Attempting to resolve tenant for domain: demo.localhost  
[2025-12-12 13:19:17] local.INFO: Tenant initialized successfully: demo  
[2025-12-12 13:19:17] local.INFO: Database bootstrapper completed for tenant: demo  
[2025-12-12 14:12:18] local.INFO: Attempting to resolve tenant for domain: demo.localhost  
[2025-12-12 14:12:18] local.INFO: Tenant initialized successfully: demo  
[2025-12-12 14:12:18] local.INFO: Database bootstrapper completed for tenant: demo  
[2025-12-12 14:12:21] local.INFO: Attempting to resolve tenant for domain: demo.localhost  
[2025-12-12 14:12:21] local.INFO: Tenant initialized successfully: demo  
[2025-12-12 14:12:21] local.INFO: Database bootstrapper completed for tenant: demo  
[2025-12-12 14:12:51] local.INFO: Attempting to resolve tenant for domain: demo.localhost  
[2025-12-12 14:12:51] local.INFO: Tenant initialized successfully: demo  
[2025-12-12 14:12:51] local.INFO: Database bootstrapper completed for tenant: demo  
[2025-12-12 14:13:21] local.INFO: Attempting to resolve tenant for domain: demo.localhost  
[2025-12-12 14:13:21] local.INFO: Tenant initialized successfully: demo  
[2025-12-12 14:13:21] local.INFO: Database bootstrapper completed for tenant: demo  
[2025-12-12 14:13:51] local.INFO: Attempting to resolve tenant for domain: demo.localhost  
[2025-12-12 14:13:51] local.INFO: Tenant initialized successfully: demo  
[2025-12-12 14:13:51] local.INFO: Database bootstrapper completed for tenant: demo  
[2025-12-12 14:14:21] local.INFO: Attempting to resolve tenant for domain: demo.localhost  
[2025-12-12 14:14:21] local.INFO: Tenant initialized successfully: demo  
[2025-12-12 14:14:21] local.INFO: Database bootstrapper completed for tenant: demo  
[2025-12-12 14:14:51] local.INFO: Attempting to resolve tenant for domain: demo.localhost  
[2025-12-12 14:14:51] local.INFO: Tenant initialized successfully: demo  
[2025-12-12 14:14:51] local.INFO: Database bootstrapper completed for tenant: demo  
[2025-12-12 14:15:21] local.INFO: Attempting to resolve tenant for domain: demo.localhost  
[2025-12-12 14:15:21] local.INFO: Tenant initialized successfully: demo  
[2025-12-12 14:15:21] local.INFO: Database bootstrapper completed for tenant: demo  
[2025-12-12 14:15:51] local.INFO: Attempting to resolve tenant for domain: demo.localhost  
[2025-12-12 14:15:51] local.INFO: Tenant initialized successfully: demo  
[2025-12-12 14:15:51] local.INFO: Database bootstrapper completed for tenant: demo  
[2025-12-12 14:16:21] local.INFO: Attempting to resolve tenant for domain: demo.localhost  
[2025-12-12 14:16:21] local.INFO: Tenant initialized successfully: demo  
[2025-12-12 14:16:21] local.INFO: Database bootstrapper completed for tenant: demo  
[2025-12-12 14:16:51] local.INFO: Attempting to resolve tenant for domain: demo.localhost  
[2025-12-12 14:16:51] local.INFO: Tenant initialized successfully: demo  
[2025-12-12 14:16:51] local.INFO: Database bootstrapper completed for tenant: demo  
[2025-12-12 14:17:21] local.INFO: Attempting to resolve tenant for domain: demo.localhost  
[2025-12-12 14:17:21] local.INFO: Tenant initialized successfully: demo  
[2025-12-12 14:17:21] local.INFO: Database bootstrapper completed for tenant: demo  
[2025-12-12 14:17:51] local.INFO: Attempting to resolve tenant for domain: demo.localhost  
[2025-12-12 14:17:51] local.INFO: Tenant initialized successfully: demo  
[2025-12-12 14:17:51] local.INFO: Database bootstrapper completed for tenant: demo  
[2025-12-12 14:18:21] local.INFO: Attempting to resolve tenant for domain: demo.localhost  
[2025-12-12 14:18:21] local.INFO: Tenant initialized successfully: demo  
[2025-12-12 14:18:21] local.INFO: Database bootstrapper completed for tenant: demo  
[2025-12-12 14:18:51] local.INFO: Attempting to resolve tenant for domain: demo.localhost  
[2025-12-12 14:18:51] local.INFO: Tenant initialized successfully: demo  
[2025-12-12 14:18:51] local.INFO: Database bootstrapper completed for tenant: demo  
[2025-12-12 14:19:21] local.INFO: Attempting to resolve tenant for domain: demo.localhost  
[2025-12-12 14:19:21] local.INFO: Tenant initialized successfully: demo  
[2025-12-12 14:19:21] local.INFO: Database bootstrapper completed for tenant: demo  
[2025-12-12 14:19:51] local.INFO: Attempting to resolve tenant for domain: demo.localhost  
[2025-12-12 14:19:51] local.INFO: Tenant initialized successfully: demo  
[2025-12-12 14:19:51] local.INFO: Database bootstrapper completed for tenant: demo  
[2025-12-12 14:20:21] local.INFO: Attempting to resolve tenant for domain: demo.localhost  
[2025-12-12 14:20:21] local.INFO: Tenant initialized successfully: demo  
[2025-12-12 14:20:21] local.INFO: Database bootstrapper completed for tenant: demo  
[2025-12-12 14:20:51] local.INFO: Attempting to resolve tenant for domain: demo.localhost  
[2025-12-12 14:20:51] local.INFO: Tenant initialized successfully: demo  
[2025-12-12 14:20:51] local.INFO: Database bootstrapper completed for tenant: demo  
[2025-12-12 14:21:21] local.INFO: Attempting to resolve tenant for domain: demo.localhost  
[2025-12-12 14:21:21] local.INFO: Tenant initialized successfully: demo  
[2025-12-12 14:21:21] local.INFO: Database bootstrapper completed for tenant: demo  
[2025-12-12 14:21:51] local.INFO: Attempting to resolve tenant for domain: demo.localhost  
[2025-12-12 14:21:51] local.INFO: Tenant initialized successfully: demo  
[2025-12-12 14:21:51] local.INFO: Database bootstrapper completed for tenant: demo  
[2025-12-12 14:22:21] local.INFO: Attempting to resolve tenant for domain: demo.localhost  
[2025-12-12 14:22:21] local.INFO: Tenant initialized successfully: demo  
[2025-12-12 14:22:21] local.INFO: Database bootstrapper completed for tenant: demo  
[2025-12-12 14:22:51] local.INFO: Attempting to resolve tenant for domain: demo.localhost  
[2025-12-12 14:22:51] local.INFO: Tenant initialized successfully: demo  
[2025-12-12 14:22:51] local.INFO: Database bootstrapper completed for tenant: demo  
[2025-12-12 14:23:21] local.INFO: Attempting to resolve tenant for domain: demo.localhost  
[2025-12-12 14:23:21] local.INFO: Tenant initialized successfully: demo  
[2025-12-12 14:23:21] local.INFO: Database bootstrapper completed for tenant: demo  
[2025-12-12 14:23:51] local.INFO: Attempting to resolve tenant for domain: demo.localhost  
[2025-12-12 14:23:51] local.INFO: Tenant initialized successfully: demo  
[2025-12-12 14:23:51] local.INFO: Database bootstrapper completed for tenant: demo  
[2025-12-12 14:24:21] local.INFO: Attempting to resolve tenant for domain: demo.localhost  
[2025-12-12 14:24:21] local.INFO: Tenant initialized successfully: demo  
[2025-12-12 14:24:21] local.INFO: Database bootstrapper completed for tenant: demo  
[2025-12-12 14:24:51] local.INFO: Attempting to resolve tenant for domain: demo.localhost  
[2025-12-12 14:24:51] local.INFO: Tenant initialized successfully: demo  
[2025-12-12 14:24:51] local.INFO: Database bootstrapper completed for tenant: demo  
[2025-12-12 14:25:21] local.INFO: Attempting to resolve tenant for domain: demo.localhost  
[2025-12-12 14:25:21] local.INFO: Tenant initialized successfully: demo  
[2025-12-12 14:25:21] local.INFO: Database bootstrapper completed for tenant: demo  
[2025-12-12 14:25:51] local.INFO: Attempting to resolve tenant for domain: demo.localhost  
[2025-12-12 14:25:51] local.INFO: Tenant initialized successfully: demo  
[2025-12-12 14:25:51] local.INFO: Database bootstrapper completed for tenant: demo  
[2025-12-12 14:26:21] local.INFO: Attempting to resolve tenant for domain: demo.localhost  
[2025-12-12 14:26:21] local.INFO: Tenant initialized successfully: demo  
[2025-12-12 14:26:21] local.INFO: Database bootstrapper completed for tenant: demo  
[2025-12-12 14:26:51] local.INFO: Attempting to resolve tenant for domain: demo.localhost  
[2025-12-12 14:26:51] local.INFO: Tenant initialized successfully: demo  
[2025-12-12 14:26:51] local.INFO: Database bootstrapper completed for tenant: demo  
[2025-12-12 14:27:21] local.INFO: Attempting to resolve tenant for domain: demo.localhost  
[2025-12-12 14:27:21] local.INFO: Tenant initialized successfully: demo  
[2025-12-12 14:27:21] local.INFO: Database bootstrapper completed for tenant: demo  
[2025-12-12 14:27:51] local.INFO: Attempting to resolve tenant for domain: demo.localhost  
[2025-12-12 14:27:51] local.INFO: Tenant initialized successfully: demo  
[2025-12-12 14:27:51] local.INFO: Database bootstrapper completed for tenant: demo  
[2025-12-12 14:28:22] local.INFO: Attempting to resolve tenant for domain: demo.localhost  
[2025-12-12 14:28:22] local.INFO: Tenant initialized successfully: demo  
[2025-12-12 14:28:22] local.INFO: Database bootstrapper completed for tenant: demo  
[2025-12-12 14:28:52] local.INFO: Attempting to resolve tenant for domain: demo.localhost  
[2025-12-12 14:28:52] local.INFO: Tenant initialized successfully: demo  
[2025-12-12 14:28:52] local.INFO: Database bootstrapper completed for tenant: demo  
[2025-12-12 14:29:22] local.INFO: Attempting to resolve tenant for domain: demo.localhost  
[2025-12-12 14:29:22] local.INFO: Tenant initialized successfully: demo  
[2025-12-12 14:29:22] local.INFO: Database bootstrapper completed for tenant: demo  
[2025-12-12 14:29:52] local.INFO: Attempting to resolve tenant for domain: demo.localhost  
[2025-12-12 14:29:52] local.INFO: Tenant initialized successfully: demo  
[2025-12-12 14:29:52] local.INFO: Database bootstrapper completed for tenant: demo  
[2025-12-12 14:30:22] local.INFO: Attempting to resolve tenant for domain: demo.localhost  
[2025-12-12 14:30:22] local.INFO: Tenant initialized successfully: demo  
[2025-12-12 14:30:22] local.INFO: Database bootstrapper completed for tenant: demo  
[2025-12-12 14:30:52] local.INFO: Attempting to resolve tenant for domain: demo.localhost  
[2025-12-12 14:30:52] local.INFO: Tenant initialized successfully: demo  
[2025-12-12 14:30:52] local.INFO: Database bootstrapper completed for tenant: demo  
[2025-12-12 14:31:21] local.INFO: Attempting to resolve tenant for domain: demo.localhost  
[2025-12-12 14:31:21] local.INFO: Tenant initialized successfully: demo  
[2025-12-12 14:31:21] local.INFO: Database bootstrapper completed for tenant: demo  
[2025-12-12 14:31:52] local.INFO: Attempting to resolve tenant for domain: demo.localhost  
[2025-12-12 14:31:52] local.INFO: Tenant initialized successfully: demo  
[2025-12-12 14:31:52] local.INFO: Database bootstrapper completed for tenant: demo  
[2025-12-12 14:32:22] local.INFO: Attempting to resolve tenant for domain: demo.localhost  
[2025-12-12 14:32:22] local.INFO: Tenant initialized successfully: demo  
[2025-12-12 14:32:22] local.INFO: Database bootstrapper completed for tenant: demo  
[2025-12-12 14:32:52] local.INFO: Attempting to resolve tenant for domain: demo.localhost  
[2025-12-12 14:32:52] local.INFO: Tenant initialized successfully: demo  
[2025-12-12 14:32:52] local.INFO: Database bootstrapper completed for tenant: demo  
[2025-12-12 14:33:22] local.INFO: Attempting to resolve tenant for domain: demo.localhost  
[2025-12-12 14:33:22] local.INFO: Tenant initialized successfully: demo  
[2025-12-12 14:33:22] local.INFO: Database bootstrapper completed for tenant: demo  
[2025-12-12 14:33:51] local.INFO: Attempting to resolve tenant for domain: demo.localhost  
[2025-12-12 14:33:51] local.INFO: Tenant initialized successfully: demo  
[2025-12-12 14:33:51] local.INFO: Database bootstrapper completed for tenant: demo  
[2025-12-12 14:34:21] local.INFO: Attempting to resolve tenant for domain: demo.localhost  
[2025-12-12 14:34:21] local.INFO: Tenant initialized successfully: demo  
[2025-12-12 14:34:21] local.INFO: Database bootstrapper completed for tenant: demo  
[2025-12-12 14:34:51] local.INFO: Attempting to resolve tenant for domain: demo.localhost  
[2025-12-12 14:34:51] local.INFO: Tenant initialized successfully: demo  
[2025-12-12 14:34:51] local.INFO: Database bootstrapper completed for tenant: demo  
[2025-12-12 14:35:21] local.INFO: Attempting to resolve tenant for domain: demo.localhost  
[2025-12-12 14:35:21] local.INFO: Tenant initialized successfully: demo  
[2025-12-12 14:35:21] local.INFO: Database bootstrapper completed for tenant: demo  
[2025-12-12 20:49:38] local.INFO: Attempting to resolve tenant for domain: ahmadtest.localhost  
[2025-12-12 20:49:38] local.INFO: Tenant initialized successfully: ahmadtest  
[2025-12-12 20:49:38] local.INFO: Database bootstrapper completed for tenant: ahmadtest  
[2025-12-12 20:49:40] local.INFO: Attempting to resolve tenant for domain: ahmadtest.localhost  
[2025-12-12 20:49:40] local.INFO: Tenant initialized successfully: ahmadtest  
[2025-12-12 20:49:40] local.INFO: Database bootstrapper completed for tenant: ahmadtest  
[2025-12-12 20:49:40] local.INFO: Attempting to resolve tenant for domain: ahmadtest.localhost  
[2025-12-12 20:49:40] local.INFO: Tenant initialized successfully: ahmadtest  
[2025-12-12 20:49:40] local.INFO: Database bootstrapper completed for tenant: ahmadtest  
[2025-12-12 20:49:41] local.INFO: Attempting to resolve tenant for domain: ahmadtest.localhost  
[2025-12-12 20:49:41] local.INFO: Tenant initialized successfully: ahmadtest  
[2025-12-12 20:49:41] local.INFO: Database bootstrapper completed for tenant: ahmadtest  
[2025-12-12 20:49:42] local.INFO: Attempting to resolve tenant for domain: ahmadtest.localhost  
[2025-12-12 20:49:42] local.INFO: Tenant initialized successfully: ahmadtest  
[2025-12-12 20:49:42] local.INFO: Database bootstrapper completed for tenant: ahmadtest  
[2025-12-12 20:49:55] local.INFO: Attempting to resolve tenant for domain: ahmadtest.localhost  
[2025-12-12 20:49:55] local.INFO: Tenant initialized successfully: ahmadtest  
[2025-12-12 20:49:55] local.INFO: Database bootstrapper completed for tenant: ahmadtest  
[2025-12-12 20:49:55] local.INFO: Attempting to resolve tenant for domain: ahmadtest.localhost  
[2025-12-12 20:49:55] local.INFO: Tenant initialized successfully: ahmadtest  
[2025-12-12 20:49:55] local.INFO: Database bootstrapper completed for tenant: ahmadtest  
[2025-12-12 20:49:56] local.INFO: Attempting to resolve tenant for domain: ahmadtest.localhost  
[2025-12-12 20:49:56] local.INFO: Tenant initialized successfully: ahmadtest  
[2025-12-12 20:49:56] local.INFO: Database bootstrapper completed for tenant: ahmadtest  
[2025-12-12 20:49:56] local.INFO: Attempting to resolve tenant for domain: ahmadtest.localhost  
[2025-12-12 20:49:56] local.INFO: Tenant initialized successfully: ahmadtest  
[2025-12-12 20:49:56] local.INFO: Database bootstrapper completed for tenant: ahmadtest  
[2025-12-12 20:49:56] local.INFO: Attempting to resolve tenant for domain: ahmadtest.localhost  
[2025-12-12 20:49:56] local.INFO: Tenant initialized successfully: ahmadtest  
[2025-12-12 20:49:56] local.INFO: Database bootstrapper completed for tenant: ahmadtest  
[2025-12-12 20:49:57] local.INFO: Attempting to resolve tenant for domain: ahmadtest.localhost  
[2025-12-12 20:49:57] local.INFO: Tenant initialized successfully: ahmadtest  
[2025-12-12 20:49:57] local.INFO: Database bootstrapper completed for tenant: ahmadtest  
[2025-12-12 20:51:06] local.INFO: Attempting to resolve tenant for domain: ahmadtest.localhost  
[2025-12-12 20:51:06] local.INFO: Tenant initialized successfully: ahmadtest  
[2025-12-12 20:51:06] local.INFO: Database bootstrapper completed for tenant: ahmadtest  
[2025-12-12 20:51:06] local.INFO: Attempting to resolve tenant for domain: ahmadtest.localhost  
[2025-12-12 20:51:06] local.INFO: Tenant initialized successfully: ahmadtest  
[2025-12-12 20:51:06] local.INFO: Database bootstrapper completed for tenant: ahmadtest  
[2025-12-12 20:51:16] local.INFO: Attempting to resolve tenant for domain: ahmadtest.localhost  
[2025-12-12 20:51:16] local.INFO: Tenant initialized successfully: ahmadtest  
[2025-12-12 20:51:16] local.INFO: Database bootstrapper completed for tenant: ahmadtest  
[2025-12-12 20:51:17] local.INFO: Attempting to resolve tenant for domain: ahmadtest.localhost  
[2025-12-12 20:51:17] local.INFO: Tenant initialized successfully: ahmadtest  
[2025-12-12 20:51:17] local.INFO: Database bootstrapper completed for tenant: ahmadtest  
[2025-12-12 20:51:17] local.INFO: Attempting to resolve tenant for domain: ahmadtest.localhost  
[2025-12-12 20:51:17] local.INFO: Tenant initialized successfully: ahmadtest  
[2025-12-12 20:51:17] local.INFO: Database bootstrapper completed for tenant: ahmadtest  
[2025-12-12 20:51:18] local.INFO: Attempting to resolve tenant for domain: ahmadtest.localhost  
[2025-12-12 20:51:18] local.INFO: Tenant initialized successfully: ahmadtest  
[2025-12-12 20:51:18] local.INFO: Database bootstrapper completed for tenant: ahmadtest  
[2025-12-12 20:51:19] local.INFO: Attempting to resolve tenant for domain: ahmadtest.localhost  
[2025-12-12 20:51:19] local.INFO: Tenant initialized successfully: ahmadtest  
[2025-12-12 20:51:19] local.INFO: Database bootstrapper completed for tenant: ahmadtest  
[2025-12-12 20:51:19] local.INFO: Attempting to resolve tenant for domain: ahmadtest.localhost  
[2025-12-12 20:51:19] local.INFO: Tenant initialized successfully: ahmadtest  
[2025-12-12 20:51:19] local.INFO: Database bootstrapper completed for tenant: ahmadtest  
[2025-12-12 20:51:19] local.INFO: Attempting to resolve tenant for domain: ahmadtest.localhost  
[2025-12-12 20:51:19] local.INFO: Tenant initialized successfully: ahmadtest  
[2025-12-12 20:51:19] local.INFO: Database bootstrapper completed for tenant: ahmadtest  
[2025-12-12 20:51:22] local.INFO: Attempting to resolve tenant for domain: ahmadtest.localhost  
[2025-12-12 20:51:23] local.INFO: Tenant initialized successfully: ahmadtest  
[2025-12-12 20:51:23] local.INFO: Database bootstrapper completed for tenant: ahmadtest  
[2025-12-12 20:51:23] local.INFO: Attempting to resolve tenant for domain: ahmadtest.localhost  
[2025-12-12 20:51:23] local.INFO: Tenant initialized successfully: ahmadtest  
[2025-12-12 20:51:23] local.INFO: Database bootstrapper completed for tenant: ahmadtest  
[2025-12-12 20:51:34] local.INFO: Attempting to resolve tenant for domain: ahmadtest.localhost  
[2025-12-12 20:51:34] local.INFO: Tenant initialized successfully: ahmadtest  
[2025-12-12 20:51:34] local.INFO: Database bootstrapper completed for tenant: ahmadtest  
[2025-12-12 20:51:35] local.INFO: Attempting to resolve tenant for domain: ahmadtest.localhost  
[2025-12-12 20:51:35] local.INFO: Tenant initialized successfully: ahmadtest  
[2025-12-12 20:51:35] local.INFO: Database bootstrapper completed for tenant: ahmadtest  
[2025-12-12 20:51:36] local.INFO: Attempting to resolve tenant for domain: ahmadtest.localhost  
[2025-12-12 20:51:37] local.INFO: Tenant initialized successfully: ahmadtest  
[2025-12-12 20:51:37] local.INFO: Database bootstrapper completed for tenant: ahmadtest  
[2025-12-12 20:51:40] local.INFO: Attempting to resolve tenant for domain: ahmadtest.localhost  
[2025-12-12 20:51:40] local.INFO: Tenant initialized successfully: ahmadtest  
[2025-12-12 20:51:40] local.INFO: Database bootstrapper completed for tenant: ahmadtest  
[2025-12-12 20:51:42] local.INFO: Attempting to resolve tenant for domain: ahmadtest.localhost  
[2025-12-12 20:51:42] local.INFO: Tenant initialized successfully: ahmadtest  
[2025-12-12 20:51:42] local.INFO: Database bootstrapper completed for tenant: ahmadtest  
[2025-12-12 20:51:42] local.INFO: Attempting to resolve tenant for domain: ahmadtest.localhost  
[2025-12-12 20:51:42] local.INFO: Tenant initialized successfully: ahmadtest  
[2025-12-12 20:51:42] local.INFO: Database bootstrapper completed for tenant: ahmadtest  
[2025-12-12 20:51:42] local.INFO: Attempting to resolve tenant for domain: ahmadtest.localhost  
[2025-12-12 20:51:42] local.INFO: Tenant initialized successfully: ahmadtest  
[2025-12-12 20:51:42] local.INFO: Database bootstrapper completed for tenant: ahmadtest  
[2025-12-12 20:51:43] local.INFO: Attempting to resolve tenant for domain: ahmadtest.localhost  
[2025-12-12 20:51:43] local.INFO: Tenant initialized successfully: ahmadtest  
[2025-12-12 20:51:43] local.INFO: Database bootstrapper completed for tenant: ahmadtest  
[2025-12-12 20:54:21] local.INFO: Attempting to resolve tenant for domain: ahmadtest.localhost  
[2025-12-12 20:54:21] local.INFO: Tenant initialized successfully: ahmadtest  
[2025-12-12 20:54:21] local.INFO: Database bootstrapper completed for tenant: ahmadtest  
[2025-12-12 21:02:50] local.INFO: Attempting to resolve tenant for domain: ahmadtest.localhost  
[2025-12-12 21:02:50] local.INFO: Tenant initialized successfully: ahmadtest  
[2025-12-12 21:02:50] local.INFO: Database bootstrapper completed for tenant: ahmadtest  
[2025-12-12 21:02:51] local.INFO: Attempting to resolve tenant for domain: ahmadtest.localhost  
[2025-12-12 21:02:51] local.INFO: Tenant initialized successfully: ahmadtest  
[2025-12-12 21:02:51] local.INFO: Database bootstrapper completed for tenant: ahmadtest  
[2025-12-12 21:02:52] local.INFO: Attempting to resolve tenant for domain: ahmadtest.localhost  
[2025-12-12 21:02:52] local.INFO: Tenant initialized successfully: ahmadtest  
[2025-12-12 21:02:52] local.INFO: Database bootstrapper completed for tenant: ahmadtest  
[2025-12-12 21:02:52] local.INFO: Attempting to resolve tenant for domain: ahmadtest.localhost  
[2025-12-12 21:02:52] local.INFO: Tenant initialized successfully: ahmadtest  
[2025-12-12 21:02:52] local.INFO: Database bootstrapper completed for tenant: ahmadtest  
[2025-12-12 21:02:55] local.INFO: Attempting to resolve tenant for domain: ahmadtest.localhost  
[2025-12-12 21:02:55] local.INFO: Tenant initialized successfully: ahmadtest  
[2025-12-12 21:02:55] local.INFO: Database bootstrapper completed for tenant: ahmadtest  
[2025-12-12 21:02:55] local.INFO: Attempting to resolve tenant for domain: ahmadtest.localhost  
[2025-12-12 21:02:55] local.INFO: Tenant initialized successfully: ahmadtest  
[2025-12-12 21:02:55] local.INFO: Database bootstrapper completed for tenant: ahmadtest  
[2025-12-12 21:03:23] local.INFO: Attempting to resolve tenant for domain: ahmadtest.localhost  
[2025-12-12 21:03:23] local.INFO: Tenant initialized successfully: ahmadtest  
[2025-12-12 21:03:23] local.INFO: Database bootstrapper completed for tenant: ahmadtest  
[2025-12-12 21:03:23] local.INFO: Attempting to resolve tenant for domain: ahmadtest.localhost  
[2025-12-12 21:03:23] local.INFO: Tenant initialized successfully: ahmadtest  
[2025-12-12 21:03:23] local.INFO: Database bootstrapper completed for tenant: ahmadtest  
[2025-12-12 21:03:59] local.INFO: Attempting to resolve tenant for domain: ahmadtest.localhost  
[2025-12-12 21:03:59] local.INFO: Tenant initialized successfully: ahmadtest  
[2025-12-12 21:03:59] local.INFO: Database bootstrapper completed for tenant: ahmadtest  
[2025-12-12 21:03:59] local.INFO: Attempting to resolve tenant for domain: ahmadtest.localhost  
[2025-12-12 21:03:59] local.INFO: Tenant initialized successfully: ahmadtest  
[2025-12-12 21:03:59] local.INFO: Database bootstrapper completed for tenant: ahmadtest  
[2025-12-12 21:04:17] local.INFO: Attempting to resolve tenant for domain: ahmadtest.localhost  
[2025-12-12 21:04:17] local.INFO: Tenant initialized successfully: ahmadtest  
[2025-12-12 21:04:17] local.INFO: Database bootstrapper completed for tenant: ahmadtest  
[2025-12-12 21:04:18] local.INFO: Attempting to resolve tenant for domain: ahmadtest.localhost  
[2025-12-12 21:04:18] local.INFO: Tenant initialized successfully: ahmadtest  
[2025-12-12 21:04:18] local.INFO: Database bootstrapper completed for tenant: ahmadtest  
[2025-12-12 21:04:21] local.INFO: Attempting to resolve tenant for domain: ahmadtest.localhost  
[2025-12-12 21:04:21] local.INFO: Tenant initialized successfully: ahmadtest  
[2025-12-12 21:04:21] local.INFO: Database bootstrapper completed for tenant: ahmadtest  
[2025-12-12 21:04:21] local.INFO: Attempting to resolve tenant for domain: ahmadtest.localhost  
[2025-12-12 21:04:21] local.INFO: Tenant initialized successfully: ahmadtest  
[2025-12-12 21:04:21] local.INFO: Database bootstrapper completed for tenant: ahmadtest  
[2025-12-12 21:04:22] local.INFO: Attempting to resolve tenant for domain: ahmadtest.localhost  
[2025-12-12 21:04:22] local.INFO: Tenant initialized successfully: ahmadtest  
[2025-12-12 21:04:22] local.INFO: Database bootstrapper completed for tenant: ahmadtest  
[2025-12-12 21:04:22] local.INFO: Attempting to resolve tenant for domain: ahmadtest.localhost  
[2025-12-12 21:04:22] local.INFO: Tenant initialized successfully: ahmadtest  
[2025-12-12 21:04:22] local.INFO: Database bootstrapper completed for tenant: ahmadtest  
[2025-12-12 21:05:24] local.INFO: Attempting to resolve tenant for domain: ahmadtest.localhost  
[2025-12-12 21:05:24] local.INFO: Tenant initialized successfully: ahmadtest  
[2025-12-12 21:05:24] local.INFO: Database bootstrapper completed for tenant: ahmadtest  
[2025-12-12 21:05:24] local.INFO: Attempting to resolve tenant for domain: ahmadtest.localhost  
[2025-12-12 21:05:24] local.INFO: Tenant initialized successfully: ahmadtest  
[2025-12-12 21:05:24] local.INFO: Database bootstrapper completed for tenant: ahmadtest  
[2025-12-12 21:06:50] local.ERROR: SQLSTATE[08006] [7] connection to server at "127.0.0.1", port 5432 failed: FATAL:  database "ahmadmhala" does not exist (Connection: tenant, SQL: select c.relname as name, n.nspname as schema, pg_total_relation_size(c.oid) as size, obj_description(c.oid, 'pg_class') as comment from pg_class c, pg_namespace n where c.relkind in ('r', 'p') and n.oid = c.relnamespace and n.nspname not in ('pg_catalog', 'information_schema') order by c.relname) {"exception":"[object] (Illuminate\\Database\\QueryException(code: 7): SQLSTATE[08006] [7] connection to server at \"127.0.0.1\", port 5432 failed: FATAL:  database \"ahmadmhala\" does not exist (Connection: tenant, SQL: select c.relname as name, n.nspname as schema, pg_total_relation_size(c.oid) as size, obj_description(c.oid, 'pg_class') as comment from pg_class c, pg_namespace n where c.relkind in ('r', 'p') and n.oid = c.relnamespace and n.nspname not in ('pg_catalog', 'information_schema') order by c.relname) at /Users/ahmadmhala/Downloads/RestoFy-main/vendor/laravel/framework/src/Illuminate/Database/Connection.php:825)
[stacktrace]
#0 /Users/ahmadmhala/Downloads/RestoFy-main/vendor/laravel/framework/src/Illuminate/Database/Connection.php(779): Illuminate\\Database\\Connection->runQueryCallback('select c.relnam...', Array, Object(Closure))
#1 /Users/ahmadmhala/Downloads/RestoFy-main/vendor/laravel/framework/src/Illuminate/Database/Connection.php(398): Illuminate\\Database\\Connection->run('select c.relnam...', Array, Object(Closure))
#2 /Users/ahmadmhala/Downloads/RestoFy-main/vendor/laravel/framework/src/Illuminate/Database/Connection.php(385): Illuminate\\Database\\Connection->select('select c.relnam...', Array, false)
#3 /Users/ahmadmhala/Downloads/RestoFy-main/vendor/laravel/framework/src/Illuminate/Database/Schema/Builder.php(183): Illuminate\\Database\\Connection->selectFromWriteConnection('select c.relnam...')
#4 /Users/ahmadmhala/Downloads/RestoFy-main/vendor/laravel/framework/src/Illuminate/Database/Schema/PostgresBuilder.php(104): Illuminate\\Database\\Schema\\Builder->getTables()
#5 /Users/ahmadmhala/Downloads/RestoFy-main/vendor/laravel/framework/src/Illuminate/Database/Console/WipeCommand.php(73): Illuminate\\Database\\Schema\\PostgresBuilder->dropAllTables()
#6 /Users/ahmadmhala/Downloads/RestoFy-main/vendor/laravel/framework/src/Illuminate/Database/Console/WipeCommand.php(50): Illuminate\\Database\\Console\\WipeCommand->dropAllTables('tenant')
#7 /Users/ahmadmhala/Downloads/RestoFy-main/vendor/laravel/framework/src/Illuminate/Container/BoundMethod.php(36): Illuminate\\Database\\Console\\WipeCommand->handle()
#8 /Users/ahmadmhala/Downloads/RestoFy-main/vendor/laravel/framework/src/Illuminate/Container/Util.php(43): Illuminate\\Container\\BoundMethod::{closure:Illuminate\\Container\\BoundMethod::call():35}()
#9 /Users/ahmadmhala/Downloads/RestoFy-main/vendor/laravel/framework/src/Illuminate/Container/BoundMethod.php(95): Illuminate\\Container\\Util::unwrapIfClosure(Object(Closure))
#10 /Users/ahmadmhala/Downloads/RestoFy-main/vendor/laravel/framework/src/Illuminate/Container/BoundMethod.php(35): Illuminate\\Container\\BoundMethod::callBoundMethod(Object(Illuminate\\Foundation\\Application), Array, Object(Closure))
#11 /Users/ahmadmhala/Downloads/RestoFy-main/vendor/laravel/framework/src/Illuminate/Container/Container.php(696): Illuminate\\Container\\BoundMethod::call(Object(Illuminate\\Foundation\\Application), Array, Array, NULL)
#12 /Users/ahmadmhala/Downloads/RestoFy-main/vendor/laravel/framework/src/Illuminate/Console/Command.php(213): Illuminate\\Container\\Container->call(Array)
#13 /Users/ahmadmhala/Downloads/RestoFy-main/vendor/symfony/console/Command/Command.php(318): Illuminate\\Console\\Command->execute(Object(Symfony\\Component\\Console\\Input\\ArrayInput), Object(Illuminate\\Console\\OutputStyle))
#14 /Users/ahmadmhala/Downloads/RestoFy-main/vendor/laravel/framework/src/Illuminate/Console/Command.php(182): Symfony\\Component\\Console\\Command\\Command->run(Object(Symfony\\Component\\Console\\Input\\ArrayInput), Object(Illuminate\\Console\\OutputStyle))
#15 /Users/ahmadmhala/Downloads/RestoFy-main/vendor/laravel/framework/src/Illuminate/Console/Concerns/CallsCommands.php(68): Illuminate\\Console\\Command->run(Object(Symfony\\Component\\Console\\Input\\ArrayInput), Object(Illuminate\\Console\\OutputStyle))
#16 /Users/ahmadmhala/Downloads/RestoFy-main/vendor/laravel/framework/src/Illuminate/Console/Concerns/CallsCommands.php(29): Illuminate\\Console\\Command->runCommand('db:wipe', Array, Object(Illuminate\\Console\\OutputStyle))
#17 /Users/ahmadmhala/Downloads/RestoFy-main/vendor/stancl/tenancy/src/Commands/MigrateFresh.php(42): Illuminate\\Console\\Command->call('db:wipe', Array)
#18 /Users/ahmadmhala/Downloads/RestoFy-main/vendor/stancl/tenancy/src/Tenancy.php(160): Stancl\\Tenancy\\Commands\\MigrateFresh->{closure:Stancl\\Tenancy\\Commands\\MigrateFresh::handle():40}(Object(App\\Models\\Tenant))
#19 /Users/ahmadmhala/Downloads/RestoFy-main/vendor/stancl/tenancy/src/Commands/MigrateFresh.php(40): Stancl\\Tenancy\\Tenancy->runForMultiple(Array, Object(Closure))
#20 /Users/ahmadmhala/Downloads/RestoFy-main/vendor/laravel/framework/src/Illuminate/Container/BoundMethod.php(36): Stancl\\Tenancy\\Commands\\MigrateFresh->handle()
#21 /Users/ahmadmhala/Downloads/RestoFy-main/vendor/laravel/framework/src/Illuminate/Container/Util.php(43): Illuminate\\Container\\BoundMethod::{closure:Illuminate\\Container\\BoundMethod::call():35}()
#22 /Users/ahmadmhala/Downloads/RestoFy-main/vendor/laravel/framework/src/Illuminate/Container/BoundMethod.php(95): Illuminate\\Container\\Util::unwrapIfClosure(Object(Closure))
#23 /Users/ahmadmhala/Downloads/RestoFy-main/vendor/laravel/framework/src/Illuminate/Container/BoundMethod.php(35): Illuminate\\Container\\BoundMethod::callBoundMethod(Object(Illuminate\\Foundation\\Application), Array, Object(Closure))
#24 /Users/ahmadmhala/Downloads/RestoFy-main/vendor/laravel/framework/src/Illuminate/Container/Container.php(696): Illuminate\\Container\\BoundMethod::call(Object(Illuminate\\Foundation\\Application), Array, Array, NULL)
#25 /Users/ahmadmhala/Downloads/RestoFy-main/vendor/laravel/framework/src/Illuminate/Console/Command.php(213): Illuminate\\Container\\Container->call(Array)
#26 /Users/ahmadmhala/Downloads/RestoFy-main/vendor/symfony/console/Command/Command.php(318): Illuminate\\Console\\Command->execute(Object(Symfony\\Component\\Console\\Input\\ArgvInput), Object(Illuminate\\Console\\OutputStyle))
#27 /Users/ahmadmhala/Downloads/RestoFy-main/vendor/laravel/framework/src/Illuminate/Console/Command.php(182): Symfony\\Component\\Console\\Command\\Command->run(Object(Symfony\\Component\\Console\\Input\\ArgvInput), Object(Illuminate\\Console\\OutputStyle))
#28 /Users/ahmadmhala/Downloads/RestoFy-main/vendor/symfony/console/Application.php(1073): Illuminate\\Console\\Command->run(Object(Symfony\\Component\\Console\\Input\\ArgvInput), Object(Symfony\\Component\\Console\\Output\\ConsoleOutput))
#29 /Users/ahmadmhala/Downloads/RestoFy-main/vendor/symfony/console/Application.php(356): Symfony\\Component\\Console\\Application->doRunCommand(Object(Stancl\\Tenancy\\Commands\\MigrateFresh), Object(Symfony\\Component\\Console\\Input\\ArgvInput), Object(Symfony\\Component\\Console\\Output\\ConsoleOutput))
#30 /Users/ahmadmhala/Downloads/RestoFy-main/vendor/symfony/console/Application.php(195): Symfony\\Component\\Console\\Application->doRun(Object(Symfony\\Component\\Console\\Input\\ArgvInput), Object(Symfony\\Component\\Console\\Output\\ConsoleOutput))
#31 /Users/ahmadmhala/Downloads/RestoFy-main/vendor/laravel/framework/src/Illuminate/Foundation/Console/Kernel.php(198): Symfony\\Component\\Console\\Application->run(Object(Symfony\\Component\\Console\\Input\\ArgvInput), Object(Symfony\\Component\\Console\\Output\\ConsoleOutput))
#32 /Users/ahmadmhala/Downloads/RestoFy-main/vendor/laravel/framework/src/Illuminate/Foundation/Application.php(1235): Illuminate\\Foundation\\Console\\Kernel->handle(Object(Symfony\\Component\\Console\\Input\\ArgvInput), Object(Symfony\\Component\\Console\\Output\\ConsoleOutput))
#33 /Users/ahmadmhala/Downloads/RestoFy-main/artisan(13): Illuminate\\Foundation\\Application->handleCommand(Object(Symfony\\Component\\Console\\Input\\ArgvInput))
#34 {main}

[previous exception] [object] (PDOException(code: 7): SQLSTATE[08006] [7] connection to server at \"127.0.0.1\", port 5432 failed: FATAL:  database \"ahmadmhala\" does not exist at /Users/ahmadmhala/Downloads/RestoFy-main/vendor/laravel/framework/src/Illuminate/Database/Connectors/Connector.php:67)
[stacktrace]
#0 /Users/ahmadmhala/Downloads/RestoFy-main/vendor/laravel/framework/src/Illuminate/Database/Connectors/Connector.php(67): PDO::connect('pgsql:host=127....', 'ahmadmhala', Object(SensitiveParameterValue), Array)
#1 /Users/ahmadmhala/Downloads/RestoFy-main/vendor/laravel/framework/src/Illuminate/Database/Connectors/Connector.php(44): Illuminate\\Database\\Connectors\\Connector->createPdoConnection('pgsql:host=127....', 'ahmadmhala', Object(SensitiveParameterValue), Array)
#2 /Users/ahmadmhala/Downloads/RestoFy-main/vendor/laravel/framework/src/Illuminate/Database/Connectors/PostgresConnector.php(35): Illuminate\\Database\\Connectors\\Connector->createConnection('pgsql:host=127....', Array, Array)
#3 /Users/ahmadmhala/Downloads/RestoFy-main/vendor/laravel/framework/src/Illuminate/Database/Connectors/ConnectionFactory.php(185): Illuminate\\Database\\Connectors\\PostgresConnector->connect(Array)
#4 [internal function]: Illuminate\\Database\\Connectors\\ConnectionFactory->{closure:Illuminate\\Database\\Connectors\\ConnectionFactory::createPdoResolverWithHosts():180}()
#5 /Users/ahmadmhala/Downloads/RestoFy-main/vendor/laravel/framework/src/Illuminate/Database/Connection.php(1231): call_user_func(Object(Closure))
#6 /Users/ahmadmhala/Downloads/RestoFy-main/vendor/laravel/framework/src/Illuminate/Database/Connection.php(512): Illuminate\\Database\\Connection->getPdo()
#7 /Users/ahmadmhala/Downloads/RestoFy-main/vendor/laravel/framework/src/Illuminate/Database/Connection.php(407): Illuminate\\Database\\Connection->getPdoForSelect(false)
#8 /Users/ahmadmhala/Downloads/RestoFy-main/vendor/laravel/framework/src/Illuminate/Database/Connection.php(812): Illuminate\\Database\\Connection->{closure:Illuminate\\Database\\Connection::select():398}('select c.relnam...', Array)
#9 /Users/ahmadmhala/Downloads/RestoFy-main/vendor/laravel/framework/src/Illuminate/Database/Connection.php(779): Illuminate\\Database\\Connection->runQueryCallback('select c.relnam...', Array, Object(Closure))
#10 /Users/ahmadmhala/Downloads/RestoFy-main/vendor/laravel/framework/src/Illuminate/Database/Connection.php(398): Illuminate\\Database\\Connection->run('select c.relnam...', Array, Object(Closure))
#11 /Users/ahmadmhala/Downloads/RestoFy-main/vendor/laravel/framework/src/Illuminate/Database/Connection.php(385): Illuminate\\Database\\Connection->select('select c.relnam...', Array, false)
#12 /Users/ahmadmhala/Downloads/RestoFy-main/vendor/laravel/framework/src/Illuminate/Database/Schema/Builder.php(183): Illuminate\\Database\\Connection->selectFromWriteConnection('select c.relnam...')
#13 /Users/ahmadmhala/Downloads/RestoFy-main/vendor/laravel/framework/src/Illuminate/Database/Schema/PostgresBuilder.php(104): Illuminate\\Database\\Schema\\Builder->getTables()
#14 /Users/ahmadmhala/Downloads/RestoFy-main/vendor/laravel/framework/src/Illuminate/Database/Console/WipeCommand.php(73): Illuminate\\Database\\Schema\\PostgresBuilder->dropAllTables()
#15 /Users/ahmadmhala/Downloads/RestoFy-main/vendor/laravel/framework/src/Illuminate/Database/Console/WipeCommand.php(50): Illuminate\\Database\\Console\\WipeCommand->dropAllTables('tenant')
#16 /Users/ahmadmhala/Downloads/RestoFy-main/vendor/laravel/framework/src/Illuminate/Container/BoundMethod.php(36): Illuminate\\Database\\Console\\WipeCommand->handle()
#17 /Users/ahmadmhala/Downloads/RestoFy-main/vendor/laravel/framework/src/Illuminate/Container/Util.php(43): Illuminate\\Container\\BoundMethod::{closure:Illuminate\\Container\\BoundMethod::call():35}()
#18 /Users/ahmadmhala/Downloads/RestoFy-main/vendor/laravel/framework/src/Illuminate/Container/BoundMethod.php(95): Illuminate\\Container\\Util::unwrapIfClosure(Object(Closure))
#19 /Users/ahmadmhala/Downloads/RestoFy-main/vendor/laravel/framework/src/Illuminate/Container/BoundMethod.php(35): Illuminate\\Container\\BoundMethod::callBoundMethod(Object(Illuminate\\Foundation\\Application), Array, Object(Closure))
#20 /Users/ahmadmhala/Downloads/RestoFy-main/vendor/laravel/framework/src/Illuminate/Container/Container.php(696): Illuminate\\Container\\BoundMethod::call(Object(Illuminate\\Foundation\\Application), Array, Array, NULL)
#21 /Users/ahmadmhala/Downloads/RestoFy-main/vendor/laravel/framework/src/Illuminate/Console/Command.php(213): Illuminate\\Container\\Container->call(Array)
#22 /Users/ahmadmhala/Downloads/RestoFy-main/vendor/symfony/console/Command/Command.php(318): Illuminate\\Console\\Command->execute(Object(Symfony\\Component\\Console\\Input\\ArrayInput), Object(Illuminate\\Console\\OutputStyle))
#23 /Users/ahmadmhala/Downloads/RestoFy-main/vendor/laravel/framework/src/Illuminate/Console/Command.php(182): Symfony\\Component\\Console\\Command\\Command->run(Object(Symfony\\Component\\Console\\Input\\ArrayInput), Object(Illuminate\\Console\\OutputStyle))
#24 /Users/ahmadmhala/Downloads/RestoFy-main/vendor/laravel/framework/src/Illuminate/Console/Concerns/CallsCommands.php(68): Illuminate\\Console\\Command->run(Object(Symfony\\Component\\Console\\Input\\ArrayInput), Object(Illuminate\\Console\\OutputStyle))
#25 /Users/ahmadmhala/Downloads/RestoFy-main/vendor/laravel/framework/src/Illuminate/Console/Concerns/CallsCommands.php(29): Illuminate\\Console\\Command->runCommand('db:wipe', Array, Object(Illuminate\\Console\\OutputStyle))
#26 /Users/ahmadmhala/Downloads/RestoFy-main/vendor/stancl/tenancy/src/Commands/MigrateFresh.php(42): Illuminate\\Console\\Command->call('db:wipe', Array)
#27 /Users/ahmadmhala/Downloads/RestoFy-main/vendor/stancl/tenancy/src/Tenancy.php(160): Stancl\\Tenancy\\Commands\\MigrateFresh->{closure:Stancl\\Tenancy\\Commands\\MigrateFresh::handle():40}(Object(App\\Models\\Tenant))
#28 /Users/ahmadmhala/Downloads/RestoFy-main/vendor/stancl/tenancy/src/Commands/MigrateFresh.php(40): Stancl\\Tenancy\\Tenancy->runForMultiple(Array, Object(Closure))
#29 /Users/ahmadmhala/Downloads/RestoFy-main/vendor/laravel/framework/src/Illuminate/Container/BoundMethod.php(36): Stancl\\Tenancy\\Commands\\MigrateFresh->handle()
#30 /Users/ahmadmhala/Downloads/RestoFy-main/vendor/laravel/framework/src/Illuminate/Container/Util.php(43): Illuminate\\Container\\BoundMethod::{closure:Illuminate\\Container\\BoundMethod::call():35}()
#31 /Users/ahmadmhala/Downloads/RestoFy-main/vendor/laravel/framework/src/Illuminate/Container/BoundMethod.php(95): Illuminate\\Container\\Util::unwrapIfClosure(Object(Closure))
#32 /Users/ahmadmhala/Downloads/RestoFy-main/vendor/laravel/framework/src/Illuminate/Container/BoundMethod.php(35): Illuminate\\Container\\BoundMethod::callBoundMethod(Object(Illuminate\\Foundation\\Application), Array, Object(Closure))
#33 /Users/ahmadmhala/Downloads/RestoFy-main/vendor/laravel/framework/src/Illuminate/Container/Container.php(696): Illuminate\\Container\\BoundMethod::call(Object(Illuminate\\Foundation\\Application), Array, Array, NULL)
#34 /Users/ahmadmhala/Downloads/RestoFy-main/vendor/laravel/framework/src/Illuminate/Console/Command.php(213): Illuminate\\Container\\Container->call(Array)
#35 /Users/ahmadmhala/Downloads/RestoFy-main/vendor/symfony/console/Command/Command.php(318): Illuminate\\Console\\Command->execute(Object(Symfony\\Component\\Console\\Input\\ArgvInput), Object(Illuminate\\Console\\OutputStyle))
#36 /Users/ahmadmhala/Downloads/RestoFy-main/vendor/laravel/framework/src/Illuminate/Console/Command.php(182): Symfony\\Component\\Console\\Command\\Command->run(Object(Symfony\\Component\\Console\\Input\\ArgvInput), Object(Illuminate\\Console\\OutputStyle))
#37 /Users/ahmadmhala/Downloads/RestoFy-main/vendor/symfony/console/Application.php(1073): Illuminate\\Console\\Command->run(Object(Symfony\\Component\\Console\\Input\\ArgvInput), Object(Symfony\\Component\\Console\\Output\\ConsoleOutput))
#38 /Users/ahmadmhala/Downloads/RestoFy-main/vendor/symfony/console/Application.php(356): Symfony\\Component\\Console\\Application->doRunCommand(Object(Stancl\\Tenancy\\Commands\\MigrateFresh), Object(Symfony\\Component\\Console\\Input\\ArgvInput), Object(Symfony\\Component\\Console\\Output\\ConsoleOutput))
#39 /Users/ahmadmhala/Downloads/RestoFy-main/vendor/symfony/console/Application.php(195): Symfony\\Component\\Console\\Application->doRun(Object(Symfony\\Component\\Console\\Input\\ArgvInput), Object(Symfony\\Component\\Console\\Output\\ConsoleOutput))
#40 /Users/ahmadmhala/Downloads/RestoFy-main/vendor/laravel/framework/src/Illuminate/Foundation/Console/Kernel.php(198): Symfony\\Component\\Console\\Application->run(Object(Symfony\\Component\\Console\\Input\\ArgvInput), Object(Symfony\\Component\\Console\\Output\\ConsoleOutput))
#41 /Users/ahmadmhala/Downloads/RestoFy-main/vendor/laravel/framework/src/Illuminate/Foundation/Application.php(1235): Illuminate\\Foundation\\Console\\Kernel->handle(Object(Symfony\\Component\\Console\\Input\\ArgvInput), Object(Symfony\\Component\\Console\\Output\\ConsoleOutput))
#42 /Users/ahmadmhala/Downloads/RestoFy-main/artisan(13): Illuminate\\Foundation\\Application->handleCommand(Object(Symfony\\Component\\Console\\Input\\ArgvInput))
#43 {main}
"} 
[2025-12-12 21:08:30] local.ERROR: SQLSTATE[08006] [7] connection to server at "127.0.0.1", port 5432 failed: FATAL:  database "ahmadmhala" does not exist (Connection: tenant, SQL: select c.relname as name, n.nspname as schema, pg_total_relation_size(c.oid) as size, obj_description(c.oid, 'pg_class') as comment from pg_class c, pg_namespace n where c.relkind in ('r', 'p') and n.oid = c.relnamespace and n.nspname not in ('pg_catalog', 'information_schema') order by c.relname) {"exception":"[object] (Illuminate\\Database\\QueryException(code: 7): SQLSTATE[08006] [7] connection to server at \"127.0.0.1\", port 5432 failed: FATAL:  database \"ahmadmhala\" does not exist (Connection: tenant, SQL: select c.relname as name, n.nspname as schema, pg_total_relation_size(c.oid) as size, obj_description(c.oid, 'pg_class') as comment from pg_class c, pg_namespace n where c.relkind in ('r', 'p') and n.oid = c.relnamespace and n.nspname not in ('pg_catalog', 'information_schema') order by c.relname) at /Users/ahmadmhala/Downloads/RestoFy-main/vendor/laravel/framework/src/Illuminate/Database/Connection.php:825)
[stacktrace]
#0 /Users/ahmadmhala/Downloads/RestoFy-main/vendor/laravel/framework/src/Illuminate/Database/Connection.php(779): Illuminate\\Database\\Connection->runQueryCallback('select c.relnam...', Array, Object(Closure))
#1 /Users/ahmadmhala/Downloads/RestoFy-main/vendor/laravel/framework/src/Illuminate/Database/Connection.php(398): Illuminate\\Database\\Connection->run('select c.relnam...', Array, Object(Closure))
#2 /Users/ahmadmhala/Downloads/RestoFy-main/vendor/laravel/framework/src/Illuminate/Database/Connection.php(385): Illuminate\\Database\\Connection->select('select c.relnam...', Array, false)
#3 /Users/ahmadmhala/Downloads/RestoFy-main/vendor/laravel/framework/src/Illuminate/Database/Schema/Builder.php(183): Illuminate\\Database\\Connection->selectFromWriteConnection('select c.relnam...')
#4 /Users/ahmadmhala/Downloads/RestoFy-main/vendor/laravel/framework/src/Illuminate/Database/Schema/PostgresBuilder.php(104): Illuminate\\Database\\Schema\\Builder->getTables()
#5 /Users/ahmadmhala/Downloads/RestoFy-main/vendor/laravel/framework/src/Illuminate/Database/Console/WipeCommand.php(73): Illuminate\\Database\\Schema\\PostgresBuilder->dropAllTables()
#6 /Users/ahmadmhala/Downloads/RestoFy-main/vendor/laravel/framework/src/Illuminate/Database/Console/WipeCommand.php(50): Illuminate\\Database\\Console\\WipeCommand->dropAllTables('tenant')
#7 /Users/ahmadmhala/Downloads/RestoFy-main/vendor/laravel/framework/src/Illuminate/Container/BoundMethod.php(36): Illuminate\\Database\\Console\\WipeCommand->handle()
#8 /Users/ahmadmhala/Downloads/RestoFy-main/vendor/laravel/framework/src/Illuminate/Container/Util.php(43): Illuminate\\Container\\BoundMethod::{closure:Illuminate\\Container\\BoundMethod::call():35}()
#9 /Users/ahmadmhala/Downloads/RestoFy-main/vendor/laravel/framework/src/Illuminate/Container/BoundMethod.php(95): Illuminate\\Container\\Util::unwrapIfClosure(Object(Closure))
#10 /Users/ahmadmhala/Downloads/RestoFy-main/vendor/laravel/framework/src/Illuminate/Container/BoundMethod.php(35): Illuminate\\Container\\BoundMethod::callBoundMethod(Object(Illuminate\\Foundation\\Application), Array, Object(Closure))
#11 /Users/ahmadmhala/Downloads/RestoFy-main/vendor/laravel/framework/src/Illuminate/Container/Container.php(696): Illuminate\\Container\\BoundMethod::call(Object(Illuminate\\Foundation\\Application), Array, Array, NULL)
#12 /Users/ahmadmhala/Downloads/RestoFy-main/vendor/laravel/framework/src/Illuminate/Console/Command.php(213): Illuminate\\Container\\Container->call(Array)
#13 /Users/ahmadmhala/Downloads/RestoFy-main/vendor/symfony/console/Command/Command.php(318): Illuminate\\Console\\Command->execute(Object(Symfony\\Component\\Console\\Input\\ArrayInput), Object(Illuminate\\Console\\OutputStyle))
#14 /Users/ahmadmhala/Downloads/RestoFy-main/vendor/laravel/framework/src/Illuminate/Console/Command.php(182): Symfony\\Component\\Console\\Command\\Command->run(Object(Symfony\\Component\\Console\\Input\\ArrayInput), Object(Illuminate\\Console\\OutputStyle))
#15 /Users/ahmadmhala/Downloads/RestoFy-main/vendor/laravel/framework/src/Illuminate/Console/Concerns/CallsCommands.php(68): Illuminate\\Console\\Command->run(Object(Symfony\\Component\\Console\\Input\\ArrayInput), Object(Illuminate\\Console\\OutputStyle))
#16 /Users/ahmadmhala/Downloads/RestoFy-main/vendor/laravel/framework/src/Illuminate/Console/Concerns/CallsCommands.php(29): Illuminate\\Console\\Command->runCommand('db:wipe', Array, Object(Illuminate\\Console\\OutputStyle))
#17 /Users/ahmadmhala/Downloads/RestoFy-main/vendor/stancl/tenancy/src/Commands/MigrateFresh.php(42): Illuminate\\Console\\Command->call('db:wipe', Array)
#18 /Users/ahmadmhala/Downloads/RestoFy-main/vendor/stancl/tenancy/src/Tenancy.php(160): Stancl\\Tenancy\\Commands\\MigrateFresh->{closure:Stancl\\Tenancy\\Commands\\MigrateFresh::handle():40}(Object(App\\Models\\Tenant))
#19 /Users/ahmadmhala/Downloads/RestoFy-main/vendor/stancl/tenancy/src/Commands/MigrateFresh.php(40): Stancl\\Tenancy\\Tenancy->runForMultiple(Array, Object(Closure))
#20 /Users/ahmadmhala/Downloads/RestoFy-main/vendor/laravel/framework/src/Illuminate/Container/BoundMethod.php(36): Stancl\\Tenancy\\Commands\\MigrateFresh->handle()
#21 /Users/ahmadmhala/Downloads/RestoFy-main/vendor/laravel/framework/src/Illuminate/Container/Util.php(43): Illuminate\\Container\\BoundMethod::{closure:Illuminate\\Container\\BoundMethod::call():35}()
#22 /Users/ahmadmhala/Downloads/RestoFy-main/vendor/laravel/framework/src/Illuminate/Container/BoundMethod.php(95): Illuminate\\Container\\Util::unwrapIfClosure(Object(Closure))
#23 /Users/ahmadmhala/Downloads/RestoFy-main/vendor/laravel/framework/src/Illuminate/Container/BoundMethod.php(35): Illuminate\\Container\\BoundMethod::callBoundMethod(Object(Illuminate\\Foundation\\Application), Array, Object(Closure))
#24 /Users/ahmadmhala/Downloads/RestoFy-main/vendor/laravel/framework/src/Illuminate/Container/Container.php(696): Illuminate\\Container\\BoundMethod::call(Object(Illuminate\\Foundation\\Application), Array, Array, NULL)
#25 /Users/ahmadmhala/Downloads/RestoFy-main/vendor/laravel/framework/src/Illuminate/Console/Command.php(213): Illuminate\\Container\\Container->call(Array)
#26 /Users/ahmadmhala/Downloads/RestoFy-main/vendor/symfony/console/Command/Command.php(318): Illuminate\\Console\\Command->execute(Object(Symfony\\Component\\Console\\Input\\ArgvInput), Object(Illuminate\\Console\\OutputStyle))
#27 /Users/ahmadmhala/Downloads/RestoFy-main/vendor/laravel/framework/src/Illuminate/Console/Command.php(182): Symfony\\Component\\Console\\Command\\Command->run(Object(Symfony\\Component\\Console\\Input\\ArgvInput), Object(Illuminate\\Console\\OutputStyle))
#28 /Users/ahmadmhala/Downloads/RestoFy-main/vendor/symfony/console/Application.php(1073): Illuminate\\Console\\Command->run(Object(Symfony\\Component\\Console\\Input\\ArgvInput), Object(Symfony\\Component\\Console\\Output\\ConsoleOutput))
#29 /Users/ahmadmhala/Downloads/RestoFy-main/vendor/symfony/console/Application.php(356): Symfony\\Component\\Console\\Application->doRunCommand(Object(Stancl\\Tenancy\\Commands\\MigrateFresh), Object(Symfony\\Component\\Console\\Input\\ArgvInput), Object(Symfony\\Component\\Console\\Output\\ConsoleOutput))
#30 /Users/ahmadmhala/Downloads/RestoFy-main/vendor/symfony/console/Application.php(195): Symfony\\Component\\Console\\Application->doRun(Object(Symfony\\Component\\Console\\Input\\ArgvInput), Object(Symfony\\Component\\Console\\Output\\ConsoleOutput))
#31 /Users/ahmadmhala/Downloads/RestoFy-main/vendor/laravel/framework/src/Illuminate/Foundation/Console/Kernel.php(198): Symfony\\Component\\Console\\Application->run(Object(Symfony\\Component\\Console\\Input\\ArgvInput), Object(Symfony\\Component\\Console\\Output\\ConsoleOutput))
#32 /Users/ahmadmhala/Downloads/RestoFy-main/vendor/laravel/framework/src/Illuminate/Foundation/Application.php(1235): Illuminate\\Foundation\\Console\\Kernel->handle(Object(Symfony\\Component\\Console\\Input\\ArgvInput), Object(Symfony\\Component\\Console\\Output\\ConsoleOutput))
#33 /Users/ahmadmhala/Downloads/RestoFy-main/artisan(13): Illuminate\\Foundation\\Application->handleCommand(Object(Symfony\\Component\\Console\\Input\\ArgvInput))
#34 {main}

[previous exception] [object] (PDOException(code: 7): SQLSTATE[08006] [7] connection to server at \"127.0.0.1\", port 5432 failed: FATAL:  database \"ahmadmhala\" does not exist at /Users/ahmadmhala/Downloads/RestoFy-main/vendor/laravel/framework/src/Illuminate/Database/Connectors/Connector.php:67)
[stacktrace]
#0 /Users/ahmadmhala/Downloads/RestoFy-main/vendor/laravel/framework/src/Illuminate/Database/Connectors/Connector.php(67): PDO::connect('pgsql:host=127....', 'ahmadmhala', Object(SensitiveParameterValue), Array)
#1 /Users/ahmadmhala/Downloads/RestoFy-main/vendor/laravel/framework/src/Illuminate/Database/Connectors/Connector.php(44): Illuminate\\Database\\Connectors\\Connector->createPdoConnection('pgsql:host=127....', 'ahmadmhala', Object(SensitiveParameterValue), Array)
#2 /Users/ahmadmhala/Downloads/RestoFy-main/vendor/laravel/framework/src/Illuminate/Database/Connectors/PostgresConnector.php(35): Illuminate\\Database\\Connectors\\Connector->createConnection('pgsql:host=127....', Array, Array)
#3 /Users/ahmadmhala/Downloads/RestoFy-main/vendor/laravel/framework/src/Illuminate/Database/Connectors/ConnectionFactory.php(185): Illuminate\\Database\\Connectors\\PostgresConnector->connect(Array)
#4 [internal function]: Illuminate\\Database\\Connectors\\ConnectionFactory->{closure:Illuminate\\Database\\Connectors\\ConnectionFactory::createPdoResolverWithHosts():180}()
#5 /Users/ahmadmhala/Downloads/RestoFy-main/vendor/laravel/framework/src/Illuminate/Database/Connection.php(1231): call_user_func(Object(Closure))
#6 /Users/ahmadmhala/Downloads/RestoFy-main/vendor/laravel/framework/src/Illuminate/Database/Connection.php(512): Illuminate\\Database\\Connection->getPdo()
#7 /Users/ahmadmhala/Downloads/RestoFy-main/vendor/laravel/framework/src/Illuminate/Database/Connection.php(407): Illuminate\\Database\\Connection->getPdoForSelect(false)
#8 /Users/ahmadmhala/Downloads/RestoFy-main/vendor/laravel/framework/src/Illuminate/Database/Connection.php(812): Illuminate\\Database\\Connection->{closure:Illuminate\\Database\\Connection::select():398}('select c.relnam...', Array)
#9 /Users/ahmadmhala/Downloads/RestoFy-main/vendor/laravel/framework/src/Illuminate/Database/Connection.php(779): Illuminate\\Database\\Connection->runQueryCallback('select c.relnam...', Array, Object(Closure))
#10 /Users/ahmadmhala/Downloads/RestoFy-main/vendor/laravel/framework/src/Illuminate/Database/Connection.php(398): Illuminate\\Database\\Connection->run('select c.relnam...', Array, Object(Closure))
#11 /Users/ahmadmhala/Downloads/RestoFy-main/vendor/laravel/framework/src/Illuminate/Database/Connection.php(385): Illuminate\\Database\\Connection->select('select c.relnam...', Array, false)
#12 /Users/ahmadmhala/Downloads/RestoFy-main/vendor/laravel/framework/src/Illuminate/Database/Schema/Builder.php(183): Illuminate\\Database\\Connection->selectFromWriteConnection('select c.relnam...')
#13 /Users/ahmadmhala/Downloads/RestoFy-main/vendor/laravel/framework/src/Illuminate/Database/Schema/PostgresBuilder.php(104): Illuminate\\Database\\Schema\\Builder->getTables()
#14 /Users/ahmadmhala/Downloads/RestoFy-main/vendor/laravel/framework/src/Illuminate/Database/Console/WipeCommand.php(73): Illuminate\\Database\\Schema\\PostgresBuilder->dropAllTables()
#15 /Users/ahmadmhala/Downloads/RestoFy-main/vendor/laravel/framework/src/Illuminate/Database/Console/WipeCommand.php(50): Illuminate\\Database\\Console\\WipeCommand->dropAllTables('tenant')
#16 /Users/ahmadmhala/Downloads/RestoFy-main/vendor/laravel/framework/src/Illuminate/Container/BoundMethod.php(36): Illuminate\\Database\\Console\\WipeCommand->handle()
#17 /Users/ahmadmhala/Downloads/RestoFy-main/vendor/laravel/framework/src/Illuminate/Container/Util.php(43): Illuminate\\Container\\BoundMethod::{closure:Illuminate\\Container\\BoundMethod::call():35}()
#18 /Users/ahmadmhala/Downloads/RestoFy-main/vendor/laravel/framework/src/Illuminate/Container/BoundMethod.php(95): Illuminate\\Container\\Util::unwrapIfClosure(Object(Closure))
#19 /Users/ahmadmhala/Downloads/RestoFy-main/vendor/laravel/framework/src/Illuminate/Container/BoundMethod.php(35): Illuminate\\Container\\BoundMethod::callBoundMethod(Object(Illuminate\\Foundation\\Application), Array, Object(Closure))
#20 /Users/ahmadmhala/Downloads/RestoFy-main/vendor/laravel/framework/src/Illuminate/Container/Container.php(696): Illuminate\\Container\\BoundMethod::call(Object(Illuminate\\Foundation\\Application), Array, Array, NULL)
#21 /Users/ahmadmhala/Downloads/RestoFy-main/vendor/laravel/framework/src/Illuminate/Console/Command.php(213): Illuminate\\Container\\Container->call(Array)
#22 /Users/ahmadmhala/Downloads/RestoFy-main/vendor/symfony/console/Command/Command.php(318): Illuminate\\Console\\Command->execute(Object(Symfony\\Component\\Console\\Input\\ArrayInput), Object(Illuminate\\Console\\OutputStyle))
#23 /Users/ahmadmhala/Downloads/RestoFy-main/vendor/laravel/framework/src/Illuminate/Console/Command.php(182): Symfony\\Component\\Console\\Command\\Command->run(Object(Symfony\\Component\\Console\\Input\\ArrayInput), Object(Illuminate\\Console\\OutputStyle))
#24 /Users/ahmadmhala/Downloads/RestoFy-main/vendor/laravel/framework/src/Illuminate/Console/Concerns/CallsCommands.php(68): Illuminate\\Console\\Command->run(Object(Symfony\\Component\\Console\\Input\\ArrayInput), Object(Illuminate\\Console\\OutputStyle))
#25 /Users/ahmadmhala/Downloads/RestoFy-main/vendor/laravel/framework/src/Illuminate/Console/Concerns/CallsCommands.php(29): Illuminate\\Console\\Command->runCommand('db:wipe', Array, Object(Illuminate\\Console\\OutputStyle))
#26 /Users/ahmadmhala/Downloads/RestoFy-main/vendor/stancl/tenancy/src/Commands/MigrateFresh.php(42): Illuminate\\Console\\Command->call('db:wipe', Array)
#27 /Users/ahmadmhala/Downloads/RestoFy-main/vendor/stancl/tenancy/src/Tenancy.php(160): Stancl\\Tenancy\\Commands\\MigrateFresh->{closure:Stancl\\Tenancy\\Commands\\MigrateFresh::handle():40}(Object(App\\Models\\Tenant))
#28 /Users/ahmadmhala/Downloads/RestoFy-main/vendor/stancl/tenancy/src/Commands/MigrateFresh.php(40): Stancl\\Tenancy\\Tenancy->runForMultiple(Array, Object(Closure))
#29 /Users/ahmadmhala/Downloads/RestoFy-main/vendor/laravel/framework/src/Illuminate/Container/BoundMethod.php(36): Stancl\\Tenancy\\Commands\\MigrateFresh->handle()
#30 /Users/ahmadmhala/Downloads/RestoFy-main/vendor/laravel/framework/src/Illuminate/Container/Util.php(43): Illuminate\\Container\\BoundMethod::{closure:Illuminate\\Container\\BoundMethod::call():35}()
#31 /Users/ahmadmhala/Downloads/RestoFy-main/vendor/laravel/framework/src/Illuminate/Container/BoundMethod.php(95): Illuminate\\Container\\Util::unwrapIfClosure(Object(Closure))
#32 /Users/ahmadmhala/Downloads/RestoFy-main/vendor/laravel/framework/src/Illuminate/Container/BoundMethod.php(35): Illuminate\\Container\\BoundMethod::callBoundMethod(Object(Illuminate\\Foundation\\Application), Array, Object(Closure))
#33 /Users/ahmadmhala/Downloads/RestoFy-main/vendor/laravel/framework/src/Illuminate/Container/Container.php(696): Illuminate\\Container\\BoundMethod::call(Object(Illuminate\\Foundation\\Application), Array, Array, NULL)
#34 /Users/ahmadmhala/Downloads/RestoFy-main/vendor/laravel/framework/src/Illuminate/Console/Command.php(213): Illuminate\\Container\\Container->call(Array)
#35 /Users/ahmadmhala/Downloads/RestoFy-main/vendor/symfony/console/Command/Command.php(318): Illuminate\\Console\\Command->execute(Object(Symfony\\Component\\Console\\Input\\ArgvInput), Object(Illuminate\\Console\\OutputStyle))
#36 /Users/ahmadmhala/Downloads/RestoFy-main/vendor/laravel/framework/src/Illuminate/Console/Command.php(182): Symfony\\Component\\Console\\Command\\Command->run(Object(Symfony\\Component\\Console\\Input\\ArgvInput), Object(Illuminate\\Console\\OutputStyle))
#37 /Users/ahmadmhala/Downloads/RestoFy-main/vendor/symfony/console/Application.php(1073): Illuminate\\Console\\Command->run(Object(Symfony\\Component\\Console\\Input\\ArgvInput), Object(Symfony\\Component\\Console\\Output\\ConsoleOutput))
#38 /Users/ahmadmhala/Downloads/RestoFy-main/vendor/symfony/console/Application.php(356): Symfony\\Component\\Console\\Application->doRunCommand(Object(Stancl\\Tenancy\\Commands\\MigrateFresh), Object(Symfony\\Component\\Console\\Input\\ArgvInput), Object(Symfony\\Component\\Console\\Output\\ConsoleOutput))
#39 /Users/ahmadmhala/Downloads/RestoFy-main/vendor/symfony/console/Application.php(195): Symfony\\Component\\Console\\Application->doRun(Object(Symfony\\Component\\Console\\Input\\ArgvInput), Object(Symfony\\Component\\Console\\Output\\ConsoleOutput))
#40 /Users/ahmadmhala/Downloads/RestoFy-main/vendor/laravel/framework/src/Illuminate/Foundation/Console/Kernel.php(198): Symfony\\Component\\Console\\Application->run(Object(Symfony\\Component\\Console\\Input\\ArgvInput), Object(Symfony\\Component\\Console\\Output\\ConsoleOutput))
#41 /Users/ahmadmhala/Downloads/RestoFy-main/vendor/laravel/framework/src/Illuminate/Foundation/Application.php(1235): Illuminate\\Foundation\\Console\\Kernel->handle(Object(Symfony\\Component\\Console\\Input\\ArgvInput), Object(Symfony\\Component\\Console\\Output\\ConsoleOutput))
#42 /Users/ahmadmhala/Downloads/RestoFy-main/artisan(13): Illuminate\\Foundation\\Application->handleCommand(Object(Symfony\\Component\\Console\\Input\\ArgvInput))
#43 {main}
"} 
[2025-12-12 21:10:19] local.INFO: Attempting to resolve tenant for domain: demo.localhost  
[2025-12-12 21:10:19] local.INFO: Tenant initialized successfully: demo  
[2025-12-12 21:10:19] local.INFO: Database bootstrapper completed for tenant: demo  
[2025-12-12 21:10:35] local.INFO: Attempting to resolve tenant for domain: demo.localhost  
[2025-12-12 21:10:35] local.INFO: Tenant initialized successfully: demo  
[2025-12-12 21:10:35] local.INFO: Database bootstrapper completed for tenant: demo  
[2025-12-12 21:10:35] local.INFO: Attempting to resolve tenant for domain: demo.localhost  
[2025-12-12 21:10:35] local.INFO: Tenant initialized successfully: demo  
[2025-12-12 21:10:35] local.INFO: Database bootstrapper completed for tenant: demo  
[2025-12-12 21:11:26] local.INFO: Attempting to resolve tenant for domain: demo.localhost  
[2025-12-12 21:11:26] local.INFO: Tenant initialized successfully: demo  
[2025-12-12 21:11:26] local.INFO: Database bootstrapper completed for tenant: demo  
[2025-12-12 21:11:42] local.INFO: Attempting to resolve tenant for domain: demo.localhost  
[2025-12-12 21:11:42] local.INFO: Tenant initialized successfully: demo  
[2025-12-12 21:11:42] local.INFO: Database bootstrapper completed for tenant: demo  
[2025-12-12 21:11:43] local.INFO: Attempting to resolve tenant for domain: demo.localhost  
[2025-12-12 21:11:43] local.INFO: Tenant initialized successfully: demo  
[2025-12-12 21:11:43] local.INFO: Database bootstrapper completed for tenant: demo  
[2025-12-12 21:12:44] local.INFO: Attempting to resolve tenant for domain: demo.localhost  
[2025-12-12 21:12:44] local.INFO: Tenant initialized successfully: demo  
[2025-12-12 21:12:44] local.INFO: Database bootstrapper completed for tenant: demo  
[2025-12-12 21:12:44] local.INFO: Attempting to resolve tenant for domain: demo.localhost  
[2025-12-12 21:12:44] local.INFO: Tenant initialized successfully: demo  
[2025-12-12 21:12:44] local.INFO: Database bootstrapper completed for tenant: demo  
[2025-12-12 21:12:49] local.INFO: Attempting to resolve tenant for domain: demo.localhost  
[2025-12-12 21:12:49] local.INFO: Tenant initialized successfully: demo  
[2025-12-12 21:12:49] local.INFO: Database bootstrapper completed for tenant: demo  
[2025-12-12 21:12:49] local.INFO: Attempting to resolve tenant for domain: demo.localhost  
[2025-12-12 21:12:49] local.INFO: Tenant initialized successfully: demo  
[2025-12-12 21:12:49] local.INFO: Database bootstrapper completed for tenant: demo  
[2025-12-12 21:12:52] local.INFO: Attempting to resolve tenant for domain: demo.localhost  
[2025-12-12 21:12:52] local.INFO: Tenant initialized successfully: demo  
[2025-12-12 21:12:52] local.INFO: Database bootstrapper completed for tenant: demo  
[2025-12-12 21:12:55] local.INFO: Attempting to resolve tenant for domain: demo.localhost  
[2025-12-12 21:12:55] local.INFO: Tenant initialized successfully: demo  
[2025-12-12 21:12:55] local.INFO: Database bootstrapper completed for tenant: demo  
[2025-12-12 21:12:57] local.INFO: Attempting to resolve tenant for domain: demo.localhost  
[2025-12-12 21:12:57] local.INFO: Tenant initialized successfully: demo  
[2025-12-12 21:12:57] local.INFO: Database bootstrapper completed for tenant: demo  
[2025-12-12 21:12:58] local.INFO: Attempting to resolve tenant for domain: demo.localhost  
[2025-12-12 21:12:58] local.INFO: Tenant initialized successfully: demo  
[2025-12-12 21:12:58] local.INFO: Database bootstrapper completed for tenant: demo  
[2025-12-12 21:13:05] local.INFO: Attempting to resolve tenant for domain: demo.localhost  
[2025-12-12 21:13:05] local.INFO: Tenant initialized successfully: demo  
[2025-12-12 21:13:05] local.INFO: Database bootstrapper completed for tenant: demo  
[2025-12-12 21:13:05] local.INFO: Attempting to resolve tenant for domain: demo.localhost  
[2025-12-12 21:13:05] local.INFO: Tenant initialized successfully: demo  
[2025-12-12 21:13:05] local.INFO: Database bootstrapper completed for tenant: demo  
[2025-12-12 21:15:47] local.INFO: Attempting to resolve tenant for domain: demo.localhost  
[2025-12-12 21:15:47] local.INFO: Tenant initialized successfully: demo  
[2025-12-12 21:15:47] local.INFO: Database bootstrapper completed for tenant: demo  
[2025-12-12 21:15:47] local.INFO: Attempting to resolve tenant for domain: ahmadtest.localhost  
[2025-12-12 21:15:47] local.INFO: Tenant initialized successfully: ahmadtest  
[2025-12-12 21:15:47] local.INFO: Database bootstrapper completed for tenant: ahmadtest  
[2025-12-12 21:15:47] local.INFO: Attempting to resolve tenant for domain: demo.localhost  
[2025-12-12 21:15:47] local.INFO: Tenant initialized successfully: demo  
[2025-12-12 21:15:47] local.INFO: Database bootstrapper completed for tenant: demo  
[2025-12-12 21:15:47] local.INFO: Attempting to resolve tenant for domain: ahmadtest.localhost  
[2025-12-12 21:15:47] local.INFO: Tenant initialized successfully: ahmadtest  
[2025-12-12 21:15:47] local.INFO: Database bootstrapper completed for tenant: ahmadtest  
[2025-12-12 21:18:54] local.INFO: Attempting to resolve tenant for domain: demo.localhost  
[2025-12-12 21:18:54] local.INFO: Tenant initialized successfully: demo  
[2025-12-12 21:18:54] local.INFO: Database bootstrapper completed for tenant: demo  
[2025-12-12 21:18:54] local.INFO: Attempting to resolve tenant for domain: ahmadtest.localhost  
[2025-12-12 21:18:54] local.INFO: Tenant initialized successfully: ahmadtest  
[2025-12-12 21:18:54] local.INFO: Database bootstrapper completed for tenant: ahmadtest  
[2025-12-12 21:19:39] local.INFO: Attempting to resolve tenant for domain: demo.localhost  
[2025-12-12 21:19:39] local.INFO: Tenant initialized successfully: demo  
[2025-12-12 21:19:39] local.INFO: Database bootstrapper completed for tenant: demo  
[2025-12-12 21:19:39] local.INFO: Attempting to resolve tenant for domain: ahmadtest.localhost  
[2025-12-12 21:19:39] local.INFO: Tenant initialized successfully: ahmadtest  
[2025-12-12 21:19:39] local.INFO: Database bootstrapper completed for tenant: ahmadtest  
[2025-12-12 21:20:46] local.INFO: Attempting to resolve tenant for domain: demo.localhost  
[2025-12-12 21:20:46] local.INFO: Tenant initialized successfully: demo  
[2025-12-12 21:20:46] local.INFO: Database bootstrapper completed for tenant: demo  
[2025-12-12 21:20:47] local.INFO: Attempting to resolve tenant for domain: demo.localhost  
[2025-12-12 21:20:47] local.INFO: Tenant initialized successfully: demo  
[2025-12-12 21:20:47] local.INFO: Database bootstrapper completed for tenant: demo  
[2025-12-12 21:20:48] local.INFO: Attempting to resolve tenant for domain: demo.localhost  
[2025-12-12 21:20:48] local.INFO: Tenant initialized successfully: demo  
[2025-12-12 21:20:48] local.INFO: Database bootstrapper completed for tenant: demo  
[2025-12-12 21:20:49] local.INFO: Attempting to resolve tenant for domain: demo.localhost  
[2025-12-12 21:20:49] local.INFO: Tenant initialized successfully: demo  
[2025-12-12 21:20:49] local.INFO: Database bootstrapper completed for tenant: demo  
[2025-12-12 21:20:49] local.ERROR: SQLSTATE[42P01]: Undefined table: 7 ERROR:  relation "communication_bundles" does not exist
LINE 1: select count(*) as aggregate from "communication_bundles"
                                          ^ (Connection: tenant, SQL: select count(*) as aggregate from "communication_bundles") {"userId":1,"exception":"[object] (Illuminate\\Database\\QueryException(code: 42P01): SQLSTATE[42P01]: Undefined table: 7 ERROR:  relation \"communication_bundles\" does not exist
LINE 1: select count(*) as aggregate from \"communication_bundles\"
                                          ^ (Connection: tenant, SQL: select count(*) as aggregate from \"communication_bundles\") at /Users/ahmadmhala/Downloads/RestoFy-main/vendor/laravel/framework/src/Illuminate/Database/Connection.php:825)
[stacktrace]
#0 /Users/ahmadmhala/Downloads/RestoFy-main/vendor/laravel/framework/src/Illuminate/Database/Connection.php(779): Illuminate\\Database\\Connection->runQueryCallback('select count(*)...', Array, Object(Closure))
#1 /Users/ahmadmhala/Downloads/RestoFy-main/vendor/laravel/framework/src/Illuminate/Database/Connection.php(398): Illuminate\\Database\\Connection->run('select count(*)...', Array, Object(Closure))
#2 /Users/ahmadmhala/Downloads/RestoFy-main/vendor/laravel/framework/src/Illuminate/Database/Query/Builder.php(3106): Illuminate\\Database\\Connection->select('select count(*)...', Array, true)
#3 /Users/ahmadmhala/Downloads/RestoFy-main/vendor/laravel/framework/src/Illuminate/Database/Query/Builder.php(3091): Illuminate\\Database\\Query\\Builder->runSelect()
#4 /Users/ahmadmhala/Downloads/RestoFy-main/vendor/laravel/framework/src/Illuminate/Database/Query/Builder.php(3676): Illuminate\\Database\\Query\\Builder->{closure:Illuminate\\Database\\Query\\Builder::get():3090}()
#5 /Users/ahmadmhala/Downloads/RestoFy-main/vendor/laravel/framework/src/Illuminate/Database/Query/Builder.php(3090): Illuminate\\Database\\Query\\Builder->onceWithColumns(Array, Object(Closure))
#6 /Users/ahmadmhala/Downloads/RestoFy-main/vendor/laravel/framework/src/Illuminate/Database/Query/Builder.php(3603): Illuminate\\Database\\Query\\Builder->get(Array)
#7 /Users/ahmadmhala/Downloads/RestoFy-main/vendor/laravel/framework/src/Illuminate/Database/Query/Builder.php(3531): Illuminate\\Database\\Query\\Builder->aggregate('count', Array)
#8 /Users/ahmadmhala/Downloads/RestoFy-main/vendor/laravel/framework/src/Illuminate/Database/Eloquent/Builder.php(2120): Illuminate\\Database\\Query\\Builder->count()
#9 /Users/ahmadmhala/Downloads/RestoFy-main/vendor/laravel/framework/src/Illuminate/Support/Traits/ForwardsCalls.php(23): Illuminate\\Database\\Eloquent\\Builder->__call('count', Array)
#10 /Users/ahmadmhala/Downloads/RestoFy-main/vendor/laravel/framework/src/Illuminate/Database/Eloquent/Model.php(2372): Illuminate\\Database\\Eloquent\\Model->forwardCallTo(Object(Illuminate\\Database\\Eloquent\\Builder), 'count', Array)
#11 /Users/ahmadmhala/Downloads/RestoFy-main/vendor/laravel/framework/src/Illuminate/Database/Eloquent/Model.php(2384): Illuminate\\Database\\Eloquent\\Model->__call('count', Array)
#12 /Users/ahmadmhala/Downloads/RestoFy-main/app/Http/Controllers/Tenant/CommunicationController.php(22): Illuminate\\Database\\Eloquent\\Model::__callStatic('count', Array)
#13 /Users/ahmadmhala/Downloads/RestoFy-main/vendor/laravel/framework/src/Illuminate/Routing/ControllerDispatcher.php(47): App\\Http\\Controllers\\Tenant\\CommunicationController->index(Object(Illuminate\\Http\\Request))
#14 /Users/ahmadmhala/Downloads/RestoFy-main/vendor/laravel/framework/src/Illuminate/Routing/Route.php(266): Illuminate\\Routing\\ControllerDispatcher->dispatch(Object(Illuminate\\Routing\\Route), Object(App\\Http\\Controllers\\Tenant\\CommunicationController), 'index')
#15 /Users/ahmadmhala/Downloads/RestoFy-main/vendor/laravel/framework/src/Illuminate/Routing/Route.php(212): Illuminate\\Routing\\Route->runController()
#16 /Users/ahmadmhala/Downloads/RestoFy-main/vendor/laravel/framework/src/Illuminate/Routing/Router.php(808): Illuminate\\Routing\\Route->run()
#17 /Users/ahmadmhala/Downloads/RestoFy-main/vendor/laravel/framework/src/Illuminate/Pipeline/Pipeline.php(170): Illuminate\\Routing\\Router->{closure:Illuminate\\Routing\\Router::runRouteWithinStack():807}(Object(Illuminate\\Http\\Request))
#18 /Users/ahmadmhala/Downloads/RestoFy-main/vendor/stancl/tenancy/src/Middleware/PreventAccessFromCentralDomains.php(29): Illuminate\\Pipeline\\Pipeline->{closure:Illuminate\\Pipeline\\Pipeline::prepareDestination():168}(Object(Illuminate\\Http\\Request))
#19 /Users/ahmadmhala/Downloads/RestoFy-main/vendor/laravel/framework/src/Illuminate/Pipeline/Pipeline.php(209): Stancl\\Tenancy\\Middleware\\PreventAccessFromCentralDomains->handle(Object(Illuminate\\Http\\Request), Object(Closure))
#20 /Users/ahmadmhala/Downloads/RestoFy-main/vendor/mcamara/laravel-localization/src/Mcamara/LaravelLocalization/Middleware/LaravelLocalizationViewPath.php(33): Illuminate\\Pipeline\\Pipeline->{closure:{closure:Illuminate\\Pipeline\\Pipeline::carry():184}:185}(Object(Illuminate\\Http\\Request))
#21 /Users/ahmadmhala/Downloads/RestoFy-main/vendor/laravel/framework/src/Illuminate/Pipeline/Pipeline.php(209): Mcamara\\LaravelLocalization\\Middleware\\LaravelLocalizationViewPath->handle(Object(Illuminate\\Http\\Request), Object(Closure))
#22 /Users/ahmadmhala/Downloads/RestoFy-main/vendor/mcamara/laravel-localization/src/Mcamara/LaravelLocalization/Middleware/LaravelLocalizationRedirectFilter.php(45): Illuminate\\Pipeline\\Pipeline->{closure:{closure:Illuminate\\Pipeline\\Pipeline::carry():184}:185}(Object(Illuminate\\Http\\Request))
#23 /Users/ahmadmhala/Downloads/RestoFy-main/vendor/laravel/framework/src/Illuminate/Pipeline/Pipeline.php(209): Mcamara\\LaravelLocalization\\Middleware\\LaravelLocalizationRedirectFilter->handle(Object(Illuminate\\Http\\Request), Object(Closure))
#24 /Users/ahmadmhala/Downloads/RestoFy-main/vendor/mcamara/laravel-localization/src/Mcamara/LaravelLocalization/Middleware/LocaleSessionRedirect.php(32): Illuminate\\Pipeline\\Pipeline->{closure:{closure:Illuminate\\Pipeline\\Pipeline::carry():184}:185}(Object(Illuminate\\Http\\Request))
#25 /Users/ahmadmhala/Downloads/RestoFy-main/vendor/laravel/framework/src/Illuminate/Pipeline/Pipeline.php(209): Mcamara\\LaravelLocalization\\Middleware\\LocaleSessionRedirect->handle(Object(Illuminate\\Http\\Request), Object(Closure))
#26 /Users/ahmadmhala/Downloads/RestoFy-main/vendor/laravel/framework/src/Illuminate/Routing/Middleware/SubstituteBindings.php(51): Illuminate\\Pipeline\\Pipeline->{closure:{closure:Illuminate\\Pipeline\\Pipeline::carry():184}:185}(Object(Illuminate\\Http\\Request))
#27 /Users/ahmadmhala/Downloads/RestoFy-main/vendor/laravel/framework/src/Illuminate/Pipeline/Pipeline.php(209): Illuminate\\Routing\\Middleware\\SubstituteBindings->handle(Object(Illuminate\\Http\\Request), Object(Closure))
#28 /Users/ahmadmhala/Downloads/RestoFy-main/vendor/laravel/framework/src/Illuminate/Auth/Middleware/Authenticate.php(64): Illuminate\\Pipeline\\Pipeline->{closure:{closure:Illuminate\\Pipeline\\Pipeline::carry():184}:185}(Object(Illuminate\\Http\\Request))
#29 /Users/ahmadmhala/Downloads/RestoFy-main/vendor/laravel/framework/src/Illuminate/Pipeline/Pipeline.php(209): Illuminate\\Auth\\Middleware\\Authenticate->handle(Object(Illuminate\\Http\\Request), Object(Closure))
#30 /Users/ahmadmhala/Downloads/RestoFy-main/vendor/laravel/framework/src/Illuminate/Foundation/Http/Middleware/VerifyCsrfToken.php(88): Illuminate\\Pipeline\\Pipeline->{closure:{closure:Illuminate\\Pipeline\\Pipeline::carry():184}:185}(Object(Illuminate\\Http\\Request))
#31 /Users/ahmadmhala/Downloads/RestoFy-main/vendor/laravel/framework/src/Illuminate/Pipeline/Pipeline.php(209): Illuminate\\Foundation\\Http\\Middleware\\VerifyCsrfToken->handle(Object(Illuminate\\Http\\Request), Object(Closure))
#32 /Users/ahmadmhala/Downloads/RestoFy-main/vendor/laravel/framework/src/Illuminate/View/Middleware/ShareErrorsFromSession.php(49): Illuminate\\Pipeline\\Pipeline->{closure:{closure:Illuminate\\Pipeline\\Pipeline::carry():184}:185}(Object(Illuminate\\Http\\Request))
#33 /Users/ahmadmhala/Downloads/RestoFy-main/vendor/laravel/framework/src/Illuminate/Pipeline/Pipeline.php(209): Illuminate\\View\\Middleware\\ShareErrorsFromSession->handle(Object(Illuminate\\Http\\Request), Object(Closure))
#34 /Users/ahmadmhala/Downloads/RestoFy-main/vendor/laravel/framework/src/Illuminate/Session/Middleware/StartSession.php(121): Illuminate\\Pipeline\\Pipeline->{closure:{closure:Illuminate\\Pipeline\\Pipeline::carry():184}:185}(Object(Illuminate\\Http\\Request))
#35 /Users/ahmadmhala/Downloads/RestoFy-main/vendor/laravel/framework/src/Illuminate/Session/Middleware/StartSession.php(64): Illuminate\\Session\\Middleware\\StartSession->handleStatefulRequest(Object(Illuminate\\Http\\Request), Object(Illuminate\\Session\\Store), Object(Closure))
#36 /Users/ahmadmhala/Downloads/RestoFy-main/vendor/laravel/framework/src/Illuminate/Pipeline/Pipeline.php(209): Illuminate\\Session\\Middleware\\StartSession->handle(Object(Illuminate\\Http\\Request), Object(Closure))
#37 /Users/ahmadmhala/Downloads/RestoFy-main/vendor/laravel/framework/src/Illuminate/Cookie/Middleware/AddQueuedCookiesToResponse.php(37): Illuminate\\Pipeline\\Pipeline->{closure:{closure:Illuminate\\Pipeline\\Pipeline::carry():184}:185}(Object(Illuminate\\Http\\Request))
#38 /Users/ahmadmhala/Downloads/RestoFy-main/vendor/laravel/framework/src/Illuminate/Pipeline/Pipeline.php(209): Illuminate\\Cookie\\Middleware\\AddQueuedCookiesToResponse->handle(Object(Illuminate\\Http\\Request), Object(Closure))
#39 /Users/ahmadmhala/Downloads/RestoFy-main/vendor/laravel/framework/src/Illuminate/Cookie/Middleware/EncryptCookies.php(75): Illuminate\\Pipeline\\Pipeline->{closure:{closure:Illuminate\\Pipeline\\Pipeline::carry():184}:185}(Object(Illuminate\\Http\\Request))
#40 /Users/ahmadmhala/Downloads/RestoFy-main/vendor/laravel/framework/src/Illuminate/Pipeline/Pipeline.php(209): Illuminate\\Cookie\\Middleware\\EncryptCookies->handle(Object(Illuminate\\Http\\Request), Object(Closure))
#41 /Users/ahmadmhala/Downloads/RestoFy-main/app/Http/Middleware/InitializeTenancyByDomainOrFail.php(52): Illuminate\\Pipeline\\Pipeline->{closure:{closure:Illuminate\\Pipeline\\Pipeline::carry():184}:185}(Object(Illuminate\\Http\\Request))
#42 /Users/ahmadmhala/Downloads/RestoFy-main/vendor/laravel/framework/src/Illuminate/Pipeline/Pipeline.php(209): App\\Http\\Middleware\\InitializeTenancyByDomainOrFail->handle(Object(Illuminate\\Http\\Request), Object(Closure))
#43 /Users/ahmadmhala/Downloads/RestoFy-main/vendor/laravel/framework/src/Illuminate/Pipeline/Pipeline.php(127): Illuminate\\Pipeline\\Pipeline->{closure:{closure:Illuminate\\Pipeline\\Pipeline::carry():184}:185}(Object(Illuminate\\Http\\Request))
#44 /Users/ahmadmhala/Downloads/RestoFy-main/vendor/laravel/framework/src/Illuminate/Routing/Router.php(807): Illuminate\\Pipeline\\Pipeline->then(Object(Closure))
#45 /Users/ahmadmhala/Downloads/RestoFy-main/vendor/laravel/framework/src/Illuminate/Routing/Router.php(786): Illuminate\\Routing\\Router->runRouteWithinStack(Object(Illuminate\\Routing\\Route), Object(Illuminate\\Http\\Request))
#46 /Users/ahmadmhala/Downloads/RestoFy-main/vendor/laravel/framework/src/Illuminate/Routing/Router.php(750): Illuminate\\Routing\\Router->runRoute(Object(Illuminate\\Http\\Request), Object(Illuminate\\Routing\\Route))
#47 /Users/ahmadmhala/Downloads/RestoFy-main/vendor/laravel/framework/src/Illuminate/Routing/Router.php(739): Illuminate\\Routing\\Router->dispatchToRoute(Object(Illuminate\\Http\\Request))
#48 /Users/ahmadmhala/Downloads/RestoFy-main/vendor/laravel/framework/src/Illuminate/Foundation/Http/Kernel.php(201): Illuminate\\Routing\\Router->dispatch(Object(Illuminate\\Http\\Request))
#49 /Users/ahmadmhala/Downloads/RestoFy-main/vendor/laravel/framework/src/Illuminate/Pipeline/Pipeline.php(170): Illuminate\\Foundation\\Http\\Kernel->{closure:Illuminate\\Foundation\\Http\\Kernel::dispatchToRouter():198}(Object(Illuminate\\Http\\Request))
#50 /Users/ahmadmhala/Downloads/RestoFy-main/vendor/laravel/framework/src/Illuminate/Foundation/Http/Middleware/TransformsRequest.php(21): Illuminate\\Pipeline\\Pipeline->{closure:Illuminate\\Pipeline\\Pipeline::prepareDestination():168}(Object(Illuminate\\Http\\Request))
#51 /Users/ahmadmhala/Downloads/RestoFy-main/vendor/laravel/framework/src/Illuminate/Foundation/Http/Middleware/ConvertEmptyStringsToNull.php(31): Illuminate\\Foundation\\Http\\Middleware\\TransformsRequest->handle(Object(Illuminate\\Http\\Request), Object(Closure))
#52 /Users/ahmadmhala/Downloads/RestoFy-main/vendor/laravel/framework/src/Illuminate/Pipeline/Pipeline.php(209): Illuminate\\Foundation\\Http\\Middleware\\ConvertEmptyStringsToNull->handle(Object(Illuminate\\Http\\Request), Object(Closure))
#53 /Users/ahmadmhala/Downloads/RestoFy-main/vendor/laravel/framework/src/Illuminate/Foundation/Http/Middleware/TransformsRequest.php(21): Illuminate\\Pipeline\\Pipeline->{closure:{closure:Illuminate\\Pipeline\\Pipeline::carry():184}:185}(Object(Illuminate\\Http\\Request))
#54 /Users/ahmadmhala/Downloads/RestoFy-main/vendor/laravel/framework/src/Illuminate/Foundation/Http/Middleware/TrimStrings.php(51): Illuminate\\Foundation\\Http\\Middleware\\TransformsRequest->handle(Object(Illuminate\\Http\\Request), Object(Closure))
#55 /Users/ahmadmhala/Downloads/RestoFy-main/vendor/laravel/framework/src/Illuminate/Pipeline/Pipeline.php(209): Illuminate\\Foundation\\Http\\Middleware\\TrimStrings->handle(Object(Illuminate\\Http\\Request), Object(Closure))
#56 /Users/ahmadmhala/Downloads/RestoFy-main/vendor/laravel/framework/src/Illuminate/Http/Middleware/ValidatePostSize.php(27): Illuminate\\Pipeline\\Pipeline->{closure:{closure:Illuminate\\Pipeline\\Pipeline::carry():184}:185}(Object(Illuminate\\Http\\Request))
#57 /Users/ahmadmhala/Downloads/RestoFy-main/vendor/laravel/framework/src/Illuminate/Pipeline/Pipeline.php(209): Illuminate\\Http\\Middleware\\ValidatePostSize->handle(Object(Illuminate\\Http\\Request), Object(Closure))
#58 /Users/ahmadmhala/Downloads/RestoFy-main/vendor/laravel/framework/src/Illuminate/Foundation/Http/Middleware/PreventRequestsDuringMaintenance.php(110): Illuminate\\Pipeline\\Pipeline->{closure:{closure:Illuminate\\Pipeline\\Pipeline::carry():184}:185}(Object(Illuminate\\Http\\Request))
#59 /Users/ahmadmhala/Downloads/RestoFy-main/vendor/laravel/framework/src/Illuminate/Pipeline/Pipeline.php(209): Illuminate\\Foundation\\Http\\Middleware\\PreventRequestsDuringMaintenance->handle(Object(Illuminate\\Http\\Request), Object(Closure))
#60 /Users/ahmadmhala/Downloads/RestoFy-main/vendor/laravel/framework/src/Illuminate/Http/Middleware/HandleCors.php(49): Illuminate\\Pipeline\\Pipeline->{closure:{closure:Illuminate\\Pipeline\\Pipeline::carry():184}:185}(Object(Illuminate\\Http\\Request))
#61 /Users/ahmadmhala/Downloads/RestoFy-main/vendor/laravel/framework/src/Illuminate/Pipeline/Pipeline.php(209): Illuminate\\Http\\Middleware\\HandleCors->handle(Object(Illuminate\\Http\\Request), Object(Closure))
#62 /Users/ahmadmhala/Downloads/RestoFy-main/vendor/laravel/framework/src/Illuminate/Http/Middleware/TrustProxies.php(58): Illuminate\\Pipeline\\Pipeline->{closure:{closure:Illuminate\\Pipeline\\Pipeline::carry():184}:185}(Object(Illuminate\\Http\\Request))
#63 /Users/ahmadmhala/Downloads/RestoFy-main/vendor/laravel/framework/src/Illuminate/Pipeline/Pipeline.php(209): Illuminate\\Http\\Middleware\\TrustProxies->handle(Object(Illuminate\\Http\\Request), Object(Closure))
#64 /Users/ahmadmhala/Downloads/RestoFy-main/vendor/laravel/framework/src/Illuminate/Foundation/Http/Middleware/InvokeDeferredCallbacks.php(22): Illuminate\\Pipeline\\Pipeline->{closure:{closure:Illuminate\\Pipeline\\Pipeline::carry():184}:185}(Object(Illuminate\\Http\\Request))
#65 /Users/ahmadmhala/Downloads/RestoFy-main/vendor/laravel/framework/src/Illuminate/Pipeline/Pipeline.php(209): Illuminate\\Foundation\\Http\\Middleware\\InvokeDeferredCallbacks->handle(Object(Illuminate\\Http\\Request), Object(Closure))
#66 /Users/ahmadmhala/Downloads/RestoFy-main/vendor/laravel/framework/src/Illuminate/Pipeline/Pipeline.php(127): Illuminate\\Pipeline\\Pipeline->{closure:{closure:Illuminate\\Pipeline\\Pipeline::carry():184}:185}(Object(Illuminate\\Http\\Request))
#67 /Users/ahmadmhala/Downloads/RestoFy-main/vendor/laravel/framework/src/Illuminate/Foundation/Http/Kernel.php(176): Illuminate\\Pipeline\\Pipeline->then(Object(Closure))
#68 /Users/ahmadmhala/Downloads/RestoFy-main/vendor/laravel/framework/src/Illuminate/Foundation/Http/Kernel.php(145): Illuminate\\Foundation\\Http\\Kernel->sendRequestThroughRouter(Object(Illuminate\\Http\\Request))
#69 /Users/ahmadmhala/Downloads/RestoFy-main/vendor/laravel/framework/src/Illuminate/Foundation/Application.php(1220): Illuminate\\Foundation\\Http\\Kernel->handle(Object(Illuminate\\Http\\Request))
#70 /Users/ahmadmhala/Downloads/RestoFy-main/public/index.php(17): Illuminate\\Foundation\\Application->handleRequest(Object(Illuminate\\Http\\Request))
#71 /Users/ahmadmhala/Downloads/RestoFy-main/vendor/laravel/framework/src/Illuminate/Foundation/resources/server.php(23): require_once('/Users/ahmadmha...')
#72 {main}

[previous exception] [object] (PDOException(code: 42P01): SQLSTATE[42P01]: Undefined table: 7 ERROR:  relation \"communication_bundles\" does not exist
LINE 1: select count(*) as aggregate from \"communication_bundles\"
                                          ^ at /Users/ahmadmhala/Downloads/RestoFy-main/vendor/laravel/framework/src/Illuminate/Database/Connection.php:412)
[stacktrace]
#0 /Users/ahmadmhala/Downloads/RestoFy-main/vendor/laravel/framework/src/Illuminate/Database/Connection.php(412): PDOStatement->execute()
#1 /Users/ahmadmhala/Downloads/RestoFy-main/vendor/laravel/framework/src/Illuminate/Database/Connection.php(812): Illuminate\\Database\\Connection->{closure:Illuminate\\Database\\Connection::select():398}('select count(*)...', Array)
#2 /Users/ahmadmhala/Downloads/RestoFy-main/vendor/laravel/framework/src/Illuminate/Database/Connection.php(779): Illuminate\\Database\\Connection->runQueryCallback('select count(*)...', Array, Object(Closure))
#3 /Users/ahmadmhala/Downloads/RestoFy-main/vendor/laravel/framework/src/Illuminate/Database/Connection.php(398): Illuminate\\Database\\Connection->run('select count(*)...', Array, Object(Closure))
#4 /Users/ahmadmhala/Downloads/RestoFy-main/vendor/laravel/framework/src/Illuminate/Database/Query/Builder.php(3106): Illuminate\\Database\\Connection->select('select count(*)...', Array, true)
#5 /Users/ahmadmhala/Downloads/RestoFy-main/vendor/laravel/framework/src/Illuminate/Database/Query/Builder.php(3091): Illuminate\\Database\\Query\\Builder->runSelect()
#6 /Users/ahmadmhala/Downloads/RestoFy-main/vendor/laravel/framework/src/Illuminate/Database/Query/Builder.php(3676): Illuminate\\Database\\Query\\Builder->{closure:Illuminate\\Database\\Query\\Builder::get():3090}()
#7 /Users/ahmadmhala/Downloads/RestoFy-main/vendor/laravel/framework/src/Illuminate/Database/Query/Builder.php(3090): Illuminate\\Database\\Query\\Builder->onceWithColumns(Array, Object(Closure))
#8 /Users/ahmadmhala/Downloads/RestoFy-main/vendor/laravel/framework/src/Illuminate/Database/Query/Builder.php(3603): Illuminate\\Database\\Query\\Builder->get(Array)
#9 /Users/ahmadmhala/Downloads/RestoFy-main/vendor/laravel/framework/src/Illuminate/Database/Query/Builder.php(3531): Illuminate\\Database\\Query\\Builder->aggregate('count', Array)
#10 /Users/ahmadmhala/Downloads/RestoFy-main/vendor/laravel/framework/src/Illuminate/Database/Eloquent/Builder.php(2120): Illuminate\\Database\\Query\\Builder->count()
#11 /Users/ahmadmhala/Downloads/RestoFy-main/vendor/laravel/framework/src/Illuminate/Support/Traits/ForwardsCalls.php(23): Illuminate\\Database\\Eloquent\\Builder->__call('count', Array)
#12 /Users/ahmadmhala/Downloads/RestoFy-main/vendor/laravel/framework/src/Illuminate/Database/Eloquent/Model.php(2372): Illuminate\\Database\\Eloquent\\Model->forwardCallTo(Object(Illuminate\\Database\\Eloquent\\Builder), 'count', Array)
#13 /Users/ahmadmhala/Downloads/RestoFy-main/vendor/laravel/framework/src/Illuminate/Database/Eloquent/Model.php(2384): Illuminate\\Database\\Eloquent\\Model->__call('count', Array)
#14 /Users/ahmadmhala/Downloads/RestoFy-main/app/Http/Controllers/Tenant/CommunicationController.php(22): Illuminate\\Database\\Eloquent\\Model::__callStatic('count', Array)
#15 /Users/ahmadmhala/Downloads/RestoFy-main/vendor/laravel/framework/src/Illuminate/Routing/ControllerDispatcher.php(47): App\\Http\\Controllers\\Tenant\\CommunicationController->index(Object(Illuminate\\Http\\Request))
#16 /Users/ahmadmhala/Downloads/RestoFy-main/vendor/laravel/framework/src/Illuminate/Routing/Route.php(266): Illuminate\\Routing\\ControllerDispatcher->dispatch(Object(Illuminate\\Routing\\Route), Object(App\\Http\\Controllers\\Tenant\\CommunicationController), 'index')
#17 /Users/ahmadmhala/Downloads/RestoFy-main/vendor/laravel/framework/src/Illuminate/Routing/Route.php(212): Illuminate\\Routing\\Route->runController()
#18 /Users/ahmadmhala/Downloads/RestoFy-main/vendor/laravel/framework/src/Illuminate/Routing/Router.php(808): Illuminate\\Routing\\Route->run()
#19 /Users/ahmadmhala/Downloads/RestoFy-main/vendor/laravel/framework/src/Illuminate/Pipeline/Pipeline.php(170): Illuminate\\Routing\\Router->{closure:Illuminate\\Routing\\Router::runRouteWithinStack():807}(Object(Illuminate\\Http\\Request))
#20 /Users/ahmadmhala/Downloads/RestoFy-main/vendor/stancl/tenancy/src/Middleware/PreventAccessFromCentralDomains.php(29): Illuminate\\Pipeline\\Pipeline->{closure:Illuminate\\Pipeline\\Pipeline::prepareDestination():168}(Object(Illuminate\\Http\\Request))
#21 /Users/ahmadmhala/Downloads/RestoFy-main/vendor/laravel/framework/src/Illuminate/Pipeline/Pipeline.php(209): Stancl\\Tenancy\\Middleware\\PreventAccessFromCentralDomains->handle(Object(Illuminate\\Http\\Request), Object(Closure))
#22 /Users/ahmadmhala/Downloads/RestoFy-main/vendor/mcamara/laravel-localization/src/Mcamara/LaravelLocalization/Middleware/LaravelLocalizationViewPath.php(33): Illuminate\\Pipeline\\Pipeline->{closure:{closure:Illuminate\\Pipeline\\Pipeline::carry():184}:185}(Object(Illuminate\\Http\\Request))
#23 /Users/ahmadmhala/Downloads/RestoFy-main/vendor/laravel/framework/src/Illuminate/Pipeline/Pipeline.php(209): Mcamara\\LaravelLocalization\\Middleware\\LaravelLocalizationViewPath->handle(Object(Illuminate\\Http\\Request), Object(Closure))
#24 /Users/ahmadmhala/Downloads/RestoFy-main/vendor/mcamara/laravel-localization/src/Mcamara/LaravelLocalization/Middleware/LaravelLocalizationRedirectFilter.php(45): Illuminate\\Pipeline\\Pipeline->{closure:{closure:Illuminate\\Pipeline\\Pipeline::carry():184}:185}(Object(Illuminate\\Http\\Request))
#25 /Users/ahmadmhala/Downloads/RestoFy-main/vendor/laravel/framework/src/Illuminate/Pipeline/Pipeline.php(209): Mcamara\\LaravelLocalization\\Middleware\\LaravelLocalizationRedirectFilter->handle(Object(Illuminate\\Http\\Request), Object(Closure))
#26 /Users/ahmadmhala/Downloads/RestoFy-main/vendor/mcamara/laravel-localization/src/Mcamara/LaravelLocalization/Middleware/LocaleSessionRedirect.php(32): Illuminate\\Pipeline\\Pipeline->{closure:{closure:Illuminate\\Pipeline\\Pipeline::carry():184}:185}(Object(Illuminate\\Http\\Request))
#27 /Users/ahmadmhala/Downloads/RestoFy-main/vendor/laravel/framework/src/Illuminate/Pipeline/Pipeline.php(209): Mcamara\\LaravelLocalization\\Middleware\\LocaleSessionRedirect->handle(Object(Illuminate\\Http\\Request), Object(Closure))
#28 /Users/ahmadmhala/Downloads/RestoFy-main/vendor/laravel/framework/src/Illuminate/Routing/Middleware/SubstituteBindings.php(51): Illuminate\\Pipeline\\Pipeline->{closure:{closure:Illuminate\\Pipeline\\Pipeline::carry():184}:185}(Object(Illuminate\\Http\\Request))
#29 /Users/ahmadmhala/Downloads/RestoFy-main/vendor/laravel/framework/src/Illuminate/Pipeline/Pipeline.php(209): Illuminate\\Routing\\Middleware\\SubstituteBindings->handle(Object(Illuminate\\Http\\Request), Object(Closure))
#30 /Users/ahmadmhala/Downloads/RestoFy-main/vendor/laravel/framework/src/Illuminate/Auth/Middleware/Authenticate.php(64): Illuminate\\Pipeline\\Pipeline->{closure:{closure:Illuminate\\Pipeline\\Pipeline::carry():184}:185}(Object(Illuminate\\Http\\Request))
#31 /Users/ahmadmhala/Downloads/RestoFy-main/vendor/laravel/framework/src/Illuminate/Pipeline/Pipeline.php(209): Illuminate\\Auth\\Middleware\\Authenticate->handle(Object(Illuminate\\Http\\Request), Object(Closure))
#32 /Users/ahmadmhala/Downloads/RestoFy-main/vendor/laravel/framework/src/Illuminate/Foundation/Http/Middleware/VerifyCsrfToken.php(88): Illuminate\\Pipeline\\Pipeline->{closure:{closure:Illuminate\\Pipeline\\Pipeline::carry():184}:185}(Object(Illuminate\\Http\\Request))
#33 /Users/ahmadmhala/Downloads/RestoFy-main/vendor/laravel/framework/src/Illuminate/Pipeline/Pipeline.php(209): Illuminate\\Foundation\\Http\\Middleware\\VerifyCsrfToken->handle(Object(Illuminate\\Http\\Request), Object(Closure))
#34 /Users/ahmadmhala/Downloads/RestoFy-main/vendor/laravel/framework/src/Illuminate/View/Middleware/ShareErrorsFromSession.php(49): Illuminate\\Pipeline\\Pipeline->{closure:{closure:Illuminate\\Pipeline\\Pipeline::carry():184}:185}(Object(Illuminate\\Http\\Request))
#35 /Users/ahmadmhala/Downloads/RestoFy-main/vendor/laravel/framework/src/Illuminate/Pipeline/Pipeline.php(209): Illuminate\\View\\Middleware\\ShareErrorsFromSession->handle(Object(Illuminate\\Http\\Request), Object(Closure))
#36 /Users/ahmadmhala/Downloads/RestoFy-main/vendor/laravel/framework/src/Illuminate/Session/Middleware/StartSession.php(121): Illuminate\\Pipeline\\Pipeline->{closure:{closure:Illuminate\\Pipeline\\Pipeline::carry():184}:185}(Object(Illuminate\\Http\\Request))
#37 /Users/ahmadmhala/Downloads/RestoFy-main/vendor/laravel/framework/src/Illuminate/Session/Middleware/StartSession.php(64): Illuminate\\Session\\Middleware\\StartSession->handleStatefulRequest(Object(Illuminate\\Http\\Request), Object(Illuminate\\Session\\Store), Object(Closure))
#38 /Users/ahmadmhala/Downloads/RestoFy-main/vendor/laravel/framework/src/Illuminate/Pipeline/Pipeline.php(209): Illuminate\\Session\\Middleware\\StartSession->handle(Object(Illuminate\\Http\\Request), Object(Closure))
#39 /Users/ahmadmhala/Downloads/RestoFy-main/vendor/laravel/framework/src/Illuminate/Cookie/Middleware/AddQueuedCookiesToResponse.php(37): Illuminate\\Pipeline\\Pipeline->{closure:{closure:Illuminate\\Pipeline\\Pipeline::carry():184}:185}(Object(Illuminate\\Http\\Request))
#40 /Users/ahmadmhala/Downloads/RestoFy-main/vendor/laravel/framework/src/Illuminate/Pipeline/Pipeline.php(209): Illuminate\\Cookie\\Middleware\\AddQueuedCookiesToResponse->handle(Object(Illuminate\\Http\\Request), Object(Closure))
#41 /Users/ahmadmhala/Downloads/RestoFy-main/vendor/laravel/framework/src/Illuminate/Cookie/Middleware/EncryptCookies.php(75): Illuminate\\Pipeline\\Pipeline->{closure:{closure:Illuminate\\Pipeline\\Pipeline::carry():184}:185}(Object(Illuminate\\Http\\Request))
#42 /Users/ahmadmhala/Downloads/RestoFy-main/vendor/laravel/framework/src/Illuminate/Pipeline/Pipeline.php(209): Illuminate\\Cookie\\Middleware\\EncryptCookies->handle(Object(Illuminate\\Http\\Request), Object(Closure))
#43 /Users/ahmadmhala/Downloads/RestoFy-main/app/Http/Middleware/InitializeTenancyByDomainOrFail.php(52): Illuminate\\Pipeline\\Pipeline->{closure:{closure:Illuminate\\Pipeline\\Pipeline::carry():184}:185}(Object(Illuminate\\Http\\Request))
#44 /Users/ahmadmhala/Downloads/RestoFy-main/vendor/laravel/framework/src/Illuminate/Pipeline/Pipeline.php(209): App\\Http\\Middleware\\InitializeTenancyByDomainOrFail->handle(Object(Illuminate\\Http\\Request), Object(Closure))
#45 /Users/ahmadmhala/Downloads/RestoFy-main/vendor/laravel/framework/src/Illuminate/Pipeline/Pipeline.php(127): Illuminate\\Pipeline\\Pipeline->{closure:{closure:Illuminate\\Pipeline\\Pipeline::carry():184}:185}(Object(Illuminate\\Http\\Request))
#46 /Users/ahmadmhala/Downloads/RestoFy-main/vendor/laravel/framework/src/Illuminate/Routing/Router.php(807): Illuminate\\Pipeline\\Pipeline->then(Object(Closure))
#47 /Users/ahmadmhala/Downloads/RestoFy-main/vendor/laravel/framework/src/Illuminate/Routing/Router.php(786): Illuminate\\Routing\\Router->runRouteWithinStack(Object(Illuminate\\Routing\\Route), Object(Illuminate\\Http\\Request))
#48 /Users/ahmadmhala/Downloads/RestoFy-main/vendor/laravel/framework/src/Illuminate/Routing/Router.php(750): Illuminate\\Routing\\Router->runRoute(Object(Illuminate\\Http\\Request), Object(Illuminate\\Routing\\Route))
#49 /Users/ahmadmhala/Downloads/RestoFy-main/vendor/laravel/framework/src/Illuminate/Routing/Router.php(739): Illuminate\\Routing\\Router->dispatchToRoute(Object(Illuminate\\Http\\Request))
#50 /Users/ahmadmhala/Downloads/RestoFy-main/vendor/laravel/framework/src/Illuminate/Foundation/Http/Kernel.php(201): Illuminate\\Routing\\Router->dispatch(Object(Illuminate\\Http\\Request))
#51 /Users/ahmadmhala/Downloads/RestoFy-main/vendor/laravel/framework/src/Illuminate/Pipeline/Pipeline.php(170): Illuminate\\Foundation\\Http\\Kernel->{closure:Illuminate\\Foundation\\Http\\Kernel::dispatchToRouter():198}(Object(Illuminate\\Http\\Request))
#52 /Users/ahmadmhala/Downloads/RestoFy-main/vendor/laravel/framework/src/Illuminate/Foundation/Http/Middleware/TransformsRequest.php(21): Illuminate\\Pipeline\\Pipeline->{closure:Illuminate\\Pipeline\\Pipeline::prepareDestination():168}(Object(Illuminate\\Http\\Request))
#53 /Users/ahmadmhala/Downloads/RestoFy-main/vendor/laravel/framework/src/Illuminate/Foundation/Http/Middleware/ConvertEmptyStringsToNull.php(31): Illuminate\\Foundation\\Http\\Middleware\\TransformsRequest->handle(Object(Illuminate\\Http\\Request), Object(Closure))
#54 /Users/ahmadmhala/Downloads/RestoFy-main/vendor/laravel/framework/src/Illuminate/Pipeline/Pipeline.php(209): Illuminate\\Foundation\\Http\\Middleware\\ConvertEmptyStringsToNull->handle(Object(Illuminate\\Http\\Request), Object(Closure))
#55 /Users/ahmadmhala/Downloads/RestoFy-main/vendor/laravel/framework/src/Illuminate/Foundation/Http/Middleware/TransformsRequest.php(21): Illuminate\\Pipeline\\Pipeline->{closure:{closure:Illuminate\\Pipeline\\Pipeline::carry():184}:185}(Object(Illuminate\\Http\\Request))
#56 /Users/ahmadmhala/Downloads/RestoFy-main/vendor/laravel/framework/src/Illuminate/Foundation/Http/Middleware/TrimStrings.php(51): Illuminate\\Foundation\\Http\\Middleware\\TransformsRequest->handle(Object(Illuminate\\Http\\Request), Object(Closure))
#57 /Users/ahmadmhala/Downloads/RestoFy-main/vendor/laravel/framework/src/Illuminate/Pipeline/Pipeline.php(209): Illuminate\\Foundation\\Http\\Middleware\\TrimStrings->handle(Object(Illuminate\\Http\\Request), Object(Closure))
#58 /Users/ahmadmhala/Downloads/RestoFy-main/vendor/laravel/framework/src/Illuminate/Http/Middleware/ValidatePostSize.php(27): Illuminate\\Pipeline\\Pipeline->{closure:{closure:Illuminate\\Pipeline\\Pipeline::carry():184}:185}(Object(Illuminate\\Http\\Request))
#59 /Users/ahmadmhala/Downloads/RestoFy-main/vendor/laravel/framework/src/Illuminate/Pipeline/Pipeline.php(209): Illuminate\\Http\\Middleware\\ValidatePostSize->handle(Object(Illuminate\\Http\\Request), Object(Closure))
#60 /Users/ahmadmhala/Downloads/RestoFy-main/vendor/laravel/framework/src/Illuminate/Foundation/Http/Middleware/PreventRequestsDuringMaintenance.php(110): Illuminate\\Pipeline\\Pipeline->{closure:{closure:Illuminate\\Pipeline\\Pipeline::carry():184}:185}(Object(Illuminate\\Http\\Request))
#61 /Users/ahmadmhala/Downloads/RestoFy-main/vendor/laravel/framework/src/Illuminate/Pipeline/Pipeline.php(209): Illuminate\\Foundation\\Http\\Middleware\\PreventRequestsDuringMaintenance->handle(Object(Illuminate\\Http\\Request), Object(Closure))
#62 /Users/ahmadmhala/Downloads/RestoFy-main/vendor/laravel/framework/src/Illuminate/Http/Middleware/HandleCors.php(49): Illuminate\\Pipeline\\Pipeline->{closure:{closure:Illuminate\\Pipeline\\Pipeline::carry():184}:185}(Object(Illuminate\\Http\\Request))
#63 /Users/ahmadmhala/Downloads/RestoFy-main/vendor/laravel/framework/src/Illuminate/Pipeline/Pipeline.php(209): Illuminate\\Http\\Middleware\\HandleCors->handle(Object(Illuminate\\Http\\Request), Object(Closure))
#64 /Users/ahmadmhala/Downloads/RestoFy-main/vendor/laravel/framework/src/Illuminate/Http/Middleware/TrustProxies.php(58): Illuminate\\Pipeline\\Pipeline->{closure:{closure:Illuminate\\Pipeline\\Pipeline::carry():184}:185}(Object(Illuminate\\Http\\Request))
#65 /Users/ahmadmhala/Downloads/RestoFy-main/vendor/laravel/framework/src/Illuminate/Pipeline/Pipeline.php(209): Illuminate\\Http\\Middleware\\TrustProxies->handle(Object(Illuminate\\Http\\Request), Object(Closure))
#66 /Users/ahmadmhala/Downloads/RestoFy-main/vendor/laravel/framework/src/Illuminate/Foundation/Http/Middleware/InvokeDeferredCallbacks.php(22): Illuminate\\Pipeline\\Pipeline->{closure:{closure:Illuminate\\Pipeline\\Pipeline::carry():184}:185}(Object(Illuminate\\Http\\Request))
#67 /Users/ahmadmhala/Downloads/RestoFy-main/vendor/laravel/framework/src/Illuminate/Pipeline/Pipeline.php(209): Illuminate\\Foundation\\Http\\Middleware\\InvokeDeferredCallbacks->handle(Object(Illuminate\\Http\\Request), Object(Closure))
#68 /Users/ahmadmhala/Downloads/RestoFy-main/vendor/laravel/framework/src/Illuminate/Pipeline/Pipeline.php(127): Illuminate\\Pipeline\\Pipeline->{closure:{closure:Illuminate\\Pipeline\\Pipeline::carry():184}:185}(Object(Illuminate\\Http\\Request))
#69 /Users/ahmadmhala/Downloads/RestoFy-main/vendor/laravel/framework/src/Illuminate/Foundation/Http/Kernel.php(176): Illuminate\\Pipeline\\Pipeline->then(Object(Closure))
#70 /Users/ahmadmhala/Downloads/RestoFy-main/vendor/laravel/framework/src/Illuminate/Foundation/Http/Kernel.php(145): Illuminate\\Foundation\\Http\\Kernel->sendRequestThroughRouter(Object(Illuminate\\Http\\Request))
#71 /Users/ahmadmhala/Downloads/RestoFy-main/vendor/laravel/framework/src/Illuminate/Foundation/Application.php(1220): Illuminate\\Foundation\\Http\\Kernel->handle(Object(Illuminate\\Http\\Request))
#72 /Users/ahmadmhala/Downloads/RestoFy-main/public/index.php(17): Illuminate\\Foundation\\Application->handleRequest(Object(Illuminate\\Http\\Request))
#73 /Users/ahmadmhala/Downloads/RestoFy-main/vendor/laravel/framework/src/Illuminate/Foundation/resources/server.php(23): require_once('/Users/ahmadmha...')
#74 {main}
"} 
[2025-12-12 21:20:52] local.INFO: Attempting to resolve tenant for domain: demo.localhost  
[2025-12-12 21:20:52] local.INFO: Tenant initialized successfully: demo  
[2025-12-12 21:20:52] local.INFO: Database bootstrapper completed for tenant: demo  
[2025-12-12 21:20:56] local.INFO: Attempting to resolve tenant for domain: demo.localhost  
[2025-12-12 21:20:56] local.INFO: Tenant initialized successfully: demo  
[2025-12-12 21:20:56] local.INFO: Database bootstrapper completed for tenant: demo  
[2025-12-12 21:20:57] local.INFO: Attempting to resolve tenant for domain: demo.localhost  
[2025-12-12 21:20:57] local.INFO: Tenant initialized successfully: demo  
[2025-12-12 21:20:57] local.INFO: Database bootstrapper completed for tenant: demo  
[2025-12-12 21:21:00] local.INFO: Attempting to resolve tenant for domain: demo.localhost  
[2025-12-12 21:21:00] local.INFO: Tenant initialized successfully: demo  
[2025-12-12 21:21:00] local.INFO: Database bootstrapper completed for tenant: demo  
[2025-12-12 21:21:00] local.ERROR: SQLSTATE[42P01]: Undefined table: 7 ERROR:  relation "communication_bundles" does not exist
LINE 1: select count(*) as aggregate from "communication_bundles"
                                          ^ (Connection: tenant, SQL: select count(*) as aggregate from "communication_bundles") {"userId":1,"exception":"[object] (Illuminate\\Database\\QueryException(code: 42P01): SQLSTATE[42P01]: Undefined table: 7 ERROR:  relation \"communication_bundles\" does not exist
LINE 1: select count(*) as aggregate from \"communication_bundles\"
                                          ^ (Connection: tenant, SQL: select count(*) as aggregate from \"communication_bundles\") at /Users/ahmadmhala/Downloads/RestoFy-main/vendor/laravel/framework/src/Illuminate/Database/Connection.php:825)
[stacktrace]
#0 /Users/ahmadmhala/Downloads/RestoFy-main/vendor/laravel/framework/src/Illuminate/Database/Connection.php(779): Illuminate\\Database\\Connection->runQueryCallback('select count(*)...', Array, Object(Closure))
#1 /Users/ahmadmhala/Downloads/RestoFy-main/vendor/laravel/framework/src/Illuminate/Database/Connection.php(398): Illuminate\\Database\\Connection->run('select count(*)...', Array, Object(Closure))
#2 /Users/ahmadmhala/Downloads/RestoFy-main/vendor/laravel/framework/src/Illuminate/Database/Query/Builder.php(3106): Illuminate\\Database\\Connection->select('select count(*)...', Array, true)
#3 /Users/ahmadmhala/Downloads/RestoFy-main/vendor/laravel/framework/src/Illuminate/Database/Query/Builder.php(3091): Illuminate\\Database\\Query\\Builder->runSelect()
#4 /Users/ahmadmhala/Downloads/RestoFy-main/vendor/laravel/framework/src/Illuminate/Database/Query/Builder.php(3676): Illuminate\\Database\\Query\\Builder->{closure:Illuminate\\Database\\Query\\Builder::get():3090}()
#5 /Users/ahmadmhala/Downloads/RestoFy-main/vendor/laravel/framework/src/Illuminate/Database/Query/Builder.php(3090): Illuminate\\Database\\Query\\Builder->onceWithColumns(Array, Object(Closure))
#6 /Users/ahmadmhala/Downloads/RestoFy-main/vendor/laravel/framework/src/Illuminate/Database/Query/Builder.php(3603): Illuminate\\Database\\Query\\Builder->get(Array)
#7 /Users/ahmadmhala/Downloads/RestoFy-main/vendor/laravel/framework/src/Illuminate/Database/Query/Builder.php(3531): Illuminate\\Database\\Query\\Builder->aggregate('count', Array)
#8 /Users/ahmadmhala/Downloads/RestoFy-main/vendor/laravel/framework/src/Illuminate/Database/Eloquent/Builder.php(2120): Illuminate\\Database\\Query\\Builder->count()
#9 /Users/ahmadmhala/Downloads/RestoFy-main/vendor/laravel/framework/src/Illuminate/Support/Traits/ForwardsCalls.php(23): Illuminate\\Database\\Eloquent\\Builder->__call('count', Array)
#10 /Users/ahmadmhala/Downloads/RestoFy-main/vendor/laravel/framework/src/Illuminate/Database/Eloquent/Model.php(2372): Illuminate\\Database\\Eloquent\\Model->forwardCallTo(Object(Illuminate\\Database\\Eloquent\\Builder), 'count', Array)
#11 /Users/ahmadmhala/Downloads/RestoFy-main/vendor/laravel/framework/src/Illuminate/Database/Eloquent/Model.php(2384): Illuminate\\Database\\Eloquent\\Model->__call('count', Array)
#12 /Users/ahmadmhala/Downloads/RestoFy-main/app/Http/Controllers/Tenant/CommunicationController.php(22): Illuminate\\Database\\Eloquent\\Model::__callStatic('count', Array)
#13 /Users/ahmadmhala/Downloads/RestoFy-main/vendor/laravel/framework/src/Illuminate/Routing/ControllerDispatcher.php(47): App\\Http\\Controllers\\Tenant\\CommunicationController->index(Object(Illuminate\\Http\\Request))
#14 /Users/ahmadmhala/Downloads/RestoFy-main/vendor/laravel/framework/src/Illuminate/Routing/Route.php(266): Illuminate\\Routing\\ControllerDispatcher->dispatch(Object(Illuminate\\Routing\\Route), Object(App\\Http\\Controllers\\Tenant\\CommunicationController), 'index')
#15 /Users/ahmadmhala/Downloads/RestoFy-main/vendor/laravel/framework/src/Illuminate/Routing/Route.php(212): Illuminate\\Routing\\Route->runController()
#16 /Users/ahmadmhala/Downloads/RestoFy-main/vendor/laravel/framework/src/Illuminate/Routing/Router.php(808): Illuminate\\Routing\\Route->run()
#17 /Users/ahmadmhala/Downloads/RestoFy-main/vendor/laravel/framework/src/Illuminate/Pipeline/Pipeline.php(170): Illuminate\\Routing\\Router->{closure:Illuminate\\Routing\\Router::runRouteWithinStack():807}(Object(Illuminate\\Http\\Request))
#18 /Users/ahmadmhala/Downloads/RestoFy-main/vendor/stancl/tenancy/src/Middleware/PreventAccessFromCentralDomains.php(29): Illuminate\\Pipeline\\Pipeline->{closure:Illuminate\\Pipeline\\Pipeline::prepareDestination():168}(Object(Illuminate\\Http\\Request))
#19 /Users/ahmadmhala/Downloads/RestoFy-main/vendor/laravel/framework/src/Illuminate/Pipeline/Pipeline.php(209): Stancl\\Tenancy\\Middleware\\PreventAccessFromCentralDomains->handle(Object(Illuminate\\Http\\Request), Object(Closure))
#20 /Users/ahmadmhala/Downloads/RestoFy-main/vendor/mcamara/laravel-localization/src/Mcamara/LaravelLocalization/Middleware/LaravelLocalizationViewPath.php(33): Illuminate\\Pipeline\\Pipeline->{closure:{closure:Illuminate\\Pipeline\\Pipeline::carry():184}:185}(Object(Illuminate\\Http\\Request))
#21 /Users/ahmadmhala/Downloads/RestoFy-main/vendor/laravel/framework/src/Illuminate/Pipeline/Pipeline.php(209): Mcamara\\LaravelLocalization\\Middleware\\LaravelLocalizationViewPath->handle(Object(Illuminate\\Http\\Request), Object(Closure))
#22 /Users/ahmadmhala/Downloads/RestoFy-main/vendor/mcamara/laravel-localization/src/Mcamara/LaravelLocalization/Middleware/LaravelLocalizationRedirectFilter.php(45): Illuminate\\Pipeline\\Pipeline->{closure:{closure:Illuminate\\Pipeline\\Pipeline::carry():184}:185}(Object(Illuminate\\Http\\Request))
#23 /Users/ahmadmhala/Downloads/RestoFy-main/vendor/laravel/framework/src/Illuminate/Pipeline/Pipeline.php(209): Mcamara\\LaravelLocalization\\Middleware\\LaravelLocalizationRedirectFilter->handle(Object(Illuminate\\Http\\Request), Object(Closure))
#24 /Users/ahmadmhala/Downloads/RestoFy-main/vendor/mcamara/laravel-localization/src/Mcamara/LaravelLocalization/Middleware/LocaleSessionRedirect.php(32): Illuminate\\Pipeline\\Pipeline->{closure:{closure:Illuminate\\Pipeline\\Pipeline::carry():184}:185}(Object(Illuminate\\Http\\Request))
#25 /Users/ahmadmhala/Downloads/RestoFy-main/vendor/laravel/framework/src/Illuminate/Pipeline/Pipeline.php(209): Mcamara\\LaravelLocalization\\Middleware\\LocaleSessionRedirect->handle(Object(Illuminate\\Http\\Request), Object(Closure))
#26 /Users/ahmadmhala/Downloads/RestoFy-main/vendor/laravel/framework/src/Illuminate/Routing/Middleware/SubstituteBindings.php(51): Illuminate\\Pipeline\\Pipeline->{closure:{closure:Illuminate\\Pipeline\\Pipeline::carry():184}:185}(Object(Illuminate\\Http\\Request))
#27 /Users/ahmadmhala/Downloads/RestoFy-main/vendor/laravel/framework/src/Illuminate/Pipeline/Pipeline.php(209): Illuminate\\Routing\\Middleware\\SubstituteBindings->handle(Object(Illuminate\\Http\\Request), Object(Closure))
#28 /Users/ahmadmhala/Downloads/RestoFy-main/vendor/laravel/framework/src/Illuminate/Auth/Middleware/Authenticate.php(64): Illuminate\\Pipeline\\Pipeline->{closure:{closure:Illuminate\\Pipeline\\Pipeline::carry():184}:185}(Object(Illuminate\\Http\\Request))
#29 /Users/ahmadmhala/Downloads/RestoFy-main/vendor/laravel/framework/src/Illuminate/Pipeline/Pipeline.php(209): Illuminate\\Auth\\Middleware\\Authenticate->handle(Object(Illuminate\\Http\\Request), Object(Closure))
#30 /Users/ahmadmhala/Downloads/RestoFy-main/vendor/laravel/framework/src/Illuminate/Foundation/Http/Middleware/VerifyCsrfToken.php(88): Illuminate\\Pipeline\\Pipeline->{closure:{closure:Illuminate\\Pipeline\\Pipeline::carry():184}:185}(Object(Illuminate\\Http\\Request))
#31 /Users/ahmadmhala/Downloads/RestoFy-main/vendor/laravel/framework/src/Illuminate/Pipeline/Pipeline.php(209): Illuminate\\Foundation\\Http\\Middleware\\VerifyCsrfToken->handle(Object(Illuminate\\Http\\Request), Object(Closure))
#32 /Users/ahmadmhala/Downloads/RestoFy-main/vendor/laravel/framework/src/Illuminate/View/Middleware/ShareErrorsFromSession.php(49): Illuminate\\Pipeline\\Pipeline->{closure:{closure:Illuminate\\Pipeline\\Pipeline::carry():184}:185}(Object(Illuminate\\Http\\Request))
#33 /Users/ahmadmhala/Downloads/RestoFy-main/vendor/laravel/framework/src/Illuminate/Pipeline/Pipeline.php(209): Illuminate\\View\\Middleware\\ShareErrorsFromSession->handle(Object(Illuminate\\Http\\Request), Object(Closure))
#34 /Users/ahmadmhala/Downloads/RestoFy-main/vendor/laravel/framework/src/Illuminate/Session/Middleware/StartSession.php(121): Illuminate\\Pipeline\\Pipeline->{closure:{closure:Illuminate\\Pipeline\\Pipeline::carry():184}:185}(Object(Illuminate\\Http\\Request))
#35 /Users/ahmadmhala/Downloads/RestoFy-main/vendor/laravel/framework/src/Illuminate/Session/Middleware/StartSession.php(64): Illuminate\\Session\\Middleware\\StartSession->handleStatefulRequest(Object(Illuminate\\Http\\Request), Object(Illuminate\\Session\\Store), Object(Closure))
#36 /Users/ahmadmhala/Downloads/RestoFy-main/vendor/laravel/framework/src/Illuminate/Pipeline/Pipeline.php(209): Illuminate\\Session\\Middleware\\StartSession->handle(Object(Illuminate\\Http\\Request), Object(Closure))
#37 /Users/ahmadmhala/Downloads/RestoFy-main/vendor/laravel/framework/src/Illuminate/Cookie/Middleware/AddQueuedCookiesToResponse.php(37): Illuminate\\Pipeline\\Pipeline->{closure:{closure:Illuminate\\Pipeline\\Pipeline::carry():184}:185}(Object(Illuminate\\Http\\Request))
#38 /Users/ahmadmhala/Downloads/RestoFy-main/vendor/laravel/framework/src/Illuminate/Pipeline/Pipeline.php(209): Illuminate\\Cookie\\Middleware\\AddQueuedCookiesToResponse->handle(Object(Illuminate\\Http\\Request), Object(Closure))
#39 /Users/ahmadmhala/Downloads/RestoFy-main/vendor/laravel/framework/src/Illuminate/Cookie/Middleware/EncryptCookies.php(75): Illuminate\\Pipeline\\Pipeline->{closure:{closure:Illuminate\\Pipeline\\Pipeline::carry():184}:185}(Object(Illuminate\\Http\\Request))
#40 /Users/ahmadmhala/Downloads/RestoFy-main/vendor/laravel/framework/src/Illuminate/Pipeline/Pipeline.php(209): Illuminate\\Cookie\\Middleware\\EncryptCookies->handle(Object(Illuminate\\Http\\Request), Object(Closure))
#41 /Users/ahmadmhala/Downloads/RestoFy-main/app/Http/Middleware/InitializeTenancyByDomainOrFail.php(52): Illuminate\\Pipeline\\Pipeline->{closure:{closure:Illuminate\\Pipeline\\Pipeline::carry():184}:185}(Object(Illuminate\\Http\\Request))
#42 /Users/ahmadmhala/Downloads/RestoFy-main/vendor/laravel/framework/src/Illuminate/Pipeline/Pipeline.php(209): App\\Http\\Middleware\\InitializeTenancyByDomainOrFail->handle(Object(Illuminate\\Http\\Request), Object(Closure))
#43 /Users/ahmadmhala/Downloads/RestoFy-main/vendor/laravel/framework/src/Illuminate/Pipeline/Pipeline.php(127): Illuminate\\Pipeline\\Pipeline->{closure:{closure:Illuminate\\Pipeline\\Pipeline::carry():184}:185}(Object(Illuminate\\Http\\Request))
#44 /Users/ahmadmhala/Downloads/RestoFy-main/vendor/laravel/framework/src/Illuminate/Routing/Router.php(807): Illuminate\\Pipeline\\Pipeline->then(Object(Closure))
#45 /Users/ahmadmhala/Downloads/RestoFy-main/vendor/laravel/framework/src/Illuminate/Routing/Router.php(786): Illuminate\\Routing\\Router->runRouteWithinStack(Object(Illuminate\\Routing\\Route), Object(Illuminate\\Http\\Request))
#46 /Users/ahmadmhala/Downloads/RestoFy-main/vendor/laravel/framework/src/Illuminate/Routing/Router.php(750): Illuminate\\Routing\\Router->runRoute(Object(Illuminate\\Http\\Request), Object(Illuminate\\Routing\\Route))
#47 /Users/ahmadmhala/Downloads/RestoFy-main/vendor/laravel/framework/src/Illuminate/Routing/Router.php(739): Illuminate\\Routing\\Router->dispatchToRoute(Object(Illuminate\\Http\\Request))
#48 /Users/ahmadmhala/Downloads/RestoFy-main/vendor/laravel/framework/src/Illuminate/Foundation/Http/Kernel.php(201): Illuminate\\Routing\\Router->dispatch(Object(Illuminate\\Http\\Request))
#49 /Users/ahmadmhala/Downloads/RestoFy-main/vendor/laravel/framework/src/Illuminate/Pipeline/Pipeline.php(170): Illuminate\\Foundation\\Http\\Kernel->{closure:Illuminate\\Foundation\\Http\\Kernel::dispatchToRouter():198}(Object(Illuminate\\Http\\Request))
#50 /Users/ahmadmhala/Downloads/RestoFy-main/vendor/laravel/framework/src/Illuminate/Foundation/Http/Middleware/TransformsRequest.php(21): Illuminate\\Pipeline\\Pipeline->{closure:Illuminate\\Pipeline\\Pipeline::prepareDestination():168}(Object(Illuminate\\Http\\Request))
#51 /Users/ahmadmhala/Downloads/RestoFy-main/vendor/laravel/framework/src/Illuminate/Foundation/Http/Middleware/ConvertEmptyStringsToNull.php(31): Illuminate\\Foundation\\Http\\Middleware\\TransformsRequest->handle(Object(Illuminate\\Http\\Request), Object(Closure))
#52 /Users/ahmadmhala/Downloads/RestoFy-main/vendor/laravel/framework/src/Illuminate/Pipeline/Pipeline.php(209): Illuminate\\Foundation\\Http\\Middleware\\ConvertEmptyStringsToNull->handle(Object(Illuminate\\Http\\Request), Object(Closure))
#53 /Users/ahmadmhala/Downloads/RestoFy-main/vendor/laravel/framework/src/Illuminate/Foundation/Http/Middleware/TransformsRequest.php(21): Illuminate\\Pipeline\\Pipeline->{closure:{closure:Illuminate\\Pipeline\\Pipeline::carry():184}:185}(Object(Illuminate\\Http\\Request))
#54 /Users/ahmadmhala/Downloads/RestoFy-main/vendor/laravel/framework/src/Illuminate/Foundation/Http/Middleware/TrimStrings.php(51): Illuminate\\Foundation\\Http\\Middleware\\TransformsRequest->handle(Object(Illuminate\\Http\\Request), Object(Closure))
#55 /Users/ahmadmhala/Downloads/RestoFy-main/vendor/laravel/framework/src/Illuminate/Pipeline/Pipeline.php(209): Illuminate\\Foundation\\Http\\Middleware\\TrimStrings->handle(Object(Illuminate\\Http\\Request), Object(Closure))
#56 /Users/ahmadmhala/Downloads/RestoFy-main/vendor/laravel/framework/src/Illuminate/Http/Middleware/ValidatePostSize.php(27): Illuminate\\Pipeline\\Pipeline->{closure:{closure:Illuminate\\Pipeline\\Pipeline::carry():184}:185}(Object(Illuminate\\Http\\Request))
#57 /Users/ahmadmhala/Downloads/RestoFy-main/vendor/laravel/framework/src/Illuminate/Pipeline/Pipeline.php(209): Illuminate\\Http\\Middleware\\ValidatePostSize->handle(Object(Illuminate\\Http\\Request), Object(Closure))
#58 /Users/ahmadmhala/Downloads/RestoFy-main/vendor/laravel/framework/src/Illuminate/Foundation/Http/Middleware/PreventRequestsDuringMaintenance.php(110): Illuminate\\Pipeline\\Pipeline->{closure:{closure:Illuminate\\Pipeline\\Pipeline::carry():184}:185}(Object(Illuminate\\Http\\Request))
#59 /Users/ahmadmhala/Downloads/RestoFy-main/vendor/laravel/framework/src/Illuminate/Pipeline/Pipeline.php(209): Illuminate\\Foundation\\Http\\Middleware\\PreventRequestsDuringMaintenance->handle(Object(Illuminate\\Http\\Request), Object(Closure))
#60 /Users/ahmadmhala/Downloads/RestoFy-main/vendor/laravel/framework/src/Illuminate/Http/Middleware/HandleCors.php(49): Illuminate\\Pipeline\\Pipeline->{closure:{closure:Illuminate\\Pipeline\\Pipeline::carry():184}:185}(Object(Illuminate\\Http\\Request))
#61 /Users/ahmadmhala/Downloads/RestoFy-main/vendor/laravel/framework/src/Illuminate/Pipeline/Pipeline.php(209): Illuminate\\Http\\Middleware\\HandleCors->handle(Object(Illuminate\\Http\\Request), Object(Closure))
#62 /Users/ahmadmhala/Downloads/RestoFy-main/vendor/laravel/framework/src/Illuminate/Http/Middleware/TrustProxies.php(58): Illuminate\\Pipeline\\Pipeline->{closure:{closure:Illuminate\\Pipeline\\Pipeline::carry():184}:185}(Object(Illuminate\\Http\\Request))
#63 /Users/ahmadmhala/Downloads/RestoFy-main/vendor/laravel/framework/src/Illuminate/Pipeline/Pipeline.php(209): Illuminate\\Http\\Middleware\\TrustProxies->handle(Object(Illuminate\\Http\\Request), Object(Closure))
#64 /Users/ahmadmhala/Downloads/RestoFy-main/vendor/laravel/framework/src/Illuminate/Foundation/Http/Middleware/InvokeDeferredCallbacks.php(22): Illuminate\\Pipeline\\Pipeline->{closure:{closure:Illuminate\\Pipeline\\Pipeline::carry():184}:185}(Object(Illuminate\\Http\\Request))
#65 /Users/ahmadmhala/Downloads/RestoFy-main/vendor/laravel/framework/src/Illuminate/Pipeline/Pipeline.php(209): Illuminate\\Foundation\\Http\\Middleware\\InvokeDeferredCallbacks->handle(Object(Illuminate\\Http\\Request), Object(Closure))
#66 /Users/ahmadmhala/Downloads/RestoFy-main/vendor/laravel/framework/src/Illuminate/Pipeline/Pipeline.php(127): Illuminate\\Pipeline\\Pipeline->{closure:{closure:Illuminate\\Pipeline\\Pipeline::carry():184}:185}(Object(Illuminate\\Http\\Request))
#67 /Users/ahmadmhala/Downloads/RestoFy-main/vendor/laravel/framework/src/Illuminate/Foundation/Http/Kernel.php(176): Illuminate\\Pipeline\\Pipeline->then(Object(Closure))
#68 /Users/ahmadmhala/Downloads/RestoFy-main/vendor/laravel/framework/src/Illuminate/Foundation/Http/Kernel.php(145): Illuminate\\Foundation\\Http\\Kernel->sendRequestThroughRouter(Object(Illuminate\\Http\\Request))
#69 /Users/ahmadmhala/Downloads/RestoFy-main/vendor/laravel/framework/src/Illuminate/Foundation/Application.php(1220): Illuminate\\Foundation\\Http\\Kernel->handle(Object(Illuminate\\Http\\Request))
#70 /Users/ahmadmhala/Downloads/RestoFy-main/public/index.php(17): Illuminate\\Foundation\\Application->handleRequest(Object(Illuminate\\Http\\Request))
#71 /Users/ahmadmhala/Downloads/RestoFy-main/vendor/laravel/framework/src/Illuminate/Foundation/resources/server.php(23): require_once('/Users/ahmadmha...')
#72 {main}

[previous exception] [object] (PDOException(code: 42P01): SQLSTATE[42P01]: Undefined table: 7 ERROR:  relation \"communication_bundles\" does not exist
LINE 1: select count(*) as aggregate from \"communication_bundles\"
                                          ^ at /Users/ahmadmhala/Downloads/RestoFy-main/vendor/laravel/framework/src/Illuminate/Database/Connection.php:412)
[stacktrace]
#0 /Users/ahmadmhala/Downloads/RestoFy-main/vendor/laravel/framework/src/Illuminate/Database/Connection.php(412): PDOStatement->execute()
#1 /Users/ahmadmhala/Downloads/RestoFy-main/vendor/laravel/framework/src/Illuminate/Database/Connection.php(812): Illuminate\\Database\\Connection->{closure:Illuminate\\Database\\Connection::select():398}('select count(*)...', Array)
#2 /Users/ahmadmhala/Downloads/RestoFy-main/vendor/laravel/framework/src/Illuminate/Database/Connection.php(779): Illuminate\\Database\\Connection->runQueryCallback('select count(*)...', Array, Object(Closure))
#3 /Users/ahmadmhala/Downloads/RestoFy-main/vendor/laravel/framework/src/Illuminate/Database/Connection.php(398): Illuminate\\Database\\Connection->run('select count(*)...', Array, Object(Closure))
#4 /Users/ahmadmhala/Downloads/RestoFy-main/vendor/laravel/framework/src/Illuminate/Database/Query/Builder.php(3106): Illuminate\\Database\\Connection->select('select count(*)...', Array, true)
#5 /Users/ahmadmhala/Downloads/RestoFy-main/vendor/laravel/framework/src/Illuminate/Database/Query/Builder.php(3091): Illuminate\\Database\\Query\\Builder->runSelect()
#6 /Users/ahmadmhala/Downloads/RestoFy-main/vendor/laravel/framework/src/Illuminate/Database/Query/Builder.php(3676): Illuminate\\Database\\Query\\Builder->{closure:Illuminate\\Database\\Query\\Builder::get():3090}()
#7 /Users/ahmadmhala/Downloads/RestoFy-main/vendor/laravel/framework/src/Illuminate/Database/Query/Builder.php(3090): Illuminate\\Database\\Query\\Builder->onceWithColumns(Array, Object(Closure))
#8 /Users/ahmadmhala/Downloads/RestoFy-main/vendor/laravel/framework/src/Illuminate/Database/Query/Builder.php(3603): Illuminate\\Database\\Query\\Builder->get(Array)
#9 /Users/ahmadmhala/Downloads/RestoFy-main/vendor/laravel/framework/src/Illuminate/Database/Query/Builder.php(3531): Illuminate\\Database\\Query\\Builder->aggregate('count', Array)
#10 /Users/ahmadmhala/Downloads/RestoFy-main/vendor/laravel/framework/src/Illuminate/Database/Eloquent/Builder.php(2120): Illuminate\\Database\\Query\\Builder->count()
#11 /Users/ahmadmhala/Downloads/RestoFy-main/vendor/laravel/framework/src/Illuminate/Support/Traits/ForwardsCalls.php(23): Illuminate\\Database\\Eloquent\\Builder->__call('count', Array)
#12 /Users/ahmadmhala/Downloads/RestoFy-main/vendor/laravel/framework/src/Illuminate/Database/Eloquent/Model.php(2372): Illuminate\\Database\\Eloquent\\Model->forwardCallTo(Object(Illuminate\\Database\\Eloquent\\Builder), 'count', Array)
#13 /Users/ahmadmhala/Downloads/RestoFy-main/vendor/laravel/framework/src/Illuminate/Database/Eloquent/Model.php(2384): Illuminate\\Database\\Eloquent\\Model->__call('count', Array)
#14 /Users/ahmadmhala/Downloads/RestoFy-main/app/Http/Controllers/Tenant/CommunicationController.php(22): Illuminate\\Database\\Eloquent\\Model::__callStatic('count', Array)
#15 /Users/ahmadmhala/Downloads/RestoFy-main/vendor/laravel/framework/src/Illuminate/Routing/ControllerDispatcher.php(47): App\\Http\\Controllers\\Tenant\\CommunicationController->index(Object(Illuminate\\Http\\Request))
#16 /Users/ahmadmhala/Downloads/RestoFy-main/vendor/laravel/framework/src/Illuminate/Routing/Route.php(266): Illuminate\\Routing\\ControllerDispatcher->dispatch(Object(Illuminate\\Routing\\Route), Object(App\\Http\\Controllers\\Tenant\\CommunicationController), 'index')
#17 /Users/ahmadmhala/Downloads/RestoFy-main/vendor/laravel/framework/src/Illuminate/Routing/Route.php(212): Illuminate\\Routing\\Route->runController()
#18 /Users/ahmadmhala/Downloads/RestoFy-main/vendor/laravel/framework/src/Illuminate/Routing/Router.php(808): Illuminate\\Routing\\Route->run()
#19 /Users/ahmadmhala/Downloads/RestoFy-main/vendor/laravel/framework/src/Illuminate/Pipeline/Pipeline.php(170): Illuminate\\Routing\\Router->{closure:Illuminate\\Routing\\Router::runRouteWithinStack():807}(Object(Illuminate\\Http\\Request))
#20 /Users/ahmadmhala/Downloads/RestoFy-main/vendor/stancl/tenancy/src/Middleware/PreventAccessFromCentralDomains.php(29): Illuminate\\Pipeline\\Pipeline->{closure:Illuminate\\Pipeline\\Pipeline::prepareDestination():168}(Object(Illuminate\\Http\\Request))
#21 /Users/ahmadmhala/Downloads/RestoFy-main/vendor/laravel/framework/src/Illuminate/Pipeline/Pipeline.php(209): Stancl\\Tenancy\\Middleware\\PreventAccessFromCentralDomains->handle(Object(Illuminate\\Http\\Request), Object(Closure))
#22 /Users/ahmadmhala/Downloads/RestoFy-main/vendor/mcamara/laravel-localization/src/Mcamara/LaravelLocalization/Middleware/LaravelLocalizationViewPath.php(33): Illuminate\\Pipeline\\Pipeline->{closure:{closure:Illuminate\\Pipeline\\Pipeline::carry():184}:185}(Object(Illuminate\\Http\\Request))
#23 /Users/ahmadmhala/Downloads/RestoFy-main/vendor/laravel/framework/src/Illuminate/Pipeline/Pipeline.php(209): Mcamara\\LaravelLocalization\\Middleware\\LaravelLocalizationViewPath->handle(Object(Illuminate\\Http\\Request), Object(Closure))
#24 /Users/ahmadmhala/Downloads/RestoFy-main/vendor/mcamara/laravel-localization/src/Mcamara/LaravelLocalization/Middleware/LaravelLocalizationRedirectFilter.php(45): Illuminate\\Pipeline\\Pipeline->{closure:{closure:Illuminate\\Pipeline\\Pipeline::carry():184}:185}(Object(Illuminate\\Http\\Request))
#25 /Users/ahmadmhala/Downloads/RestoFy-main/vendor/laravel/framework/src/Illuminate/Pipeline/Pipeline.php(209): Mcamara\\LaravelLocalization\\Middleware\\LaravelLocalizationRedirectFilter->handle(Object(Illuminate\\Http\\Request), Object(Closure))
#26 /Users/ahmadmhala/Downloads/RestoFy-main/vendor/mcamara/laravel-localization/src/Mcamara/LaravelLocalization/Middleware/LocaleSessionRedirect.php(32): Illuminate\\Pipeline\\Pipeline->{closure:{closure:Illuminate\\Pipeline\\Pipeline::carry():184}:185}(Object(Illuminate\\Http\\Request))
#27 /Users/ahmadmhala/Downloads/RestoFy-main/vendor/laravel/framework/src/Illuminate/Pipeline/Pipeline.php(209): Mcamara\\LaravelLocalization\\Middleware\\LocaleSessionRedirect->handle(Object(Illuminate\\Http\\Request), Object(Closure))
#28 /Users/ahmadmhala/Downloads/RestoFy-main/vendor/laravel/framework/src/Illuminate/Routing/Middleware/SubstituteBindings.php(51): Illuminate\\Pipeline\\Pipeline->{closure:{closure:Illuminate\\Pipeline\\Pipeline::carry():184}:185}(Object(Illuminate\\Http\\Request))
#29 /Users/ahmadmhala/Downloads/RestoFy-main/vendor/laravel/framework/src/Illuminate/Pipeline/Pipeline.php(209): Illuminate\\Routing\\Middleware\\SubstituteBindings->handle(Object(Illuminate\\Http\\Request), Object(Closure))
#30 /Users/ahmadmhala/Downloads/RestoFy-main/vendor/laravel/framework/src/Illuminate/Auth/Middleware/Authenticate.php(64): Illuminate\\Pipeline\\Pipeline->{closure:{closure:Illuminate\\Pipeline\\Pipeline::carry():184}:185}(Object(Illuminate\\Http\\Request))
#31 /Users/ahmadmhala/Downloads/RestoFy-main/vendor/laravel/framework/src/Illuminate/Pipeline/Pipeline.php(209): Illuminate\\Auth\\Middleware\\Authenticate->handle(Object(Illuminate\\Http\\Request), Object(Closure))
#32 /Users/ahmadmhala/Downloads/RestoFy-main/vendor/laravel/framework/src/Illuminate/Foundation/Http/Middleware/VerifyCsrfToken.php(88): Illuminate\\Pipeline\\Pipeline->{closure:{closure:Illuminate\\Pipeline\\Pipeline::carry():184}:185}(Object(Illuminate\\Http\\Request))
#33 /Users/ahmadmhala/Downloads/RestoFy-main/vendor/laravel/framework/src/Illuminate/Pipeline/Pipeline.php(209): Illuminate\\Foundation\\Http\\Middleware\\VerifyCsrfToken->handle(Object(Illuminate\\Http\\Request), Object(Closure))
#34 /Users/ahmadmhala/Downloads/RestoFy-main/vendor/laravel/framework/src/Illuminate/View/Middleware/ShareErrorsFromSession.php(49): Illuminate\\Pipeline\\Pipeline->{closure:{closure:Illuminate\\Pipeline\\Pipeline::carry():184}:185}(Object(Illuminate\\Http\\Request))
#35 /Users/ahmadmhala/Downloads/RestoFy-main/vendor/laravel/framework/src/Illuminate/Pipeline/Pipeline.php(209): Illuminate\\View\\Middleware\\ShareErrorsFromSession->handle(Object(Illuminate\\Http\\Request), Object(Closure))
#36 /Users/ahmadmhala/Downloads/RestoFy-main/vendor/laravel/framework/src/Illuminate/Session/Middleware/StartSession.php(121): Illuminate\\Pipeline\\Pipeline->{closure:{closure:Illuminate\\Pipeline\\Pipeline::carry():184}:185}(Object(Illuminate\\Http\\Request))
#37 /Users/ahmadmhala/Downloads/RestoFy-main/vendor/laravel/framework/src/Illuminate/Session/Middleware/StartSession.php(64): Illuminate\\Session\\Middleware\\StartSession->handleStatefulRequest(Object(Illuminate\\Http\\Request), Object(Illuminate\\Session\\Store), Object(Closure))
#38 /Users/ahmadmhala/Downloads/RestoFy-main/vendor/laravel/framework/src/Illuminate/Pipeline/Pipeline.php(209): Illuminate\\Session\\Middleware\\StartSession->handle(Object(Illuminate\\Http\\Request), Object(Closure))
#39 /Users/ahmadmhala/Downloads/RestoFy-main/vendor/laravel/framework/src/Illuminate/Cookie/Middleware/AddQueuedCookiesToResponse.php(37): Illuminate\\Pipeline\\Pipeline->{closure:{closure:Illuminate\\Pipeline\\Pipeline::carry():184}:185}(Object(Illuminate\\Http\\Request))
#40 /Users/ahmadmhala/Downloads/RestoFy-main/vendor/laravel/framework/src/Illuminate/Pipeline/Pipeline.php(209): Illuminate\\Cookie\\Middleware\\AddQueuedCookiesToResponse->handle(Object(Illuminate\\Http\\Request), Object(Closure))
#41 /Users/ahmadmhala/Downloads/RestoFy-main/vendor/laravel/framework/src/Illuminate/Cookie/Middleware/EncryptCookies.php(75): Illuminate\\Pipeline\\Pipeline->{closure:{closure:Illuminate\\Pipeline\\Pipeline::carry():184}:185}(Object(Illuminate\\Http\\Request))
#42 /Users/ahmadmhala/Downloads/RestoFy-main/vendor/laravel/framework/src/Illuminate/Pipeline/Pipeline.php(209): Illuminate\\Cookie\\Middleware\\EncryptCookies->handle(Object(Illuminate\\Http\\Request), Object(Closure))
#43 /Users/ahmadmhala/Downloads/RestoFy-main/app/Http/Middleware/InitializeTenancyByDomainOrFail.php(52): Illuminate\\Pipeline\\Pipeline->{closure:{closure:Illuminate\\Pipeline\\Pipeline::carry():184}:185}(Object(Illuminate\\Http\\Request))
#44 /Users/ahmadmhala/Downloads/RestoFy-main/vendor/laravel/framework/src/Illuminate/Pipeline/Pipeline.php(209): App\\Http\\Middleware\\InitializeTenancyByDomainOrFail->handle(Object(Illuminate\\Http\\Request), Object(Closure))
#45 /Users/ahmadmhala/Downloads/RestoFy-main/vendor/laravel/framework/src/Illuminate/Pipeline/Pipeline.php(127): Illuminate\\Pipeline\\Pipeline->{closure:{closure:Illuminate\\Pipeline\\Pipeline::carry():184}:185}(Object(Illuminate\\Http\\Request))
#46 /Users/ahmadmhala/Downloads/RestoFy-main/vendor/laravel/framework/src/Illuminate/Routing/Router.php(807): Illuminate\\Pipeline\\Pipeline->then(Object(Closure))
#47 /Users/ahmadmhala/Downloads/RestoFy-main/vendor/laravel/framework/src/Illuminate/Routing/Router.php(786): Illuminate\\Routing\\Router->runRouteWithinStack(Object(Illuminate\\Routing\\Route), Object(Illuminate\\Http\\Request))
#48 /Users/ahmadmhala/Downloads/RestoFy-main/vendor/laravel/framework/src/Illuminate/Routing/Router.php(750): Illuminate\\Routing\\Router->runRoute(Object(Illuminate\\Http\\Request), Object(Illuminate\\Routing\\Route))
#49 /Users/ahmadmhala/Downloads/RestoFy-main/vendor/laravel/framework/src/Illuminate/Routing/Router.php(739): Illuminate\\Routing\\Router->dispatchToRoute(Object(Illuminate\\Http\\Request))
#50 /Users/ahmadmhala/Downloads/RestoFy-main/vendor/laravel/framework/src/Illuminate/Foundation/Http/Kernel.php(201): Illuminate\\Routing\\Router->dispatch(Object(Illuminate\\Http\\Request))
#51 /Users/ahmadmhala/Downloads/RestoFy-main/vendor/laravel/framework/src/Illuminate/Pipeline/Pipeline.php(170): Illuminate\\Foundation\\Http\\Kernel->{closure:Illuminate\\Foundation\\Http\\Kernel::dispatchToRouter():198}(Object(Illuminate\\Http\\Request))
#52 /Users/ahmadmhala/Downloads/RestoFy-main/vendor/laravel/framework/src/Illuminate/Foundation/Http/Middleware/TransformsRequest.php(21): Illuminate\\Pipeline\\Pipeline->{closure:Illuminate\\Pipeline\\Pipeline::prepareDestination():168}(Object(Illuminate\\Http\\Request))
#53 /Users/ahmadmhala/Downloads/RestoFy-main/vendor/laravel/framework/src/Illuminate/Foundation/Http/Middleware/ConvertEmptyStringsToNull.php(31): Illuminate\\Foundation\\Http\\Middleware\\TransformsRequest->handle(Object(Illuminate\\Http\\Request), Object(Closure))
#54 /Users/ahmadmhala/Downloads/RestoFy-main/vendor/laravel/framework/src/Illuminate/Pipeline/Pipeline.php(209): Illuminate\\Foundation\\Http\\Middleware\\ConvertEmptyStringsToNull->handle(Object(Illuminate\\Http\\Request), Object(Closure))
#55 /Users/ahmadmhala/Downloads/RestoFy-main/vendor/laravel/framework/src/Illuminate/Foundation/Http/Middleware/TransformsRequest.php(21): Illuminate\\Pipeline\\Pipeline->{closure:{closure:Illuminate\\Pipeline\\Pipeline::carry():184}:185}(Object(Illuminate\\Http\\Request))
#56 /Users/ahmadmhala/Downloads/RestoFy-main/vendor/laravel/framework/src/Illuminate/Foundation/Http/Middleware/TrimStrings.php(51): Illuminate\\Foundation\\Http\\Middleware\\TransformsRequest->handle(Object(Illuminate\\Http\\Request), Object(Closure))
#57 /Users/ahmadmhala/Downloads/RestoFy-main/vendor/laravel/framework/src/Illuminate/Pipeline/Pipeline.php(209): Illuminate\\Foundation\\Http\\Middleware\\TrimStrings->handle(Object(Illuminate\\Http\\Request), Object(Closure))
#58 /Users/ahmadmhala/Downloads/RestoFy-main/vendor/laravel/framework/src/Illuminate/Http/Middleware/ValidatePostSize.php(27): Illuminate\\Pipeline\\Pipeline->{closure:{closure:Illuminate\\Pipeline\\Pipeline::carry():184}:185}(Object(Illuminate\\Http\\Request))
#59 /Users/ahmadmhala/Downloads/RestoFy-main/vendor/laravel/framework/src/Illuminate/Pipeline/Pipeline.php(209): Illuminate\\Http\\Middleware\\ValidatePostSize->handle(Object(Illuminate\\Http\\Request), Object(Closure))
#60 /Users/ahmadmhala/Downloads/RestoFy-main/vendor/laravel/framework/src/Illuminate/Foundation/Http/Middleware/PreventRequestsDuringMaintenance.php(110): Illuminate\\Pipeline\\Pipeline->{closure:{closure:Illuminate\\Pipeline\\Pipeline::carry():184}:185}(Object(Illuminate\\Http\\Request))
#61 /Users/ahmadmhala/Downloads/RestoFy-main/vendor/laravel/framework/src/Illuminate/Pipeline/Pipeline.php(209): Illuminate\\Foundation\\Http\\Middleware\\PreventRequestsDuringMaintenance->handle(Object(Illuminate\\Http\\Request), Object(Closure))
#62 /Users/ahmadmhala/Downloads/RestoFy-main/vendor/laravel/framework/src/Illuminate/Http/Middleware/HandleCors.php(49): Illuminate\\Pipeline\\Pipeline->{closure:{closure:Illuminate\\Pipeline\\Pipeline::carry():184}:185}(Object(Illuminate\\Http\\Request))
#63 /Users/ahmadmhala/Downloads/RestoFy-main/vendor/laravel/framework/src/Illuminate/Pipeline/Pipeline.php(209): Illuminate\\Http\\Middleware\\HandleCors->handle(Object(Illuminate\\Http\\Request), Object(Closure))
#64 /Users/ahmadmhala/Downloads/RestoFy-main/vendor/laravel/framework/src/Illuminate/Http/Middleware/TrustProxies.php(58): Illuminate\\Pipeline\\Pipeline->{closure:{closure:Illuminate\\Pipeline\\Pipeline::carry():184}:185}(Object(Illuminate\\Http\\Request))
#65 /Users/ahmadmhala/Downloads/RestoFy-main/vendor/laravel/framework/src/Illuminate/Pipeline/Pipeline.php(209): Illuminate\\Http\\Middleware\\TrustProxies->handle(Object(Illuminate\\Http\\Request), Object(Closure))
#66 /Users/ahmadmhala/Downloads/RestoFy-main/vendor/laravel/framework/src/Illuminate/Foundation/Http/Middleware/InvokeDeferredCallbacks.php(22): Illuminate\\Pipeline\\Pipeline->{closure:{closure:Illuminate\\Pipeline\\Pipeline::carry():184}:185}(Object(Illuminate\\Http\\Request))
#67 /Users/ahmadmhala/Downloads/RestoFy-main/vendor/laravel/framework/src/Illuminate/Pipeline/Pipeline.php(209): Illuminate\\Foundation\\Http\\Middleware\\InvokeDeferredCallbacks->handle(Object(Illuminate\\Http\\Request), Object(Closure))
#68 /Users/ahmadmhala/Downloads/RestoFy-main/vendor/laravel/framework/src/Illuminate/Pipeline/Pipeline.php(127): Illuminate\\Pipeline\\Pipeline->{closure:{closure:Illuminate\\Pipeline\\Pipeline::carry():184}:185}(Object(Illuminate\\Http\\Request))
#69 /Users/ahmadmhala/Downloads/RestoFy-main/vendor/laravel/framework/src/Illuminate/Foundation/Http/Kernel.php(176): Illuminate\\Pipeline\\Pipeline->then(Object(Closure))
#70 /Users/ahmadmhala/Downloads/RestoFy-main/vendor/laravel/framework/src/Illuminate/Foundation/Http/Kernel.php(145): Illuminate\\Foundation\\Http\\Kernel->sendRequestThroughRouter(Object(Illuminate\\Http\\Request))
#71 /Users/ahmadmhala/Downloads/RestoFy-main/vendor/laravel/framework/src/Illuminate/Foundation/Application.php(1220): Illuminate\\Foundation\\Http\\Kernel->handle(Object(Illuminate\\Http\\Request))
#72 /Users/ahmadmhala/Downloads/RestoFy-main/public/index.php(17): Illuminate\\Foundation\\Application->handleRequest(Object(Illuminate\\Http\\Request))
#73 /Users/ahmadmhala/Downloads/RestoFy-main/vendor/laravel/framework/src/Illuminate/Foundation/resources/server.php(23): require_once('/Users/ahmadmha...')
#74 {main}
"} 
[2025-12-12 21:24:36] local.INFO: Attempting to resolve tenant for domain: demo.localhost  
[2025-12-12 21:24:36] local.INFO: Tenant initialized successfully: demo  
[2025-12-12 21:24:36] local.INFO: Database bootstrapper completed for tenant: demo  
[2025-12-12 21:24:39] local.INFO: Attempting to resolve tenant for domain: demo.localhost  
[2025-12-12 21:24:39] local.INFO: Tenant initialized successfully: demo  
[2025-12-12 21:24:39] local.INFO: Database bootstrapper completed for tenant: demo  
[2025-12-12 21:26:28] local.INFO: Attempting to resolve tenant for domain: demo.localhost  
[2025-12-12 21:26:28] local.INFO: Tenant initialized successfully: demo  
[2025-12-12 21:26:28] local.INFO: Database bootstrapper completed for tenant: demo  
[2025-12-12 21:27:41] local.INFO: Attempting to resolve tenant for domain: demo.localhost  
[2025-12-12 21:27:41] local.INFO: Tenant initialized successfully: demo  
[2025-12-12 21:27:41] local.INFO: Database bootstrapper completed for tenant: demo  
[2025-12-12 21:28:04] local.INFO: Attempting to resolve tenant for domain: demo.localhost  
[2025-12-12 21:28:04] local.INFO: Tenant initialized successfully: demo  
[2025-12-12 21:28:04] local.INFO: Database bootstrapper completed for tenant: demo  
[2025-12-12 21:28:06] local.INFO: Attempting to resolve tenant for domain: demo.localhost  
[2025-12-12 21:28:06] local.INFO: Tenant initialized successfully: demo  
[2025-12-12 21:28:06] local.INFO: Database bootstrapper completed for tenant: demo  
[2025-12-12 21:28:07] local.INFO: Attempting to resolve tenant for domain: demo.localhost  
[2025-12-12 21:28:07] local.INFO: Tenant initialized successfully: demo  
[2025-12-12 21:28:07] local.INFO: Database bootstrapper completed for tenant: demo  
[2025-12-12 21:28:07] local.INFO: Attempting to resolve tenant for domain: demo.localhost  
[2025-12-12 21:28:07] local.INFO: Tenant initialized successfully: demo  
[2025-12-12 21:28:07] local.INFO: Database bootstrapper completed for tenant: demo  
[2025-12-12 21:28:08] local.INFO: Attempting to resolve tenant for domain: demo.localhost  
[2025-12-12 21:28:08] local.INFO: Tenant initialized successfully: demo  
[2025-12-12 21:28:08] local.INFO: Database bootstrapper completed for tenant: demo  
[2025-12-12 21:28:11] local.INFO: Attempting to resolve tenant for domain: demo.localhost  
[2025-12-12 21:28:11] local.INFO: Tenant initialized successfully: demo  
[2025-12-12 21:28:11] local.INFO: Database bootstrapper completed for tenant: demo  
[2025-12-12 21:28:11] local.INFO: Attempting to resolve tenant for domain: demo.localhost  
[2025-12-12 21:28:11] local.INFO: Tenant initialized successfully: demo  
[2025-12-12 21:28:11] local.INFO: Database bootstrapper completed for tenant: demo  
[2025-12-12 21:28:12] local.INFO: Attempting to resolve tenant for domain: demo.localhost  
[2025-12-12 21:28:12] local.INFO: Tenant initialized successfully: demo  
[2025-12-12 21:28:12] local.INFO: Database bootstrapper completed for tenant: demo  
[2025-12-12 21:28:42] local.INFO: Attempting to resolve tenant for domain: demo.localhost  
[2025-12-12 21:28:42] local.INFO: Tenant initialized successfully: demo  
[2025-12-12 21:28:42] local.INFO: Database bootstrapper completed for tenant: demo  
[2025-12-12 21:29:12] local.INFO: Attempting to resolve tenant for domain: demo.localhost  
[2025-12-12 21:29:12] local.INFO: Tenant initialized successfully: demo  
[2025-12-12 21:29:12] local.INFO: Database bootstrapper completed for tenant: demo  
[2025-12-12 21:29:42] local.INFO: Attempting to resolve tenant for domain: demo.localhost  
[2025-12-12 21:29:42] local.INFO: Tenant initialized successfully: demo  
[2025-12-12 21:29:42] local.INFO: Database bootstrapper completed for tenant: demo  
[2025-12-12 21:29:45] local.INFO: Attempting to resolve tenant for domain: demo.localhost  
[2025-12-12 21:29:46] local.INFO: Tenant initialized successfully: demo  
[2025-12-12 21:29:46] local.INFO: Database bootstrapper completed for tenant: demo  
[2025-12-12 21:29:47] local.INFO: Attempting to resolve tenant for domain: demo.localhost  
[2025-12-12 21:29:47] local.INFO: Tenant initialized successfully: demo  
[2025-12-12 21:29:47] local.INFO: Database bootstrapper completed for tenant: demo  
[2025-12-12 21:29:53] local.INFO: Attempting to resolve tenant for domain: demo.localhost  
[2025-12-12 21:29:53] local.INFO: Tenant initialized successfully: demo  
[2025-12-12 21:29:53] local.INFO: Database bootstrapper completed for tenant: demo  
[2025-12-12 21:30:21] local.INFO: Attempting to resolve tenant for domain: demo.localhost  
[2025-12-12 21:30:21] local.INFO: Tenant initialized successfully: demo  
[2025-12-12 21:30:21] local.INFO: Database bootstrapper completed for tenant: demo  
[2025-12-12 21:30:21] local.INFO: Attempting to resolve tenant for domain: ahmadtest.localhost  
[2025-12-12 21:30:21] local.INFO: Tenant initialized successfully: ahmadtest  
[2025-12-12 21:30:21] local.INFO: Database bootstrapper completed for tenant: ahmadtest  
[2025-12-12 21:31:47] local.INFO: Attempting to resolve tenant for domain: demo.localhost  
[2025-12-12 21:31:47] local.INFO: Tenant initialized successfully: demo  
[2025-12-12 21:31:47] local.INFO: Database bootstrapper completed for tenant: demo  
[2025-12-12 21:31:59] local.INFO: Attempting to resolve tenant for domain: demo.localhost  
[2025-12-12 21:31:59] local.INFO: Tenant initialized successfully: demo  
[2025-12-12 21:31:59] local.INFO: Database bootstrapper completed for tenant: demo  
[2025-12-12 21:31:59] local.ERROR: SQLSTATE[42P01]: Undefined table: 7 ERROR:  relation "communication_templates" does not exist
LINE 1: ..."communication_template_id") as "logs_count" from "communica...
                                                             ^ (Connection: tenant, SQL: select "communication_templates".*, (select count(*) from "communication_logs" where "communication_templates"."id" = "communication_logs"."communication_template_id") as "logs_count" from "communication_templates" where "restaurant_id" = 1 order by "created_at" desc) {"userId":1,"exception":"[object] (Illuminate\\Database\\QueryException(code: 42P01): SQLSTATE[42P01]: Undefined table: 7 ERROR:  relation \"communication_templates\" does not exist
LINE 1: ...\"communication_template_id\") as \"logs_count\" from \"communica...
                                                             ^ (Connection: tenant, SQL: select \"communication_templates\".*, (select count(*) from \"communication_logs\" where \"communication_templates\".\"id\" = \"communication_logs\".\"communication_template_id\") as \"logs_count\" from \"communication_templates\" where \"restaurant_id\" = 1 order by \"created_at\" desc) at /Users/ahmadmhala/Downloads/RestoFy-main/vendor/laravel/framework/src/Illuminate/Database/Connection.php:825)
[stacktrace]
#0 /Users/ahmadmhala/Downloads/RestoFy-main/vendor/laravel/framework/src/Illuminate/Database/Connection.php(779): Illuminate\\Database\\Connection->runQueryCallback('select \"communi...', Array, Object(Closure))
#1 /Users/ahmadmhala/Downloads/RestoFy-main/vendor/laravel/framework/src/Illuminate/Database/Connection.php(398): Illuminate\\Database\\Connection->run('select \"communi...', Array, Object(Closure))
#2 /Users/ahmadmhala/Downloads/RestoFy-main/vendor/laravel/framework/src/Illuminate/Database/Query/Builder.php(3106): Illuminate\\Database\\Connection->select('select \"communi...', Array, true)
#3 /Users/ahmadmhala/Downloads/RestoFy-main/vendor/laravel/framework/src/Illuminate/Database/Query/Builder.php(3091): Illuminate\\Database\\Query\\Builder->runSelect()
#4 /Users/ahmadmhala/Downloads/RestoFy-main/vendor/laravel/framework/src/Illuminate/Database/Query/Builder.php(3676): Illuminate\\Database\\Query\\Builder->{closure:Illuminate\\Database\\Query\\Builder::get():3090}()
#5 /Users/ahmadmhala/Downloads/RestoFy-main/vendor/laravel/framework/src/Illuminate/Database/Query/Builder.php(3090): Illuminate\\Database\\Query\\Builder->onceWithColumns(Array, Object(Closure))
#6 /Users/ahmadmhala/Downloads/RestoFy-main/vendor/laravel/framework/src/Illuminate/Database/Eloquent/Builder.php(811): Illuminate\\Database\\Query\\Builder->get(Array)
#7 /Users/ahmadmhala/Downloads/RestoFy-main/vendor/laravel/framework/src/Illuminate/Database/Eloquent/Builder.php(793): Illuminate\\Database\\Eloquent\\Builder->getModels(Array)
#8 /Users/ahmadmhala/Downloads/RestoFy-main/app/Http/Controllers/Tenant/CommunicationController.php(58): Illuminate\\Database\\Eloquent\\Builder->get()
#9 /Users/ahmadmhala/Downloads/RestoFy-main/vendor/laravel/framework/src/Illuminate/Routing/ControllerDispatcher.php(47): App\\Http\\Controllers\\Tenant\\CommunicationController->index(Object(Illuminate\\Http\\Request))
#10 /Users/ahmadmhala/Downloads/RestoFy-main/vendor/laravel/framework/src/Illuminate/Routing/Route.php(266): Illuminate\\Routing\\ControllerDispatcher->dispatch(Object(Illuminate\\Routing\\Route), Object(App\\Http\\Controllers\\Tenant\\CommunicationController), 'index')
#11 /Users/ahmadmhala/Downloads/RestoFy-main/vendor/laravel/framework/src/Illuminate/Routing/Route.php(212): Illuminate\\Routing\\Route->runController()
#12 /Users/ahmadmhala/Downloads/RestoFy-main/vendor/laravel/framework/src/Illuminate/Routing/Router.php(808): Illuminate\\Routing\\Route->run()
#13 /Users/ahmadmhala/Downloads/RestoFy-main/vendor/laravel/framework/src/Illuminate/Pipeline/Pipeline.php(170): Illuminate\\Routing\\Router->{closure:Illuminate\\Routing\\Router::runRouteWithinStack():807}(Object(Illuminate\\Http\\Request))
#14 /Users/ahmadmhala/Downloads/RestoFy-main/vendor/stancl/tenancy/src/Middleware/PreventAccessFromCentralDomains.php(29): Illuminate\\Pipeline\\Pipeline->{closure:Illuminate\\Pipeline\\Pipeline::prepareDestination():168}(Object(Illuminate\\Http\\Request))
#15 /Users/ahmadmhala/Downloads/RestoFy-main/vendor/laravel/framework/src/Illuminate/Pipeline/Pipeline.php(209): Stancl\\Tenancy\\Middleware\\PreventAccessFromCentralDomains->handle(Object(Illuminate\\Http\\Request), Object(Closure))
#16 /Users/ahmadmhala/Downloads/RestoFy-main/vendor/mcamara/laravel-localization/src/Mcamara/LaravelLocalization/Middleware/LaravelLocalizationViewPath.php(33): Illuminate\\Pipeline\\Pipeline->{closure:{closure:Illuminate\\Pipeline\\Pipeline::carry():184}:185}(Object(Illuminate\\Http\\Request))
#17 /Users/ahmadmhala/Downloads/RestoFy-main/vendor/laravel/framework/src/Illuminate/Pipeline/Pipeline.php(209): Mcamara\\LaravelLocalization\\Middleware\\LaravelLocalizationViewPath->handle(Object(Illuminate\\Http\\Request), Object(Closure))
#18 /Users/ahmadmhala/Downloads/RestoFy-main/vendor/mcamara/laravel-localization/src/Mcamara/LaravelLocalization/Middleware/LaravelLocalizationRedirectFilter.php(45): Illuminate\\Pipeline\\Pipeline->{closure:{closure:Illuminate\\Pipeline\\Pipeline::carry():184}:185}(Object(Illuminate\\Http\\Request))
#19 /Users/ahmadmhala/Downloads/RestoFy-main/vendor/laravel/framework/src/Illuminate/Pipeline/Pipeline.php(209): Mcamara\\LaravelLocalization\\Middleware\\LaravelLocalizationRedirectFilter->handle(Object(Illuminate\\Http\\Request), Object(Closure))
#20 /Users/ahmadmhala/Downloads/RestoFy-main/vendor/mcamara/laravel-localization/src/Mcamara/LaravelLocalization/Middleware/LocaleSessionRedirect.php(32): Illuminate\\Pipeline\\Pipeline->{closure:{closure:Illuminate\\Pipeline\\Pipeline::carry():184}:185}(Object(Illuminate\\Http\\Request))
#21 /Users/ahmadmhala/Downloads/RestoFy-main/vendor/laravel/framework/src/Illuminate/Pipeline/Pipeline.php(209): Mcamara\\LaravelLocalization\\Middleware\\LocaleSessionRedirect->handle(Object(Illuminate\\Http\\Request), Object(Closure))
#22 /Users/ahmadmhala/Downloads/RestoFy-main/vendor/laravel/framework/src/Illuminate/Routing/Middleware/SubstituteBindings.php(51): Illuminate\\Pipeline\\Pipeline->{closure:{closure:Illuminate\\Pipeline\\Pipeline::carry():184}:185}(Object(Illuminate\\Http\\Request))
#23 /Users/ahmadmhala/Downloads/RestoFy-main/vendor/laravel/framework/src/Illuminate/Pipeline/Pipeline.php(209): Illuminate\\Routing\\Middleware\\SubstituteBindings->handle(Object(Illuminate\\Http\\Request), Object(Closure))
#24 /Users/ahmadmhala/Downloads/RestoFy-main/vendor/laravel/framework/src/Illuminate/Auth/Middleware/Authenticate.php(64): Illuminate\\Pipeline\\Pipeline->{closure:{closure:Illuminate\\Pipeline\\Pipeline::carry():184}:185}(Object(Illuminate\\Http\\Request))
#25 /Users/ahmadmhala/Downloads/RestoFy-main/vendor/laravel/framework/src/Illuminate/Pipeline/Pipeline.php(209): Illuminate\\Auth\\Middleware\\Authenticate->handle(Object(Illuminate\\Http\\Request), Object(Closure))
#26 /Users/ahmadmhala/Downloads/RestoFy-main/vendor/laravel/framework/src/Illuminate/Foundation/Http/Middleware/VerifyCsrfToken.php(88): Illuminate\\Pipeline\\Pipeline->{closure:{closure:Illuminate\\Pipeline\\Pipeline::carry():184}:185}(Object(Illuminate\\Http\\Request))
#27 /Users/ahmadmhala/Downloads/RestoFy-main/vendor/laravel/framework/src/Illuminate/Pipeline/Pipeline.php(209): Illuminate\\Foundation\\Http\\Middleware\\VerifyCsrfToken->handle(Object(Illuminate\\Http\\Request), Object(Closure))
#28 /Users/ahmadmhala/Downloads/RestoFy-main/vendor/laravel/framework/src/Illuminate/View/Middleware/ShareErrorsFromSession.php(49): Illuminate\\Pipeline\\Pipeline->{closure:{closure:Illuminate\\Pipeline\\Pipeline::carry():184}:185}(Object(Illuminate\\Http\\Request))
#29 /Users/ahmadmhala/Downloads/RestoFy-main/vendor/laravel/framework/src/Illuminate/Pipeline/Pipeline.php(209): Illuminate\\View\\Middleware\\ShareErrorsFromSession->handle(Object(Illuminate\\Http\\Request), Object(Closure))
#30 /Users/ahmadmhala/Downloads/RestoFy-main/vendor/laravel/framework/src/Illuminate/Session/Middleware/StartSession.php(121): Illuminate\\Pipeline\\Pipeline->{closure:{closure:Illuminate\\Pipeline\\Pipeline::carry():184}:185}(Object(Illuminate\\Http\\Request))
#31 /Users/ahmadmhala/Downloads/RestoFy-main/vendor/laravel/framework/src/Illuminate/Session/Middleware/StartSession.php(64): Illuminate\\Session\\Middleware\\StartSession->handleStatefulRequest(Object(Illuminate\\Http\\Request), Object(Illuminate\\Session\\Store), Object(Closure))
#32 /Users/ahmadmhala/Downloads/RestoFy-main/vendor/laravel/framework/src/Illuminate/Pipeline/Pipeline.php(209): Illuminate\\Session\\Middleware\\StartSession->handle(Object(Illuminate\\Http\\Request), Object(Closure))
#33 /Users/ahmadmhala/Downloads/RestoFy-main/vendor/laravel/framework/src/Illuminate/Cookie/Middleware/AddQueuedCookiesToResponse.php(37): Illuminate\\Pipeline\\Pipeline->{closure:{closure:Illuminate\\Pipeline\\Pipeline::carry():184}:185}(Object(Illuminate\\Http\\Request))
#34 /Users/ahmadmhala/Downloads/RestoFy-main/vendor/laravel/framework/src/Illuminate/Pipeline/Pipeline.php(209): Illuminate\\Cookie\\Middleware\\AddQueuedCookiesToResponse->handle(Object(Illuminate\\Http\\Request), Object(Closure))
#35 /Users/ahmadmhala/Downloads/RestoFy-main/vendor/laravel/framework/src/Illuminate/Cookie/Middleware/EncryptCookies.php(75): Illuminate\\Pipeline\\Pipeline->{closure:{closure:Illuminate\\Pipeline\\Pipeline::carry():184}:185}(Object(Illuminate\\Http\\Request))
#36 /Users/ahmadmhala/Downloads/RestoFy-main/vendor/laravel/framework/src/Illuminate/Pipeline/Pipeline.php(209): Illuminate\\Cookie\\Middleware\\EncryptCookies->handle(Object(Illuminate\\Http\\Request), Object(Closure))
#37 /Users/ahmadmhala/Downloads/RestoFy-main/app/Http/Middleware/InitializeTenancyByDomainOrFail.php(52): Illuminate\\Pipeline\\Pipeline->{closure:{closure:Illuminate\\Pipeline\\Pipeline::carry():184}:185}(Object(Illuminate\\Http\\Request))
#38 /Users/ahmadmhala/Downloads/RestoFy-main/vendor/laravel/framework/src/Illuminate/Pipeline/Pipeline.php(209): App\\Http\\Middleware\\InitializeTenancyByDomainOrFail->handle(Object(Illuminate\\Http\\Request), Object(Closure))
#39 /Users/ahmadmhala/Downloads/RestoFy-main/vendor/laravel/framework/src/Illuminate/Pipeline/Pipeline.php(127): Illuminate\\Pipeline\\Pipeline->{closure:{closure:Illuminate\\Pipeline\\Pipeline::carry():184}:185}(Object(Illuminate\\Http\\Request))
#40 /Users/ahmadmhala/Downloads/RestoFy-main/vendor/laravel/framework/src/Illuminate/Routing/Router.php(807): Illuminate\\Pipeline\\Pipeline->then(Object(Closure))
#41 /Users/ahmadmhala/Downloads/RestoFy-main/vendor/laravel/framework/src/Illuminate/Routing/Router.php(786): Illuminate\\Routing\\Router->runRouteWithinStack(Object(Illuminate\\Routing\\Route), Object(Illuminate\\Http\\Request))
#42 /Users/ahmadmhala/Downloads/RestoFy-main/vendor/laravel/framework/src/Illuminate/Routing/Router.php(750): Illuminate\\Routing\\Router->runRoute(Object(Illuminate\\Http\\Request), Object(Illuminate\\Routing\\Route))
#43 /Users/ahmadmhala/Downloads/RestoFy-main/vendor/laravel/framework/src/Illuminate/Routing/Router.php(739): Illuminate\\Routing\\Router->dispatchToRoute(Object(Illuminate\\Http\\Request))
#44 /Users/ahmadmhala/Downloads/RestoFy-main/vendor/laravel/framework/src/Illuminate/Foundation/Http/Kernel.php(201): Illuminate\\Routing\\Router->dispatch(Object(Illuminate\\Http\\Request))
#45 /Users/ahmadmhala/Downloads/RestoFy-main/vendor/laravel/framework/src/Illuminate/Pipeline/Pipeline.php(170): Illuminate\\Foundation\\Http\\Kernel->{closure:Illuminate\\Foundation\\Http\\Kernel::dispatchToRouter():198}(Object(Illuminate\\Http\\Request))
#46 /Users/ahmadmhala/Downloads/RestoFy-main/vendor/laravel/framework/src/Illuminate/Foundation/Http/Middleware/TransformsRequest.php(21): Illuminate\\Pipeline\\Pipeline->{closure:Illuminate\\Pipeline\\Pipeline::prepareDestination():168}(Object(Illuminate\\Http\\Request))
#47 /Users/ahmadmhala/Downloads/RestoFy-main/vendor/laravel/framework/src/Illuminate/Foundation/Http/Middleware/ConvertEmptyStringsToNull.php(31): Illuminate\\Foundation\\Http\\Middleware\\TransformsRequest->handle(Object(Illuminate\\Http\\Request), Object(Closure))
#48 /Users/ahmadmhala/Downloads/RestoFy-main/vendor/laravel/framework/src/Illuminate/Pipeline/Pipeline.php(209): Illuminate\\Foundation\\Http\\Middleware\\ConvertEmptyStringsToNull->handle(Object(Illuminate\\Http\\Request), Object(Closure))
#49 /Users/ahmadmhala/Downloads/RestoFy-main/vendor/laravel/framework/src/Illuminate/Foundation/Http/Middleware/TransformsRequest.php(21): Illuminate\\Pipeline\\Pipeline->{closure:{closure:Illuminate\\Pipeline\\Pipeline::carry():184}:185}(Object(Illuminate\\Http\\Request))
#50 /Users/ahmadmhala/Downloads/RestoFy-main/vendor/laravel/framework/src/Illuminate/Foundation/Http/Middleware/TrimStrings.php(51): Illuminate\\Foundation\\Http\\Middleware\\TransformsRequest->handle(Object(Illuminate\\Http\\Request), Object(Closure))
#51 /Users/ahmadmhala/Downloads/RestoFy-main/vendor/laravel/framework/src/Illuminate/Pipeline/Pipeline.php(209): Illuminate\\Foundation\\Http\\Middleware\\TrimStrings->handle(Object(Illuminate\\Http\\Request), Object(Closure))
#52 /Users/ahmadmhala/Downloads/RestoFy-main/vendor/laravel/framework/src/Illuminate/Http/Middleware/ValidatePostSize.php(27): Illuminate\\Pipeline\\Pipeline->{closure:{closure:Illuminate\\Pipeline\\Pipeline::carry():184}:185}(Object(Illuminate\\Http\\Request))
#53 /Users/ahmadmhala/Downloads/RestoFy-main/vendor/laravel/framework/src/Illuminate/Pipeline/Pipeline.php(209): Illuminate\\Http\\Middleware\\ValidatePostSize->handle(Object(Illuminate\\Http\\Request), Object(Closure))
#54 /Users/ahmadmhala/Downloads/RestoFy-main/vendor/laravel/framework/src/Illuminate/Foundation/Http/Middleware/PreventRequestsDuringMaintenance.php(110): Illuminate\\Pipeline\\Pipeline->{closure:{closure:Illuminate\\Pipeline\\Pipeline::carry():184}:185}(Object(Illuminate\\Http\\Request))
#55 /Users/ahmadmhala/Downloads/RestoFy-main/vendor/laravel/framework/src/Illuminate/Pipeline/Pipeline.php(209): Illuminate\\Foundation\\Http\\Middleware\\PreventRequestsDuringMaintenance->handle(Object(Illuminate\\Http\\Request), Object(Closure))
#56 /Users/ahmadmhala/Downloads/RestoFy-main/vendor/laravel/framework/src/Illuminate/Http/Middleware/HandleCors.php(49): Illuminate\\Pipeline\\Pipeline->{closure:{closure:Illuminate\\Pipeline\\Pipeline::carry():184}:185}(Object(Illuminate\\Http\\Request))
#57 /Users/ahmadmhala/Downloads/RestoFy-main/vendor/laravel/framework/src/Illuminate/Pipeline/Pipeline.php(209): Illuminate\\Http\\Middleware\\HandleCors->handle(Object(Illuminate\\Http\\Request), Object(Closure))
#58 /Users/ahmadmhala/Downloads/RestoFy-main/vendor/laravel/framework/src/Illuminate/Http/Middleware/TrustProxies.php(58): Illuminate\\Pipeline\\Pipeline->{closure:{closure:Illuminate\\Pipeline\\Pipeline::carry():184}:185}(Object(Illuminate\\Http\\Request))
#59 /Users/ahmadmhala/Downloads/RestoFy-main/vendor/laravel/framework/src/Illuminate/Pipeline/Pipeline.php(209): Illuminate\\Http\\Middleware\\TrustProxies->handle(Object(Illuminate\\Http\\Request), Object(Closure))
#60 /Users/ahmadmhala/Downloads/RestoFy-main/vendor/laravel/framework/src/Illuminate/Foundation/Http/Middleware/InvokeDeferredCallbacks.php(22): Illuminate\\Pipeline\\Pipeline->{closure:{closure:Illuminate\\Pipeline\\Pipeline::carry():184}:185}(Object(Illuminate\\Http\\Request))
#61 /Users/ahmadmhala/Downloads/RestoFy-main/vendor/laravel/framework/src/Illuminate/Pipeline/Pipeline.php(209): Illuminate\\Foundation\\Http\\Middleware\\InvokeDeferredCallbacks->handle(Object(Illuminate\\Http\\Request), Object(Closure))
#62 /Users/ahmadmhala/Downloads/RestoFy-main/vendor/laravel/framework/src/Illuminate/Pipeline/Pipeline.php(127): Illuminate\\Pipeline\\Pipeline->{closure:{closure:Illuminate\\Pipeline\\Pipeline::carry():184}:185}(Object(Illuminate\\Http\\Request))
#63 /Users/ahmadmhala/Downloads/RestoFy-main/vendor/laravel/framework/src/Illuminate/Foundation/Http/Kernel.php(176): Illuminate\\Pipeline\\Pipeline->then(Object(Closure))
#64 /Users/ahmadmhala/Downloads/RestoFy-main/vendor/laravel/framework/src/Illuminate/Foundation/Http/Kernel.php(145): Illuminate\\Foundation\\Http\\Kernel->sendRequestThroughRouter(Object(Illuminate\\Http\\Request))
#65 /Users/ahmadmhala/Downloads/RestoFy-main/vendor/laravel/framework/src/Illuminate/Foundation/Application.php(1220): Illuminate\\Foundation\\Http\\Kernel->handle(Object(Illuminate\\Http\\Request))
#66 /Users/ahmadmhala/Downloads/RestoFy-main/public/index.php(17): Illuminate\\Foundation\\Application->handleRequest(Object(Illuminate\\Http\\Request))
#67 /Users/ahmadmhala/Downloads/RestoFy-main/vendor/laravel/framework/src/Illuminate/Foundation/resources/server.php(23): require_once('/Users/ahmadmha...')
#68 {main}

[previous exception] [object] (PDOException(code: 42P01): SQLSTATE[42P01]: Undefined table: 7 ERROR:  relation \"communication_templates\" does not exist
LINE 1: ...\"communication_template_id\") as \"logs_count\" from \"communica...
                                                             ^ at /Users/ahmadmhala/Downloads/RestoFy-main/vendor/laravel/framework/src/Illuminate/Database/Connection.php:412)
[stacktrace]
#0 /Users/ahmadmhala/Downloads/RestoFy-main/vendor/laravel/framework/src/Illuminate/Database/Connection.php(412): PDOStatement->execute()
#1 /Users/ahmadmhala/Downloads/RestoFy-main/vendor/laravel/framework/src/Illuminate/Database/Connection.php(812): Illuminate\\Database\\Connection->{closure:Illuminate\\Database\\Connection::select():398}('select \"communi...', Array)
#2 /Users/ahmadmhala/Downloads/RestoFy-main/vendor/laravel/framework/src/Illuminate/Database/Connection.php(779): Illuminate\\Database\\Connection->runQueryCallback('select \"communi...', Array, Object(Closure))
#3 /Users/ahmadmhala/Downloads/RestoFy-main/vendor/laravel/framework/src/Illuminate/Database/Connection.php(398): Illuminate\\Database\\Connection->run('select \"communi...', Array, Object(Closure))
#4 /Users/ahmadmhala/Downloads/RestoFy-main/vendor/laravel/framework/src/Illuminate/Database/Query/Builder.php(3106): Illuminate\\Database\\Connection->select('select \"communi...', Array, true)
#5 /Users/ahmadmhala/Downloads/RestoFy-main/vendor/laravel/framework/src/Illuminate/Database/Query/Builder.php(3091): Illuminate\\Database\\Query\\Builder->runSelect()
#6 /Users/ahmadmhala/Downloads/RestoFy-main/vendor/laravel/framework/src/Illuminate/Database/Query/Builder.php(3676): Illuminate\\Database\\Query\\Builder->{closure:Illuminate\\Database\\Query\\Builder::get():3090}()
#7 /Users/ahmadmhala/Downloads/RestoFy-main/vendor/laravel/framework/src/Illuminate/Database/Query/Builder.php(3090): Illuminate\\Database\\Query\\Builder->onceWithColumns(Array, Object(Closure))
#8 /Users/ahmadmhala/Downloads/RestoFy-main/vendor/laravel/framework/src/Illuminate/Database/Eloquent/Builder.php(811): Illuminate\\Database\\Query\\Builder->get(Array)
#9 /Users/ahmadmhala/Downloads/RestoFy-main/vendor/laravel/framework/src/Illuminate/Database/Eloquent/Builder.php(793): Illuminate\\Database\\Eloquent\\Builder->getModels(Array)
#10 /Users/ahmadmhala/Downloads/RestoFy-main/app/Http/Controllers/Tenant/CommunicationController.php(58): Illuminate\\Database\\Eloquent\\Builder->get()
#11 /Users/ahmadmhala/Downloads/RestoFy-main/vendor/laravel/framework/src/Illuminate/Routing/ControllerDispatcher.php(47): App\\Http\\Controllers\\Tenant\\CommunicationController->index(Object(Illuminate\\Http\\Request))
#12 /Users/ahmadmhala/Downloads/RestoFy-main/vendor/laravel/framework/src/Illuminate/Routing/Route.php(266): Illuminate\\Routing\\ControllerDispatcher->dispatch(Object(Illuminate\\Routing\\Route), Object(App\\Http\\Controllers\\Tenant\\CommunicationController), 'index')
#13 /Users/ahmadmhala/Downloads/RestoFy-main/vendor/laravel/framework/src/Illuminate/Routing/Route.php(212): Illuminate\\Routing\\Route->runController()
#14 /Users/ahmadmhala/Downloads/RestoFy-main/vendor/laravel/framework/src/Illuminate/Routing/Router.php(808): Illuminate\\Routing\\Route->run()
#15 /Users/ahmadmhala/Downloads/RestoFy-main/vendor/laravel/framework/src/Illuminate/Pipeline/Pipeline.php(170): Illuminate\\Routing\\Router->{closure:Illuminate\\Routing\\Router::runRouteWithinStack():807}(Object(Illuminate\\Http\\Request))
#16 /Users/ahmadmhala/Downloads/RestoFy-main/vendor/stancl/tenancy/src/Middleware/PreventAccessFromCentralDomains.php(29): Illuminate\\Pipeline\\Pipeline->{closure:Illuminate\\Pipeline\\Pipeline::prepareDestination():168}(Object(Illuminate\\Http\\Request))
#17 /Users/ahmadmhala/Downloads/RestoFy-main/vendor/laravel/framework/src/Illuminate/Pipeline/Pipeline.php(209): Stancl\\Tenancy\\Middleware\\PreventAccessFromCentralDomains->handle(Object(Illuminate\\Http\\Request), Object(Closure))
#18 /Users/ahmadmhala/Downloads/RestoFy-main/vendor/mcamara/laravel-localization/src/Mcamara/LaravelLocalization/Middleware/LaravelLocalizationViewPath.php(33): Illuminate\\Pipeline\\Pipeline->{closure:{closure:Illuminate\\Pipeline\\Pipeline::carry():184}:185}(Object(Illuminate\\Http\\Request))
#19 /Users/ahmadmhala/Downloads/RestoFy-main/vendor/laravel/framework/src/Illuminate/Pipeline/Pipeline.php(209): Mcamara\\LaravelLocalization\\Middleware\\LaravelLocalizationViewPath->handle(Object(Illuminate\\Http\\Request), Object(Closure))
#20 /Users/ahmadmhala/Downloads/RestoFy-main/vendor/mcamara/laravel-localization/src/Mcamara/LaravelLocalization/Middleware/LaravelLocalizationRedirectFilter.php(45): Illuminate\\Pipeline\\Pipeline->{closure:{closure:Illuminate\\Pipeline\\Pipeline::carry():184}:185}(Object(Illuminate\\Http\\Request))
#21 /Users/ahmadmhala/Downloads/RestoFy-main/vendor/laravel/framework/src/Illuminate/Pipeline/Pipeline.php(209): Mcamara\\LaravelLocalization\\Middleware\\LaravelLocalizationRedirectFilter->handle(Object(Illuminate\\Http\\Request), Object(Closure))
#22 /Users/ahmadmhala/Downloads/RestoFy-main/vendor/mcamara/laravel-localization/src/Mcamara/LaravelLocalization/Middleware/LocaleSessionRedirect.php(32): Illuminate\\Pipeline\\Pipeline->{closure:{closure:Illuminate\\Pipeline\\Pipeline::carry():184}:185}(Object(Illuminate\\Http\\Request))
#23 /Users/ahmadmhala/Downloads/RestoFy-main/vendor/laravel/framework/src/Illuminate/Pipeline/Pipeline.php(209): Mcamara\\LaravelLocalization\\Middleware\\LocaleSessionRedirect->handle(Object(Illuminate\\Http\\Request), Object(Closure))
#24 /Users/ahmadmhala/Downloads/RestoFy-main/vendor/laravel/framework/src/Illuminate/Routing/Middleware/SubstituteBindings.php(51): Illuminate\\Pipeline\\Pipeline->{closure:{closure:Illuminate\\Pipeline\\Pipeline::carry():184}:185}(Object(Illuminate\\Http\\Request))
#25 /Users/ahmadmhala/Downloads/RestoFy-main/vendor/laravel/framework/src/Illuminate/Pipeline/Pipeline.php(209): Illuminate\\Routing\\Middleware\\SubstituteBindings->handle(Object(Illuminate\\Http\\Request), Object(Closure))
#26 /Users/ahmadmhala/Downloads/RestoFy-main/vendor/laravel/framework/src/Illuminate/Auth/Middleware/Authenticate.php(64): Illuminate\\Pipeline\\Pipeline->{closure:{closure:Illuminate\\Pipeline\\Pipeline::carry():184}:185}(Object(Illuminate\\Http\\Request))
#27 /Users/ahmadmhala/Downloads/RestoFy-main/vendor/laravel/framework/src/Illuminate/Pipeline/Pipeline.php(209): Illuminate\\Auth\\Middleware\\Authenticate->handle(Object(Illuminate\\Http\\Request), Object(Closure))
#28 /Users/ahmadmhala/Downloads/RestoFy-main/vendor/laravel/framework/src/Illuminate/Foundation/Http/Middleware/VerifyCsrfToken.php(88): Illuminate\\Pipeline\\Pipeline->{closure:{closure:Illuminate\\Pipeline\\Pipeline::carry():184}:185}(Object(Illuminate\\Http\\Request))
#29 /Users/ahmadmhala/Downloads/RestoFy-main/vendor/laravel/framework/src/Illuminate/Pipeline/Pipeline.php(209): Illuminate\\Foundation\\Http\\Middleware\\VerifyCsrfToken->handle(Object(Illuminate\\Http\\Request), Object(Closure))
#30 /Users/ahmadmhala/Downloads/RestoFy-main/vendor/laravel/framework/src/Illuminate/View/Middleware/ShareErrorsFromSession.php(49): Illuminate\\Pipeline\\Pipeline->{closure:{closure:Illuminate\\Pipeline\\Pipeline::carry():184}:185}(Object(Illuminate\\Http\\Request))
#31 /Users/ahmadmhala/Downloads/RestoFy-main/vendor/laravel/framework/src/Illuminate/Pipeline/Pipeline.php(209): Illuminate\\View\\Middleware\\ShareErrorsFromSession->handle(Object(Illuminate\\Http\\Request), Object(Closure))
#32 /Users/ahmadmhala/Downloads/RestoFy-main/vendor/laravel/framework/src/Illuminate/Session/Middleware/StartSession.php(121): Illuminate\\Pipeline\\Pipeline->{closure:{closure:Illuminate\\Pipeline\\Pipeline::carry():184}:185}(Object(Illuminate\\Http\\Request))
#33 /Users/ahmadmhala/Downloads/RestoFy-main/vendor/laravel/framework/src/Illuminate/Session/Middleware/StartSession.php(64): Illuminate\\Session\\Middleware\\StartSession->handleStatefulRequest(Object(Illuminate\\Http\\Request), Object(Illuminate\\Session\\Store), Object(Closure))
#34 /Users/ahmadmhala/Downloads/RestoFy-main/vendor/laravel/framework/src/Illuminate/Pipeline/Pipeline.php(209): Illuminate\\Session\\Middleware\\StartSession->handle(Object(Illuminate\\Http\\Request), Object(Closure))
#35 /Users/ahmadmhala/Downloads/RestoFy-main/vendor/laravel/framework/src/Illuminate/Cookie/Middleware/AddQueuedCookiesToResponse.php(37): Illuminate\\Pipeline\\Pipeline->{closure:{closure:Illuminate\\Pipeline\\Pipeline::carry():184}:185}(Object(Illuminate\\Http\\Request))
#36 /Users/ahmadmhala/Downloads/RestoFy-main/vendor/laravel/framework/src/Illuminate/Pipeline/Pipeline.php(209): Illuminate\\Cookie\\Middleware\\AddQueuedCookiesToResponse->handle(Object(Illuminate\\Http\\Request), Object(Closure))
#37 /Users/ahmadmhala/Downloads/RestoFy-main/vendor/laravel/framework/src/Illuminate/Cookie/Middleware/EncryptCookies.php(75): Illuminate\\Pipeline\\Pipeline->{closure:{closure:Illuminate\\Pipeline\\Pipeline::carry():184}:185}(Object(Illuminate\\Http\\Request))
#38 /Users/ahmadmhala/Downloads/RestoFy-main/vendor/laravel/framework/src/Illuminate/Pipeline/Pipeline.php(209): Illuminate\\Cookie\\Middleware\\EncryptCookies->handle(Object(Illuminate\\Http\\Request), Object(Closure))
#39 /Users/ahmadmhala/Downloads/RestoFy-main/app/Http/Middleware/InitializeTenancyByDomainOrFail.php(52): Illuminate\\Pipeline\\Pipeline->{closure:{closure:Illuminate\\Pipeline\\Pipeline::carry():184}:185}(Object(Illuminate\\Http\\Request))
#40 /Users/ahmadmhala/Downloads/RestoFy-main/vendor/laravel/framework/src/Illuminate/Pipeline/Pipeline.php(209): App\\Http\\Middleware\\InitializeTenancyByDomainOrFail->handle(Object(Illuminate\\Http\\Request), Object(Closure))
#41 /Users/ahmadmhala/Downloads/RestoFy-main/vendor/laravel/framework/src/Illuminate/Pipeline/Pipeline.php(127): Illuminate\\Pipeline\\Pipeline->{closure:{closure:Illuminate\\Pipeline\\Pipeline::carry():184}:185}(Object(Illuminate\\Http\\Request))
#42 /Users/ahmadmhala/Downloads/RestoFy-main/vendor/laravel/framework/src/Illuminate/Routing/Router.php(807): Illuminate\\Pipeline\\Pipeline->then(Object(Closure))
#43 /Users/ahmadmhala/Downloads/RestoFy-main/vendor/laravel/framework/src/Illuminate/Routing/Router.php(786): Illuminate\\Routing\\Router->runRouteWithinStack(Object(Illuminate\\Routing\\Route), Object(Illuminate\\Http\\Request))
#44 /Users/ahmadmhala/Downloads/RestoFy-main/vendor/laravel/framework/src/Illuminate/Routing/Router.php(750): Illuminate\\Routing\\Router->runRoute(Object(Illuminate\\Http\\Request), Object(Illuminate\\Routing\\Route))
#45 /Users/ahmadmhala/Downloads/RestoFy-main/vendor/laravel/framework/src/Illuminate/Routing/Router.php(739): Illuminate\\Routing\\Router->dispatchToRoute(Object(Illuminate\\Http\\Request))
#46 /Users/ahmadmhala/Downloads/RestoFy-main/vendor/laravel/framework/src/Illuminate/Foundation/Http/Kernel.php(201): Illuminate\\Routing\\Router->dispatch(Object(Illuminate\\Http\\Request))
#47 /Users/ahmadmhala/Downloads/RestoFy-main/vendor/laravel/framework/src/Illuminate/Pipeline/Pipeline.php(170): Illuminate\\Foundation\\Http\\Kernel->{closure:Illuminate\\Foundation\\Http\\Kernel::dispatchToRouter():198}(Object(Illuminate\\Http\\Request))
#48 /Users/ahmadmhala/Downloads/RestoFy-main/vendor/laravel/framework/src/Illuminate/Foundation/Http/Middleware/TransformsRequest.php(21): Illuminate\\Pipeline\\Pipeline->{closure:Illuminate\\Pipeline\\Pipeline::prepareDestination():168}(Object(Illuminate\\Http\\Request))
#49 /Users/ahmadmhala/Downloads/RestoFy-main/vendor/laravel/framework/src/Illuminate/Foundation/Http/Middleware/ConvertEmptyStringsToNull.php(31): Illuminate\\Foundation\\Http\\Middleware\\TransformsRequest->handle(Object(Illuminate\\Http\\Request), Object(Closure))
#50 /Users/ahmadmhala/Downloads/RestoFy-main/vendor/laravel/framework/src/Illuminate/Pipeline/Pipeline.php(209): Illuminate\\Foundation\\Http\\Middleware\\ConvertEmptyStringsToNull->handle(Object(Illuminate\\Http\\Request), Object(Closure))
#51 /Users/ahmadmhala/Downloads/RestoFy-main/vendor/laravel/framework/src/Illuminate/Foundation/Http/Middleware/TransformsRequest.php(21): Illuminate\\Pipeline\\Pipeline->{closure:{closure:Illuminate\\Pipeline\\Pipeline::carry():184}:185}(Object(Illuminate\\Http\\Request))
#52 /Users/ahmadmhala/Downloads/RestoFy-main/vendor/laravel/framework/src/Illuminate/Foundation/Http/Middleware/TrimStrings.php(51): Illuminate\\Foundation\\Http\\Middleware\\TransformsRequest->handle(Object(Illuminate\\Http\\Request), Object(Closure))
#53 /Users/ahmadmhala/Downloads/RestoFy-main/vendor/laravel/framework/src/Illuminate/Pipeline/Pipeline.php(209): Illuminate\\Foundation\\Http\\Middleware\\TrimStrings->handle(Object(Illuminate\\Http\\Request), Object(Closure))
#54 /Users/ahmadmhala/Downloads/RestoFy-main/vendor/laravel/framework/src/Illuminate/Http/Middleware/ValidatePostSize.php(27): Illuminate\\Pipeline\\Pipeline->{closure:{closure:Illuminate\\Pipeline\\Pipeline::carry():184}:185}(Object(Illuminate\\Http\\Request))
#55 /Users/ahmadmhala/Downloads/RestoFy-main/vendor/laravel/framework/src/Illuminate/Pipeline/Pipeline.php(209): Illuminate\\Http\\Middleware\\ValidatePostSize->handle(Object(Illuminate\\Http\\Request), Object(Closure))
#56 /Users/ahmadmhala/Downloads/RestoFy-main/vendor/laravel/framework/src/Illuminate/Foundation/Http/Middleware/PreventRequestsDuringMaintenance.php(110): Illuminate\\Pipeline\\Pipeline->{closure:{closure:Illuminate\\Pipeline\\Pipeline::carry():184}:185}(Object(Illuminate\\Http\\Request))
#57 /Users/ahmadmhala/Downloads/RestoFy-main/vendor/laravel/framework/src/Illuminate/Pipeline/Pipeline.php(209): Illuminate\\Foundation\\Http\\Middleware\\PreventRequestsDuringMaintenance->handle(Object(Illuminate\\Http\\Request), Object(Closure))
#58 /Users/ahmadmhala/Downloads/RestoFy-main/vendor/laravel/framework/src/Illuminate/Http/Middleware/HandleCors.php(49): Illuminate\\Pipeline\\Pipeline->{closure:{closure:Illuminate\\Pipeline\\Pipeline::carry():184}:185}(Object(Illuminate\\Http\\Request))
#59 /Users/ahmadmhala/Downloads/RestoFy-main/vendor/laravel/framework/src/Illuminate/Pipeline/Pipeline.php(209): Illuminate\\Http\\Middleware\\HandleCors->handle(Object(Illuminate\\Http\\Request), Object(Closure))
#60 /Users/ahmadmhala/Downloads/RestoFy-main/vendor/laravel/framework/src/Illuminate/Http/Middleware/TrustProxies.php(58): Illuminate\\Pipeline\\Pipeline->{closure:{closure:Illuminate\\Pipeline\\Pipeline::carry():184}:185}(Object(Illuminate\\Http\\Request))
#61 /Users/ahmadmhala/Downloads/RestoFy-main/vendor/laravel/framework/src/Illuminate/Pipeline/Pipeline.php(209): Illuminate\\Http\\Middleware\\TrustProxies->handle(Object(Illuminate\\Http\\Request), Object(Closure))
#62 /Users/ahmadmhala/Downloads/RestoFy-main/vendor/laravel/framework/src/Illuminate/Foundation/Http/Middleware/InvokeDeferredCallbacks.php(22): Illuminate\\Pipeline\\Pipeline->{closure:{closure:Illuminate\\Pipeline\\Pipeline::carry():184}:185}(Object(Illuminate\\Http\\Request))
#63 /Users/ahmadmhala/Downloads/RestoFy-main/vendor/laravel/framework/src/Illuminate/Pipeline/Pipeline.php(209): Illuminate\\Foundation\\Http\\Middleware\\InvokeDeferredCallbacks->handle(Object(Illuminate\\Http\\Request), Object(Closure))
#64 /Users/ahmadmhala/Downloads/RestoFy-main/vendor/laravel/framework/src/Illuminate/Pipeline/Pipeline.php(127): Illuminate\\Pipeline\\Pipeline->{closure:{closure:Illuminate\\Pipeline\\Pipeline::carry():184}:185}(Object(Illuminate\\Http\\Request))
#65 /Users/ahmadmhala/Downloads/RestoFy-main/vendor/laravel/framework/src/Illuminate/Foundation/Http/Kernel.php(176): Illuminate\\Pipeline\\Pipeline->then(Object(Closure))
#66 /Users/ahmadmhala/Downloads/RestoFy-main/vendor/laravel/framework/src/Illuminate/Foundation/Http/Kernel.php(145): Illuminate\\Foundation\\Http\\Kernel->sendRequestThroughRouter(Object(Illuminate\\Http\\Request))
#67 /Users/ahmadmhala/Downloads/RestoFy-main/vendor/laravel/framework/src/Illuminate/Foundation/Application.php(1220): Illuminate\\Foundation\\Http\\Kernel->handle(Object(Illuminate\\Http\\Request))
#68 /Users/ahmadmhala/Downloads/RestoFy-main/public/index.php(17): Illuminate\\Foundation\\Application->handleRequest(Object(Illuminate\\Http\\Request))
#69 /Users/ahmadmhala/Downloads/RestoFy-main/vendor/laravel/framework/src/Illuminate/Foundation/resources/server.php(23): require_once('/Users/ahmadmha...')
#70 {main}
"} 
[2025-12-12 21:34:30] local.INFO: Attempting to resolve tenant for domain: ahmadtest.localhost  
[2025-12-12 21:34:30] local.INFO: Tenant initialized successfully: ahmadtest  
[2025-12-12 21:34:30] local.INFO: Database bootstrapper completed for tenant: ahmadtest  
[2025-12-12 21:34:30] local.INFO: Attempting to resolve tenant for domain: demo.localhost  
[2025-12-12 21:34:30] local.INFO: Tenant initialized successfully: demo  
[2025-12-12 21:34:30] local.INFO: Database bootstrapper completed for tenant: demo  
[2025-12-12 21:34:30] local.INFO: Attempting to resolve tenant for domain: demo.localhost  
[2025-12-12 21:34:30] local.INFO: Tenant initialized successfully: demo  
[2025-12-12 21:34:30] local.INFO: Database bootstrapper completed for tenant: demo  
[2025-12-12 21:34:30] local.INFO: Attempting to resolve tenant for domain: ahmadtest.localhost  
[2025-12-12 21:34:30] local.INFO: Tenant initialized successfully: ahmadtest  
[2025-12-12 21:34:30] local.INFO: Database bootstrapper completed for tenant: ahmadtest  
[2025-12-12 21:35:05] local.INFO: Attempting to resolve tenant for domain: demo.localhost  
[2025-12-12 21:35:05] local.INFO: Tenant initialized successfully: demo  
[2025-12-12 21:35:05] local.INFO: Database bootstrapper completed for tenant: demo  
[2025-12-12 21:35:05] local.INFO: Attempting to resolve tenant for domain: demo.localhost  
[2025-12-12 21:35:05] local.INFO: Tenant initialized successfully: demo  
[2025-12-12 21:35:05] local.INFO: Database bootstrapper completed for tenant: demo  
[2025-12-12 21:35:06] local.INFO: Attempting to resolve tenant for domain: demo.localhost  
[2025-12-12 21:35:06] local.INFO: Tenant initialized successfully: demo  
[2025-12-12 21:35:06] local.INFO: Database bootstrapper completed for tenant: demo  
[2025-12-12 21:35:06] local.INFO: Attempting to resolve tenant for domain: demo.localhost  
[2025-12-12 21:35:06] local.INFO: Tenant initialized successfully: demo  
[2025-12-12 21:35:06] local.INFO: Database bootstrapper completed for tenant: demo  
[2025-12-12 21:35:15] local.INFO: Attempting to resolve tenant for domain: demo.localhost  
[2025-12-12 21:35:15] local.INFO: Tenant initialized successfully: demo  
[2025-12-12 21:35:15] local.INFO: Database bootstrapper completed for tenant: demo  
[2025-12-12 21:35:19] local.INFO: Attempting to resolve tenant for domain: demo.localhost  
[2025-12-12 21:35:19] local.INFO: Tenant initialized successfully: demo  
[2025-12-12 21:35:19] local.INFO: Database bootstrapper completed for tenant: demo  
[2025-12-12 21:35:20] local.INFO: Attempting to resolve tenant for domain: demo.localhost  
[2025-12-12 21:35:20] local.INFO: Tenant initialized successfully: demo  
[2025-12-12 21:35:20] local.INFO: Database bootstrapper completed for tenant: demo  
[2025-12-12 21:35:21] local.INFO: Attempting to resolve tenant for domain: demo.localhost  
[2025-12-12 21:35:21] local.INFO: Tenant initialized successfully: demo  
[2025-12-12 21:35:21] local.INFO: Database bootstrapper completed for tenant: demo  
[2025-12-12 21:36:27] local.INFO: Attempting to resolve tenant for domain: demo.localhost  
[2025-12-12 21:36:27] local.INFO: Tenant initialized successfully: demo  
[2025-12-12 21:36:27] local.INFO: Database bootstrapper completed for tenant: demo  
[2025-12-12 21:36:27] local.INFO: Attempting to resolve tenant for domain: demo.localhost  
[2025-12-12 21:36:27] local.INFO: Tenant initialized successfully: demo  
[2025-12-12 21:36:27] local.INFO: Database bootstrapper completed for tenant: demo  
[2025-12-12 21:41:26] local.INFO: Attempting to resolve tenant for domain: demo.localhost  
[2025-12-12 21:41:26] local.INFO: Tenant initialized successfully: demo  
[2025-12-12 21:41:26] local.INFO: Database bootstrapper completed for tenant: demo  
[2025-12-12 21:41:27] local.INFO: Attempting to resolve tenant for domain: demo.localhost  
[2025-12-12 21:41:27] local.INFO: Tenant initialized successfully: demo  
[2025-12-12 21:41:27] local.INFO: Database bootstrapper completed for tenant: demo  
[2025-12-12 21:41:32] local.INFO: Attempting to resolve tenant for domain: demo.localhost  
[2025-12-12 21:41:32] local.INFO: Tenant initialized successfully: demo  
[2025-12-12 21:41:32] local.INFO: Database bootstrapper completed for tenant: demo  
[2025-12-12 21:42:31] local.INFO: Attempting to resolve tenant for domain: demo.localhost  
[2025-12-12 21:42:31] local.INFO: Tenant initialized successfully: demo  
[2025-12-12 21:42:31] local.INFO: Database bootstrapper completed for tenant: demo  
[2025-12-12 21:42:36] local.INFO: Attempting to resolve tenant for domain: demo.localhost  
[2025-12-12 21:42:36] local.INFO: Tenant initialized successfully: demo  
[2025-12-12 21:42:36] local.INFO: Database bootstrapper completed for tenant: demo  
[2025-12-12 21:42:37] local.INFO: Attempting to resolve tenant for domain: demo.localhost  
[2025-12-12 21:42:37] local.INFO: Tenant initialized successfully: demo  
[2025-12-12 21:42:37] local.INFO: Database bootstrapper completed for tenant: demo  
[2025-12-12 21:44:45] local.INFO: Attempting to resolve tenant for domain: demo.localhost  
[2025-12-12 21:44:45] local.INFO: Tenant initialized successfully: demo  
[2025-12-12 21:44:45] local.INFO: Database bootstrapper completed for tenant: demo  
[2025-12-12 21:44:46] local.INFO: Attempting to resolve tenant for domain: demo.localhost  
[2025-12-12 21:44:46] local.INFO: Tenant initialized successfully: demo  
[2025-12-12 21:44:46] local.INFO: Database bootstrapper completed for tenant: demo  
[2025-12-12 21:44:46] local.INFO: Attempting to resolve tenant for domain: demo.localhost  
[2025-12-12 21:44:46] local.INFO: Tenant initialized successfully: demo  
[2025-12-12 21:44:46] local.INFO: Database bootstrapper completed for tenant: demo  
[2025-12-12 21:44:49] local.INFO: Attempting to resolve tenant for domain: demo.localhost  
[2025-12-12 21:44:49] local.INFO: Tenant initialized successfully: demo  
[2025-12-12 21:44:49] local.INFO: Database bootstrapper completed for tenant: demo  
[2025-12-12 21:45:36] local.INFO: Attempting to resolve tenant for domain: demo.localhost  
[2025-12-12 21:45:36] local.INFO: Tenant initialized successfully: demo  
[2025-12-12 21:45:36] local.INFO: Database bootstrapper completed for tenant: demo  
[2025-12-12 21:45:40] local.INFO: Attempting to resolve tenant for domain: demo.localhost  
[2025-12-12 21:45:40] local.INFO: Tenant initialized successfully: demo  
[2025-12-12 21:45:40] local.INFO: Database bootstrapper completed for tenant: demo  
[2025-12-12 21:47:49] local.INFO: Attempting to resolve tenant for domain: demo.localhost  
[2025-12-12 21:47:49] local.INFO: Tenant initialized successfully: demo  
[2025-12-12 21:47:49] local.INFO: Database bootstrapper completed for tenant: demo  
[2025-12-12 21:48:08] local.INFO: Attempting to resolve tenant for domain: demo.localhost  
[2025-12-12 21:48:08] local.INFO: Tenant initialized successfully: demo  
[2025-12-12 21:48:08] local.INFO: Database bootstrapper completed for tenant: demo  
[2025-12-12 21:48:08] local.INFO: Attempting to resolve tenant for domain: demo.localhost  
[2025-12-12 21:48:08] local.INFO: Tenant initialized successfully: demo  
[2025-12-12 21:48:08] local.INFO: Database bootstrapper completed for tenant: demo  
[2025-12-12 21:48:19] local.INFO: Attempting to resolve tenant for domain: demo.localhost  
[2025-12-12 21:48:19] local.INFO: Tenant initialized successfully: demo  
[2025-12-12 21:48:19] local.INFO: Database bootstrapper completed for tenant: demo  
[2025-12-12 21:48:20] local.INFO: Attempting to resolve tenant for domain: demo.localhost  
[2025-12-12 21:48:20] local.INFO: Tenant initialized successfully: demo  
[2025-12-12 21:48:20] local.INFO: Database bootstrapper completed for tenant: demo  
[2025-12-12 21:48:20] local.INFO: Attempting to resolve tenant for domain: demo.localhost  
[2025-12-12 21:48:20] local.INFO: Tenant initialized successfully: demo  
[2025-12-12 21:48:20] local.INFO: Database bootstrapper completed for tenant: demo  
[2025-12-12 21:48:20] local.INFO: Attempting to resolve tenant for domain: demo.localhost  
[2025-12-12 21:48:20] local.INFO: Tenant initialized successfully: demo  
[2025-12-12 21:48:20] local.INFO: Database bootstrapper completed for tenant: demo  
[2025-12-12 21:48:21] local.INFO: Attempting to resolve tenant for domain: demo.localhost  
[2025-12-12 21:48:21] local.INFO: Tenant initialized successfully: demo  
[2025-12-12 21:48:21] local.INFO: Database bootstrapper completed for tenant: demo  
[2025-12-12 21:48:54] local.INFO: Attempting to resolve tenant for domain: demo.localhost  
[2025-12-12 21:48:54] local.INFO: Tenant initialized successfully: demo  
[2025-12-12 21:48:54] local.INFO: Database bootstrapper completed for tenant: demo  
[2025-12-12 21:48:55] local.INFO: Attempting to resolve tenant for domain: demo.localhost  
[2025-12-12 21:48:55] local.INFO: Tenant initialized successfully: demo  
[2025-12-12 21:48:55] local.INFO: Database bootstrapper completed for tenant: demo  
[2025-12-12 21:49:23] local.INFO: Attempting to resolve tenant for domain: demo.localhost  
[2025-12-12 21:49:23] local.INFO: Tenant initialized successfully: demo  
[2025-12-12 21:49:23] local.INFO: Database bootstrapper completed for tenant: demo  
[2025-12-12 21:50:28] local.INFO: Attempting to resolve tenant for domain: demo.localhost  
[2025-12-12 21:50:28] local.INFO: Tenant initialized successfully: demo  
[2025-12-12 21:50:28] local.INFO: Database bootstrapper completed for tenant: demo  
[2025-12-12 21:50:30] local.INFO: Attempting to resolve tenant for domain: demo.localhost  
[2025-12-12 21:50:30] local.INFO: Tenant initialized successfully: demo  
[2025-12-12 21:50:30] local.INFO: Database bootstrapper completed for tenant: demo  
[2025-12-12 21:50:32] local.INFO: Attempting to resolve tenant for domain: demo.localhost  
[2025-12-12 21:50:32] local.INFO: Tenant initialized successfully: demo  
[2025-12-12 21:50:32] local.INFO: Database bootstrapper completed for tenant: demo  
[2025-12-12 21:50:34] local.INFO: Attempting to resolve tenant for domain: demo.localhost  
[2025-12-12 21:50:34] local.INFO: Tenant initialized successfully: demo  
[2025-12-12 21:50:34] local.INFO: Database bootstrapper completed for tenant: demo  
[2025-12-12 21:50:53] local.INFO: Attempting to resolve tenant for domain: demo.localhost  
[2025-12-12 21:50:53] local.INFO: Tenant initialized successfully: demo  
[2025-12-12 21:50:53] local.INFO: Database bootstrapper completed for tenant: demo  
[2025-12-12 21:50:54] local.INFO: Attempting to resolve tenant for domain: demo.localhost  
[2025-12-12 21:50:54] local.INFO: Tenant initialized successfully: demo  
[2025-12-12 21:50:54] local.INFO: Database bootstrapper completed for tenant: demo  
[2025-12-12 21:50:54] local.INFO: Attempting to resolve tenant for domain: ahmadtest.localhost  
[2025-12-12 21:50:54] local.INFO: Tenant initialized successfully: ahmadtest  
[2025-12-12 21:50:54] local.INFO: Database bootstrapper completed for tenant: ahmadtest  
[2025-12-12 21:52:18] local.INFO: Attempting to resolve tenant for domain: demo.localhost  
[2025-12-12 21:52:18] local.INFO: Tenant initialized successfully: demo  
[2025-12-12 21:52:18] local.INFO: Database bootstrapper completed for tenant: demo  
[2025-12-12 21:52:19] local.INFO: Attempting to resolve tenant for domain: demo.localhost  
[2025-12-12 21:52:19] local.INFO: Tenant initialized successfully: demo  
[2025-12-12 21:52:19] local.INFO: Database bootstrapper completed for tenant: demo  
[2025-12-12 21:52:20] local.INFO: Attempting to resolve tenant for domain: demo.localhost  
[2025-12-12 21:52:20] local.INFO: Tenant initialized successfully: demo  
[2025-12-12 21:52:20] local.INFO: Database bootstrapper completed for tenant: demo  
[2025-12-12 21:52:20] local.INFO: Attempting to resolve tenant for domain: demo.localhost  
[2025-12-12 21:52:20] local.INFO: Tenant initialized successfully: demo  
[2025-12-12 21:52:20] local.INFO: Database bootstrapper completed for tenant: demo  
[2025-12-12 21:52:21] local.INFO: Attempting to resolve tenant for domain: demo.localhost  
[2025-12-12 21:52:21] local.INFO: Tenant initialized successfully: demo  
[2025-12-12 21:52:21] local.INFO: Database bootstrapper completed for tenant: demo  
[2025-12-12 21:52:21] local.INFO: Attempting to resolve tenant for domain: demo.localhost  
[2025-12-12 21:52:21] local.INFO: Tenant initialized successfully: demo  
[2025-12-12 21:52:21] local.INFO: Database bootstrapper completed for tenant: demo  
[2025-12-12 21:52:22] local.INFO: Attempting to resolve tenant for domain: demo.localhost  
[2025-12-12 21:52:22] local.INFO: Tenant initialized successfully: demo  
[2025-12-12 21:52:22] local.INFO: Database bootstrapper completed for tenant: demo  
[2025-12-12 21:52:22] local.INFO: Attempting to resolve tenant for domain: demo.localhost  
[2025-12-12 21:52:22] local.INFO: Tenant initialized successfully: demo  
[2025-12-12 21:52:22] local.INFO: Database bootstrapper completed for tenant: demo  
[2025-12-12 21:52:23] local.INFO: Attempting to resolve tenant for domain: demo.localhost  
[2025-12-12 21:52:23] local.INFO: Tenant initialized successfully: demo  
[2025-12-12 21:52:23] local.INFO: Database bootstrapper completed for tenant: demo  
[2025-12-12 21:52:23] local.INFO: Attempting to resolve tenant for domain: demo.localhost  
[2025-12-12 21:52:23] local.INFO: Tenant initialized successfully: demo  
[2025-12-12 21:52:23] local.INFO: Database bootstrapper completed for tenant: demo  
[2025-12-12 21:52:25] local.INFO: Attempting to resolve tenant for domain: demo.localhost  
[2025-12-12 21:52:25] local.INFO: Tenant initialized successfully: demo  
[2025-12-12 21:52:25] local.INFO: Database bootstrapper completed for tenant: demo  
[2025-12-12 21:52:29] local.INFO: Attempting to resolve tenant for domain: demo.localhost  
[2025-12-12 21:52:29] local.INFO: Tenant initialized successfully: demo  
[2025-12-12 21:52:29] local.INFO: Database bootstrapper completed for tenant: demo  
[2025-12-12 21:52:59] local.INFO: Attempting to resolve tenant for domain: demo.localhost  
[2025-12-12 21:52:59] local.INFO: Tenant initialized successfully: demo  
[2025-12-12 21:52:59] local.INFO: Database bootstrapper completed for tenant: demo  
[2025-12-12 21:53:16] local.INFO: Attempting to resolve tenant for domain: demo.localhost  
[2025-12-12 21:53:16] local.INFO: Tenant initialized successfully: demo  
[2025-12-12 21:53:16] local.INFO: Database bootstrapper completed for tenant: demo  
[2025-12-12 21:53:18] local.INFO: Attempting to resolve tenant for domain: demo.localhost  
[2025-12-12 21:53:18] local.INFO: Tenant initialized successfully: demo  
[2025-12-12 21:53:18] local.INFO: Database bootstrapper completed for tenant: demo  
[2025-12-12 21:53:24] local.INFO: Attempting to resolve tenant for domain: demo.localhost  
[2025-12-12 21:53:24] local.INFO: Tenant initialized successfully: demo  
[2025-12-12 21:53:24] local.INFO: Database bootstrapper completed for tenant: demo  
[2025-12-12 21:53:33] local.INFO: Attempting to resolve tenant for domain: demo.localhost  
[2025-12-12 21:53:33] local.INFO: Tenant initialized successfully: demo  
[2025-12-12 21:53:33] local.INFO: Database bootstrapper completed for tenant: demo  
[2025-12-12 21:53:44] local.INFO: Attempting to resolve tenant for domain: demo.localhost  
[2025-12-12 21:53:44] local.INFO: Tenant initialized successfully: demo  
[2025-12-12 21:53:44] local.INFO: Database bootstrapper completed for tenant: demo  
[2025-12-12 21:53:45] local.INFO: Attempting to resolve tenant for domain: demo.localhost  
[2025-12-12 21:53:45] local.INFO: Tenant initialized successfully: demo  
[2025-12-12 21:53:45] local.INFO: Database bootstrapper completed for tenant: demo  
[2025-12-12 21:55:05] local.INFO: Attempting to resolve tenant for domain: demo.localhost  
[2025-12-12 21:55:05] local.INFO: Tenant initialized successfully: demo  
[2025-12-12 21:55:05] local.INFO: Database bootstrapper completed for tenant: demo  
[2025-12-12 21:55:09] local.INFO: Attempting to resolve tenant for domain: demo.localhost  
[2025-12-12 21:55:09] local.INFO: Tenant initialized successfully: demo  
[2025-12-12 21:55:09] local.INFO: Database bootstrapper completed for tenant: demo  
[2025-12-12 21:55:10] local.INFO: Attempting to resolve tenant for domain: demo.localhost  
[2025-12-12 21:55:10] local.INFO: Tenant initialized successfully: demo  
[2025-12-12 21:55:10] local.INFO: Database bootstrapper completed for tenant: demo  
[2025-12-12 21:55:10] local.INFO: Attempting to resolve tenant for domain: demo.localhost  
[2025-12-12 21:55:10] local.INFO: Tenant initialized successfully: demo  
[2025-12-12 21:55:10] local.INFO: Database bootstrapper completed for tenant: demo  
[2025-12-12 21:55:20] local.INFO: Attempting to resolve tenant for domain: demo.localhost  
[2025-12-12 21:55:20] local.INFO: Tenant initialized successfully: demo  
[2025-12-12 21:55:20] local.INFO: Database bootstrapper completed for tenant: demo  
[2025-12-12 21:55:21] local.INFO: Attempting to resolve tenant for domain: demo.localhost  
[2025-12-12 21:55:21] local.INFO: Tenant initialized successfully: demo  
[2025-12-12 21:55:21] local.INFO: Database bootstrapper completed for tenant: demo  
[2025-12-12 21:55:22] local.INFO: Attempting to resolve tenant for domain: demo.localhost  
[2025-12-12 21:55:22] local.INFO: Tenant initialized successfully: demo  
[2025-12-12 21:55:22] local.INFO: Database bootstrapper completed for tenant: demo  
[2025-12-12 21:55:26] local.INFO: Attempting to resolve tenant for domain: demo.localhost  
[2025-12-12 21:55:26] local.INFO: Tenant initialized successfully: demo  
[2025-12-12 21:55:26] local.INFO: Database bootstrapper completed for tenant: demo  
[2025-12-12 21:55:27] local.INFO: Attempting to resolve tenant for domain: demo.localhost  
[2025-12-12 21:55:27] local.INFO: Tenant initialized successfully: demo  
[2025-12-12 21:55:27] local.INFO: Database bootstrapper completed for tenant: demo  
[2025-12-12 21:55:27] local.INFO: Attempting to resolve tenant for domain: demo.localhost  
[2025-12-12 21:55:27] local.INFO: Tenant initialized successfully: demo  
[2025-12-12 21:55:27] local.INFO: Database bootstrapper completed for tenant: demo  
[2025-12-12 21:55:28] local.INFO: Attempting to resolve tenant for domain: demo.localhost  
[2025-12-12 21:55:28] local.INFO: Tenant initialized successfully: demo  
[2025-12-12 21:55:28] local.INFO: Database bootstrapper completed for tenant: demo  
[2025-12-12 21:55:31] local.INFO: Attempting to resolve tenant for domain: demo.localhost  
[2025-12-12 21:55:31] local.INFO: Tenant initialized successfully: demo  
[2025-12-12 21:55:31] local.INFO: Database bootstrapper completed for tenant: demo  
[2025-12-12 21:55:33] local.INFO: Attempting to resolve tenant for domain: demo.localhost  
[2025-12-12 21:55:33] local.INFO: Tenant initialized successfully: demo  
[2025-12-12 21:55:33] local.INFO: Database bootstrapper completed for tenant: demo  
[2025-12-12 21:55:33] local.INFO: Attempting to resolve tenant for domain: demo.localhost  
[2025-12-12 21:55:33] local.INFO: Tenant initialized successfully: demo  
[2025-12-12 21:55:33] local.INFO: Database bootstrapper completed for tenant: demo  
[2025-12-12 21:55:34] local.INFO: Attempting to resolve tenant for domain: demo.localhost  
[2025-12-12 21:55:34] local.INFO: Tenant initialized successfully: demo  
[2025-12-12 21:55:34] local.INFO: Database bootstrapper completed for tenant: demo  
[2025-12-12 21:55:36] local.INFO: Attempting to resolve tenant for domain: demo.localhost  
[2025-12-12 21:55:36] local.INFO: Tenant initialized successfully: demo  
[2025-12-12 21:55:36] local.INFO: Database bootstrapper completed for tenant: demo  
[2025-12-12 21:55:37] local.INFO: Attempting to resolve tenant for domain: demo.localhost  
[2025-12-12 21:55:37] local.INFO: Tenant initialized successfully: demo  
[2025-12-12 21:55:37] local.INFO: Database bootstrapper completed for tenant: demo  
[2025-12-12 21:55:38] local.INFO: Attempting to resolve tenant for domain: demo.localhost  
[2025-12-12 21:55:38] local.INFO: Tenant initialized successfully: demo  
[2025-12-12 21:55:38] local.INFO: Database bootstrapper completed for tenant: demo  
[2025-12-12 21:55:39] local.INFO: Attempting to resolve tenant for domain: demo.localhost  
[2025-12-12 21:55:39] local.INFO: Tenant initialized successfully: demo  
[2025-12-12 21:55:39] local.INFO: Database bootstrapper completed for tenant: demo  
[2025-12-12 21:55:40] local.INFO: Attempting to resolve tenant for domain: demo.localhost  
[2025-12-12 21:55:40] local.INFO: Tenant initialized successfully: demo  
[2025-12-12 21:55:40] local.INFO: Database bootstrapper completed for tenant: demo  
[2025-12-12 21:55:45] local.INFO: Attempting to resolve tenant for domain: demo.localhost  
[2025-12-12 21:55:45] local.INFO: Tenant initialized successfully: demo  
[2025-12-12 21:55:45] local.INFO: Database bootstrapper completed for tenant: demo  
[2025-12-12 21:55:48] local.INFO: Attempting to resolve tenant for domain: demo.localhost  
[2025-12-12 21:55:48] local.INFO: Tenant initialized successfully: demo  
[2025-12-12 21:55:48] local.INFO: Database bootstrapper completed for tenant: demo  
[2025-12-12 21:56:15] local.INFO: Attempting to resolve tenant for domain: demo.localhost  
[2025-12-12 21:56:15] local.INFO: Tenant initialized successfully: demo  
[2025-12-12 21:56:15] local.INFO: Database bootstrapper completed for tenant: demo  
[2025-12-12 21:56:16] local.INFO: Attempting to resolve tenant for domain: demo.localhost  
[2025-12-12 21:56:16] local.INFO: Tenant initialized successfully: demo  
[2025-12-12 21:56:16] local.INFO: Database bootstrapper completed for tenant: demo  
[2025-12-12 21:56:30] local.INFO: Attempting to resolve tenant for domain: demo.localhost  
[2025-12-12 21:56:30] local.INFO: Tenant initialized successfully: demo  
[2025-12-12 21:56:30] local.INFO: Database bootstrapper completed for tenant: demo  
[2025-12-12 21:56:38] local.INFO: Attempting to resolve tenant for domain: demo.localhost  
[2025-12-12 21:56:38] local.INFO: Tenant initialized successfully: demo  
[2025-12-12 21:56:38] local.INFO: Database bootstrapper completed for tenant: demo  
[2025-12-12 21:56:38] local.INFO: Attempting to resolve tenant for domain: demo.localhost  
[2025-12-12 21:56:38] local.INFO: Tenant initialized successfully: demo  
[2025-12-12 21:56:38] local.INFO: Database bootstrapper completed for tenant: demo  
[2025-12-12 21:56:39] local.INFO: Attempting to resolve tenant for domain: demo.localhost  
[2025-12-12 21:56:39] local.INFO: Tenant initialized successfully: demo  
[2025-12-12 21:56:39] local.INFO: Database bootstrapper completed for tenant: demo  
[2025-12-12 21:56:40] local.INFO: Attempting to resolve tenant for domain: demo.localhost  
[2025-12-12 21:56:40] local.INFO: Tenant initialized successfully: demo  
[2025-12-12 21:56:40] local.INFO: Database bootstrapper completed for tenant: demo  
[2025-12-12 21:56:40] local.INFO: Attempting to resolve tenant for domain: demo.localhost  
[2025-12-12 21:56:40] local.INFO: Tenant initialized successfully: demo  
[2025-12-12 21:56:40] local.INFO: Database bootstrapper completed for tenant: demo  
[2025-12-12 21:56:44] local.INFO: Attempting to resolve tenant for domain: demo.localhost  
[2025-12-12 21:56:44] local.INFO: Tenant initialized successfully: demo  
[2025-12-12 21:56:44] local.INFO: Database bootstrapper completed for tenant: demo  
[2025-12-12 21:56:44] local.INFO: Attempting to resolve tenant for domain: demo.localhost  
[2025-12-12 21:56:44] local.INFO: Tenant initialized successfully: demo  
[2025-12-12 21:56:44] local.INFO: Database bootstrapper completed for tenant: demo  
[2025-12-12 21:56:45] local.INFO: Attempting to resolve tenant for domain: demo.localhost  
[2025-12-12 21:56:45] local.INFO: Tenant initialized successfully: demo  
[2025-12-12 21:56:45] local.INFO: Database bootstrapper completed for tenant: demo  
[2025-12-12 21:57:31] local.INFO: Attempting to resolve tenant for domain: demo.localhost  
[2025-12-12 21:57:31] local.INFO: Tenant initialized successfully: demo  
[2025-12-12 21:57:31] local.INFO: Database bootstrapper completed for tenant: demo  
[2025-12-12 21:57:32] local.INFO: Attempting to resolve tenant for domain: demo.localhost  
[2025-12-12 21:57:32] local.INFO: Tenant initialized successfully: demo  
[2025-12-12 21:57:32] local.INFO: Database bootstrapper completed for tenant: demo  
[2025-12-12 21:57:33] local.INFO: Attempting to resolve tenant for domain: demo.localhost  
[2025-12-12 21:57:33] local.INFO: Tenant initialized successfully: demo  
[2025-12-12 21:57:33] local.INFO: Database bootstrapper completed for tenant: demo  
[2025-12-12 21:57:33] local.INFO: Attempting to resolve tenant for domain: demo.localhost  
[2025-12-12 21:57:33] local.INFO: Tenant initialized successfully: demo  
[2025-12-12 21:57:33] local.INFO: Database bootstrapper completed for tenant: demo  
[2025-12-12 21:57:45] local.INFO: Attempting to resolve tenant for domain: demo.localhost  
[2025-12-12 21:57:45] local.INFO: Tenant initialized successfully: demo  
[2025-12-12 21:57:45] local.INFO: Database bootstrapper completed for tenant: demo  
[2025-12-12 21:57:46] local.INFO: Attempting to resolve tenant for domain: demo.localhost  
[2025-12-12 21:57:46] local.INFO: Tenant initialized successfully: demo  
[2025-12-12 21:57:46] local.INFO: Database bootstrapper completed for tenant: demo  
[2025-12-12 21:57:47] local.INFO: Attempting to resolve tenant for domain: demo.localhost  
[2025-12-12 21:57:47] local.INFO: Tenant initialized successfully: demo  
[2025-12-12 21:57:47] local.INFO: Database bootstrapper completed for tenant: demo  
[2025-12-12 21:57:48] local.INFO: Attempting to resolve tenant for domain: demo.localhost  
[2025-12-12 21:57:48] local.INFO: Tenant initialized successfully: demo  
[2025-12-12 21:57:48] local.INFO: Database bootstrapper completed for tenant: demo  
[2025-12-12 21:57:48] local.INFO: Attempting to resolve tenant for domain: demo.localhost  
[2025-12-12 21:57:48] local.INFO: Tenant initialized successfully: demo  
[2025-12-12 21:57:48] local.INFO: Database bootstrapper completed for tenant: demo  
[2025-12-12 21:57:49] local.INFO: Attempting to resolve tenant for domain: demo.localhost  
[2025-12-12 21:57:49] local.INFO: Tenant initialized successfully: demo  
[2025-12-12 21:57:49] local.INFO: Database bootstrapper completed for tenant: demo  
[2025-12-12 21:58:45] local.INFO: Attempting to resolve tenant for domain: demo.localhost  
[2025-12-12 21:58:45] local.INFO: Tenant initialized successfully: demo  
[2025-12-12 21:58:45] local.INFO: Database bootstrapper completed for tenant: demo  
[2025-12-12 21:58:45] local.INFO: Attempting to resolve tenant for domain: demo.localhost  
[2025-12-12 21:58:45] local.INFO: Tenant initialized successfully: demo  
[2025-12-12 21:58:45] local.INFO: Database bootstrapper completed for tenant: demo  
[2025-12-12 21:58:46] local.INFO: Attempting to resolve tenant for domain: demo.localhost  
[2025-12-12 21:58:46] local.INFO: Tenant initialized successfully: demo  
[2025-12-12 21:58:46] local.INFO: Database bootstrapper completed for tenant: demo  
[2025-12-12 21:58:47] local.INFO: Attempting to resolve tenant for domain: demo.localhost  
[2025-12-12 21:58:47] local.INFO: Tenant initialized successfully: demo  
[2025-12-12 21:58:47] local.INFO: Database bootstrapper completed for tenant: demo  
[2025-12-12 21:58:48] local.INFO: Attempting to resolve tenant for domain: demo.localhost  
[2025-12-12 21:58:48] local.INFO: Tenant initialized successfully: demo  
[2025-12-12 21:58:48] local.INFO: Database bootstrapper completed for tenant: demo  
[2025-12-12 21:58:53] local.INFO: Attempting to resolve tenant for domain: demo.localhost  
[2025-12-12 21:58:53] local.INFO: Tenant initialized successfully: demo  
[2025-12-12 21:58:53] local.INFO: Database bootstrapper completed for tenant: demo  
[2025-12-12 21:59:21] local.INFO: Attempting to resolve tenant for domain: demo.localhost  
[2025-12-12 21:59:21] local.INFO: Tenant initialized successfully: demo  
[2025-12-12 21:59:21] local.INFO: Database bootstrapper completed for tenant: demo  
[2025-12-12 21:59:22] local.INFO: Attempting to resolve tenant for domain: demo.localhost  
[2025-12-12 21:59:22] local.INFO: Tenant initialized successfully: demo  
[2025-12-12 21:59:22] local.INFO: Database bootstrapper completed for tenant: demo  
[2025-12-12 21:59:22] local.INFO: Attempting to resolve tenant for domain: demo.localhost  
[2025-12-12 21:59:23] local.INFO: Tenant initialized successfully: demo  
[2025-12-12 21:59:23] local.INFO: Database bootstrapper completed for tenant: demo  
[2025-12-12 21:59:23] local.INFO: Attempting to resolve tenant for domain: demo.localhost  
[2025-12-12 21:59:23] local.INFO: Tenant initialized successfully: demo  
[2025-12-12 21:59:23] local.INFO: Database bootstrapper completed for tenant: demo  
[2025-12-12 21:59:24] local.INFO: Attempting to resolve tenant for domain: demo.localhost  
[2025-12-12 21:59:24] local.INFO: Tenant initialized successfully: demo  
[2025-12-12 21:59:24] local.INFO: Database bootstrapper completed for tenant: demo  
[2025-12-12 21:59:24] local.INFO: Attempting to resolve tenant for domain: demo.localhost  
[2025-12-12 21:59:24] local.INFO: Tenant initialized successfully: demo  
[2025-12-12 21:59:24] local.INFO: Database bootstrapper completed for tenant: demo  
[2025-12-12 21:59:25] local.INFO: Attempting to resolve tenant for domain: demo.localhost  
[2025-12-12 21:59:25] local.INFO: Tenant initialized successfully: demo  
[2025-12-12 21:59:25] local.INFO: Database bootstrapper completed for tenant: demo  
[2025-12-12 21:59:25] local.INFO: Attempting to resolve tenant for domain: demo.localhost  
[2025-12-12 21:59:25] local.INFO: Tenant initialized successfully: demo  
[2025-12-12 21:59:25] local.INFO: Database bootstrapper completed for tenant: demo  
[2025-12-12 21:59:27] local.INFO: Attempting to resolve tenant for domain: demo.localhost  
[2025-12-12 21:59:27] local.INFO: Tenant initialized successfully: demo  
[2025-12-12 21:59:27] local.INFO: Database bootstrapper completed for tenant: demo  
[2025-12-12 21:59:27] local.INFO: Attempting to resolve tenant for domain: demo.localhost  
[2025-12-12 21:59:27] local.INFO: Tenant initialized successfully: demo  
[2025-12-12 21:59:27] local.INFO: Database bootstrapper completed for tenant: demo  
[2025-12-12 21:59:27] local.INFO: Attempting to resolve tenant for domain: demo.localhost  
[2025-12-12 21:59:27] local.INFO: Tenant initialized successfully: demo  
[2025-12-12 21:59:27] local.INFO: Database bootstrapper completed for tenant: demo  
[2025-12-12 21:59:28] local.INFO: Attempting to resolve tenant for domain: demo.localhost  
[2025-12-12 21:59:28] local.INFO: Tenant initialized successfully: demo  
[2025-12-12 21:59:28] local.INFO: Database bootstrapper completed for tenant: demo  
[2025-12-12 21:59:30] local.INFO: Attempting to resolve tenant for domain: demo.localhost  
[2025-12-12 21:59:30] local.INFO: Tenant initialized successfully: demo  
[2025-12-12 21:59:30] local.INFO: Database bootstrapper completed for tenant: demo  
[2025-12-12 21:59:30] local.INFO: Attempting to resolve tenant for domain: demo.localhost  
[2025-12-12 21:59:30] local.INFO: Tenant initialized successfully: demo  
[2025-12-12 21:59:30] local.INFO: Database bootstrapper completed for tenant: demo  
[2025-12-12 21:59:31] local.INFO: Attempting to resolve tenant for domain: demo.localhost  
[2025-12-12 21:59:31] local.INFO: Tenant initialized successfully: demo  
[2025-12-12 21:59:31] local.INFO: Database bootstrapper completed for tenant: demo  
[2025-12-12 21:59:37] local.INFO: Attempting to resolve tenant for domain: demo.localhost  
[2025-12-12 21:59:37] local.INFO: Tenant initialized successfully: demo  
[2025-12-12 21:59:37] local.INFO: Database bootstrapper completed for tenant: demo  
[2025-12-12 21:59:38] local.INFO: Attempting to resolve tenant for domain: demo.localhost  
[2025-12-12 21:59:38] local.INFO: Tenant initialized successfully: demo  
[2025-12-12 21:59:38] local.INFO: Database bootstrapper completed for tenant: demo  
[2025-12-12 22:00:39] local.INFO: Attempting to resolve tenant for domain: demo.localhost  
[2025-12-12 22:00:39] local.INFO: Tenant initialized successfully: demo  
[2025-12-12 22:00:39] local.INFO: Database bootstrapper completed for tenant: demo  
[2025-12-12 22:00:39] local.INFO: Attempting to resolve tenant for domain: demo.localhost  
[2025-12-12 22:00:39] local.INFO: Tenant initialized successfully: demo  
[2025-12-12 22:00:39] local.INFO: Database bootstrapper completed for tenant: demo  
[2025-12-12 22:00:41] local.INFO: Attempting to resolve tenant for domain: demo.localhost  
[2025-12-12 22:00:41] local.INFO: Tenant initialized successfully: demo  
[2025-12-12 22:00:41] local.INFO: Database bootstrapper completed for tenant: demo  
[2025-12-12 22:00:43] local.INFO: Attempting to resolve tenant for domain: demo.localhost  
[2025-12-12 22:00:43] local.INFO: Tenant initialized successfully: demo  
[2025-12-12 22:00:43] local.INFO: Database bootstrapper completed for tenant: demo  
[2025-12-12 22:00:44] local.INFO: Attempting to resolve tenant for domain: demo.localhost  
[2025-12-12 22:00:44] local.INFO: Tenant initialized successfully: demo  
[2025-12-12 22:00:44] local.INFO: Database bootstrapper completed for tenant: demo  
[2025-12-12 22:00:45] local.INFO: Attempting to resolve tenant for domain: demo.localhost  
[2025-12-12 22:00:45] local.INFO: Tenant initialized successfully: demo  
[2025-12-12 22:00:45] local.INFO: Database bootstrapper completed for tenant: demo  
[2025-12-12 22:00:46] local.INFO: Attempting to resolve tenant for domain: demo.localhost  
[2025-12-12 22:00:46] local.INFO: Tenant initialized successfully: demo  
[2025-12-12 22:00:46] local.INFO: Database bootstrapper completed for tenant: demo  
[2025-12-12 22:00:47] local.INFO: Attempting to resolve tenant for domain: demo.localhost  
[2025-12-12 22:00:47] local.INFO: Tenant initialized successfully: demo  
[2025-12-12 22:00:47] local.INFO: Database bootstrapper completed for tenant: demo  
[2025-12-12 22:00:48] local.INFO: Attempting to resolve tenant for domain: demo.localhost  
[2025-12-12 22:00:48] local.INFO: Tenant initialized successfully: demo  
[2025-12-12 22:00:48] local.INFO: Database bootstrapper completed for tenant: demo  
[2025-12-12 22:00:52] local.INFO: Attempting to resolve tenant for domain: demo.localhost  
[2025-12-12 22:00:52] local.INFO: Tenant initialized successfully: demo  
[2025-12-12 22:00:52] local.INFO: Database bootstrapper completed for tenant: demo  
[2025-12-12 22:00:53] local.INFO: Attempting to resolve tenant for domain: demo.localhost  
[2025-12-12 22:00:53] local.INFO: Tenant initialized successfully: demo  
[2025-12-12 22:00:53] local.INFO: Database bootstrapper completed for tenant: demo  
[2025-12-12 22:01:34] local.INFO: Attempting to resolve tenant for domain: demo.localhost  
[2025-12-12 22:01:34] local.INFO: Tenant initialized successfully: demo  
[2025-12-12 22:01:34] local.INFO: Database bootstrapper completed for tenant: demo  
[2025-12-12 22:01:41] local.INFO: Attempting to resolve tenant for domain: demo.localhost  
[2025-12-12 22:01:41] local.INFO: Tenant initialized successfully: demo  
[2025-12-12 22:01:41] local.INFO: Database bootstrapper completed for tenant: demo  
[2025-12-12 22:01:45] local.INFO: Attempting to resolve tenant for domain: demo.localhost  
[2025-12-12 22:01:45] local.INFO: Tenant initialized successfully: demo  
[2025-12-12 22:01:45] local.INFO: Database bootstrapper completed for tenant: demo  
[2025-12-12 22:01:53] local.INFO: Attempting to resolve tenant for domain: demo.localhost  
[2025-12-12 22:01:53] local.INFO: Tenant initialized successfully: demo  
[2025-12-12 22:01:53] local.INFO: Database bootstrapper completed for tenant: demo  
[2025-12-12 22:02:06] local.INFO: Attempting to resolve tenant for domain: demo.localhost  
[2025-12-12 22:02:06] local.INFO: Tenant initialized successfully: demo  
[2025-12-12 22:02:06] local.INFO: Database bootstrapper completed for tenant: demo  
[2025-12-12 22:02:06] local.INFO: Attempting to resolve tenant for domain: demo.localhost  
[2025-12-12 22:02:06] local.INFO: Tenant initialized successfully: demo  
[2025-12-12 22:02:06] local.INFO: Database bootstrapper completed for tenant: demo  
[2025-12-12 22:02:07] local.INFO: Attempting to resolve tenant for domain: demo.localhost  
[2025-12-12 22:02:07] local.INFO: Tenant initialized successfully: demo  
[2025-12-12 22:02:07] local.INFO: Database bootstrapper completed for tenant: demo  
[2025-12-12 22:02:37] local.INFO: Attempting to resolve tenant for domain: demo.localhost  
[2025-12-12 22:02:37] local.INFO: Tenant initialized successfully: demo  
[2025-12-12 22:02:37] local.INFO: Database bootstrapper completed for tenant: demo  
[2025-12-12 22:02:43] local.INFO: Attempting to resolve tenant for domain: demo.localhost  
[2025-12-12 22:02:43] local.INFO: Tenant initialized successfully: demo  
[2025-12-12 22:02:43] local.INFO: Database bootstrapper completed for tenant: demo  
[2025-12-12 22:02:54] local.INFO: Attempting to resolve tenant for domain: demo.localhost  
[2025-12-12 22:02:54] local.INFO: Tenant initialized successfully: demo  
[2025-12-12 22:02:54] local.INFO: Database bootstrapper completed for tenant: demo  
[2025-12-12 22:02:57] local.INFO: Attempting to resolve tenant for domain: demo.localhost  
[2025-12-12 22:02:57] local.INFO: Tenant initialized successfully: demo  
[2025-12-12 22:02:57] local.INFO: Database bootstrapper completed for tenant: demo  
[2025-12-12 22:02:58] local.INFO: Attempting to resolve tenant for domain: demo.localhost  
[2025-12-12 22:02:58] local.INFO: Tenant initialized successfully: demo  
[2025-12-12 22:02:58] local.INFO: Database bootstrapper completed for tenant: demo  
[2025-12-12 22:03:00] local.INFO: Attempting to resolve tenant for domain: demo.localhost  
[2025-12-12 22:03:00] local.INFO: Tenant initialized successfully: demo  
[2025-12-12 22:03:00] local.INFO: Database bootstrapper completed for tenant: demo  
[2025-12-12 22:03:02] local.INFO: Attempting to resolve tenant for domain: demo.localhost  
[2025-12-12 22:03:02] local.INFO: Tenant initialized successfully: demo  
[2025-12-12 22:03:02] local.INFO: Database bootstrapper completed for tenant: demo  
[2025-12-12 22:03:02] local.INFO: Attempting to resolve tenant for domain: demo.localhost  
[2025-12-12 22:03:02] local.INFO: Tenant initialized successfully: demo  
[2025-12-12 22:03:02] local.INFO: Database bootstrapper completed for tenant: demo  
[2025-12-12 22:03:23] local.INFO: Attempting to resolve tenant for domain: demo.localhost  
[2025-12-12 22:03:23] local.INFO: Tenant initialized successfully: demo  
[2025-12-12 22:03:23] local.INFO: Database bootstrapper completed for tenant: demo  
[2025-12-12 22:03:27] local.INFO: Attempting to resolve tenant for domain: demo.localhost  
[2025-12-12 22:03:27] local.INFO: Tenant initialized successfully: demo  
[2025-12-12 22:03:27] local.INFO: Database bootstrapper completed for tenant: demo  
[2025-12-12 22:03:28] local.INFO: Attempting to resolve tenant for domain: demo.localhost  
[2025-12-12 22:03:28] local.INFO: Tenant initialized successfully: demo  
[2025-12-12 22:03:28] local.INFO: Database bootstrapper completed for tenant: demo  
[2025-12-12 22:03:31] local.INFO: Attempting to resolve tenant for domain: demo.localhost  
[2025-12-12 22:03:31] local.INFO: Tenant initialized successfully: demo  
[2025-12-12 22:03:31] local.INFO: Database bootstrapper completed for tenant: demo  
[2025-12-12 22:03:34] local.INFO: Attempting to resolve tenant for domain: demo.localhost  
[2025-12-12 22:03:34] local.INFO: Tenant initialized successfully: demo  
[2025-12-12 22:03:34] local.INFO: Database bootstrapper completed for tenant: demo  
[2025-12-12 22:03:45] local.INFO: Attempting to resolve tenant for domain: demo.localhost  
[2025-12-12 22:03:45] local.INFO: Tenant initialized successfully: demo  
[2025-12-12 22:03:45] local.INFO: Database bootstrapper completed for tenant: demo  
[2025-12-12 22:03:49] local.INFO: Attempting to resolve tenant for domain: demo.localhost  
[2025-12-12 22:03:49] local.INFO: Tenant initialized successfully: demo  
[2025-12-12 22:03:49] local.INFO: Database bootstrapper completed for tenant: demo  
[2025-12-12 22:04:32] local.INFO: Attempting to resolve tenant for domain: demo.localhost  
[2025-12-12 22:04:32] local.INFO: Tenant initialized successfully: demo  
[2025-12-12 22:04:32] local.INFO: Database bootstrapper completed for tenant: demo  
[2025-12-12 22:04:40] local.INFO: Attempting to resolve tenant for domain: demo.localhost  
[2025-12-12 22:04:40] local.INFO: Tenant initialized successfully: demo  
[2025-12-12 22:04:40] local.INFO: Database bootstrapper completed for tenant: demo  
[2025-12-12 22:05:05] local.INFO: Attempting to resolve tenant for domain: demo.localhost  
[2025-12-12 22:05:05] local.INFO: Tenant initialized successfully: demo  
[2025-12-12 22:05:05] local.INFO: Database bootstrapper completed for tenant: demo  
[2025-12-12 22:05:06] local.INFO: Attempting to resolve tenant for domain: demo.localhost  
[2025-12-12 22:05:06] local.INFO: Tenant initialized successfully: demo  
[2025-12-12 22:05:06] local.INFO: Database bootstrapper completed for tenant: demo  
[2025-12-12 22:05:08] local.INFO: Attempting to resolve tenant for domain: demo.localhost  
[2025-12-12 22:05:08] local.INFO: Tenant initialized successfully: demo  
[2025-12-12 22:05:08] local.INFO: Database bootstrapper completed for tenant: demo  
[2025-12-12 22:05:10] local.INFO: Attempting to resolve tenant for domain: demo.localhost  
[2025-12-12 22:05:10] local.INFO: Tenant initialized successfully: demo  
[2025-12-12 22:05:10] local.INFO: Database bootstrapper completed for tenant: demo  
[2025-12-12 22:05:13] local.INFO: Attempting to resolve tenant for domain: demo.localhost  
[2025-12-12 22:05:13] local.INFO: Tenant initialized successfully: demo  
[2025-12-12 22:05:13] local.INFO: Database bootstrapper completed for tenant: demo  
[2025-12-12 22:05:17] local.INFO: Attempting to resolve tenant for domain: demo.localhost  
[2025-12-12 22:05:17] local.INFO: Tenant initialized successfully: demo  
[2025-12-12 22:05:17] local.INFO: Database bootstrapper completed for tenant: demo  
[2025-12-12 22:05:26] local.INFO: Attempting to resolve tenant for domain: demo.localhost  
[2025-12-12 22:05:26] local.INFO: Tenant initialized successfully: demo  
[2025-12-12 22:05:26] local.INFO: Database bootstrapper completed for tenant: demo  
[2025-12-12 22:05:35] local.INFO: Attempting to resolve tenant for domain: demo.localhost  
[2025-12-12 22:05:35] local.INFO: Tenant initialized successfully: demo  
[2025-12-12 22:05:35] local.INFO: Database bootstrapper completed for tenant: demo  
[2025-12-12 22:05:36] local.INFO: Attempting to resolve tenant for domain: demo.localhost  
[2025-12-12 22:05:36] local.INFO: Tenant initialized successfully: demo  
[2025-12-12 22:05:36] local.INFO: Database bootstrapper completed for tenant: demo  
[2025-12-12 22:05:38] local.INFO: Attempting to resolve tenant for domain: demo.localhost  
[2025-12-12 22:05:38] local.INFO: Tenant initialized successfully: demo  
[2025-12-12 22:05:38] local.INFO: Database bootstrapper completed for tenant: demo  
[2025-12-12 22:05:55] local.INFO: Attempting to resolve tenant for domain: demo.localhost  
[2025-12-12 22:05:55] local.INFO: Tenant initialized successfully: demo  
[2025-12-12 22:05:55] local.INFO: Database bootstrapper completed for tenant: demo  
[2025-12-12 22:05:57] local.INFO: Attempting to resolve tenant for domain: demo.localhost  
[2025-12-12 22:05:57] local.INFO: Tenant initialized successfully: demo  
[2025-12-12 22:05:57] local.INFO: Database bootstrapper completed for tenant: demo  
[2025-12-12 22:05:58] local.INFO: Attempting to resolve tenant for domain: demo.localhost  
[2025-12-12 22:05:58] local.INFO: Tenant initialized successfully: demo  
[2025-12-12 22:05:58] local.INFO: Database bootstrapper completed for tenant: demo  
[2025-12-12 22:05:59] local.INFO: Attempting to resolve tenant for domain: demo.localhost  
[2025-12-12 22:05:59] local.INFO: Tenant initialized successfully: demo  
[2025-12-12 22:05:59] local.INFO: Database bootstrapper completed for tenant: demo  
[2025-12-12 22:05:59] local.INFO: Attempting to resolve tenant for domain: demo.localhost  
[2025-12-12 22:05:59] local.INFO: Tenant initialized successfully: demo  
[2025-12-12 22:05:59] local.INFO: Database bootstrapper completed for tenant: demo  
[2025-12-12 22:06:01] local.INFO: Attempting to resolve tenant for domain: demo.localhost  
[2025-12-12 22:06:01] local.INFO: Tenant initialized successfully: demo  
[2025-12-12 22:06:01] local.INFO: Database bootstrapper completed for tenant: demo  
[2025-12-12 22:06:02] local.INFO: Attempting to resolve tenant for domain: demo.localhost  
[2025-12-12 22:06:02] local.INFO: Tenant initialized successfully: demo  
[2025-12-12 22:06:02] local.INFO: Database bootstrapper completed for tenant: demo  
[2025-12-12 22:06:02] local.INFO: Attempting to resolve tenant for domain: demo.localhost  
[2025-12-12 22:06:02] local.INFO: Tenant initialized successfully: demo  
[2025-12-12 22:06:02] local.INFO: Database bootstrapper completed for tenant: demo  
[2025-12-12 22:06:10] local.INFO: Attempting to resolve tenant for domain: demo.localhost  
[2025-12-12 22:06:10] local.INFO: Tenant initialized successfully: demo  
[2025-12-12 22:06:10] local.INFO: Database bootstrapper completed for tenant: demo  
[2025-12-12 22:06:11] local.INFO: Attempting to resolve tenant for domain: demo.localhost  
[2025-12-12 22:06:11] local.INFO: Tenant initialized successfully: demo  
[2025-12-12 22:06:11] local.INFO: Database bootstrapper completed for tenant: demo  
[2025-12-12 22:06:11] local.INFO: Attempting to resolve tenant for domain: demo.localhost  
[2025-12-12 22:06:11] local.INFO: Tenant initialized successfully: demo  
[2025-12-12 22:06:11] local.INFO: Database bootstrapper completed for tenant: demo  
[2025-12-12 22:08:20] local.INFO: Attempting to resolve tenant for domain: demo.localhost  
[2025-12-12 22:08:20] local.INFO: Tenant initialized successfully: demo  
[2025-12-12 22:08:20] local.INFO: Database bootstrapper completed for tenant: demo  
[2025-12-12 22:08:44] local.INFO: Attempting to resolve tenant for domain: demo.localhost  
[2025-12-12 22:08:44] local.INFO: Tenant initialized successfully: demo  
[2025-12-12 22:08:44] local.INFO: Database bootstrapper completed for tenant: demo  
[2025-12-12 22:08:49] local.INFO: Attempting to resolve tenant for domain: demo.localhost  
[2025-12-12 22:08:49] local.INFO: Tenant initialized successfully: demo  
[2025-12-12 22:08:49] local.INFO: Database bootstrapper completed for tenant: demo  
[2025-12-12 22:08:51] local.INFO: Attempting to resolve tenant for domain: demo.localhost  
[2025-12-12 22:08:51] local.INFO: Tenant initialized successfully: demo  
[2025-12-12 22:08:51] local.INFO: Database bootstrapper completed for tenant: demo  
[2025-12-12 22:08:52] local.INFO: Attempting to resolve tenant for domain: demo.localhost  
[2025-12-12 22:08:52] local.INFO: Tenant initialized successfully: demo  
[2025-12-12 22:08:52] local.INFO: Database bootstrapper completed for tenant: demo  
[2025-12-12 22:09:03] local.INFO: Attempting to resolve tenant for domain: demo.localhost  
[2025-12-12 22:09:03] local.INFO: Tenant initialized successfully: demo  
[2025-12-12 22:09:03] local.INFO: Database bootstrapper completed for tenant: demo  
[2025-12-12 22:09:04] local.INFO: Attempting to resolve tenant for domain: demo.localhost  
[2025-12-12 22:09:04] local.INFO: Tenant initialized successfully: demo  
[2025-12-12 22:09:04] local.INFO: Database bootstrapper completed for tenant: demo  
[2025-12-12 22:09:05] local.INFO: Attempting to resolve tenant for domain: demo.localhost  
[2025-12-12 22:09:05] local.INFO: Tenant initialized successfully: demo  
[2025-12-12 22:09:05] local.INFO: Database bootstrapper completed for tenant: demo  
[2025-12-12 22:09:05] local.INFO: Attempting to resolve tenant for domain: demo.localhost  
[2025-12-12 22:09:05] local.INFO: Tenant initialized successfully: demo  
[2025-12-12 22:09:05] local.INFO: Database bootstrapper completed for tenant: demo  
[2025-12-12 22:09:05] local.ERROR: SQLSTATE[42883]: Undefined function: 7 ERROR:  could not identify an equality operator for type json
LINE 1: ...at" between $3 and $4 group by "menu_items"."id", "menu_item...
                                                             ^ (Connection: tenant, SQL: select "menu_items"."id", "menu_items"."name", SUM(order_items.quantity) as total_quantity from "order_items" inner join "orders" on "order_items"."order_id" = "orders"."id" inner join "menu_items" on "order_items"."menu_item_id" = "menu_items"."id" where "orders"."restaurant_id" = 1 and "orders"."status" != deleted and "orders"."created_at" between 2025-12-05 00:00:00 and 2025-12-12 23:59:59 group by "menu_items"."id", "menu_items"."name" order by "total_quantity" desc limit 5) {"userId":1,"exception":"[object] (Illuminate\\Database\\QueryException(code: 42883): SQLSTATE[42883]: Undefined function: 7 ERROR:  could not identify an equality operator for type json
LINE 1: ...at\" between $3 and $4 group by \"menu_items\".\"id\", \"menu_item...
                                                             ^ (Connection: tenant, SQL: select \"menu_items\".\"id\", \"menu_items\".\"name\", SUM(order_items.quantity) as total_quantity from \"order_items\" inner join \"orders\" on \"order_items\".\"order_id\" = \"orders\".\"id\" inner join \"menu_items\" on \"order_items\".\"menu_item_id\" = \"menu_items\".\"id\" where \"orders\".\"restaurant_id\" = 1 and \"orders\".\"status\" != deleted and \"orders\".\"created_at\" between 2025-12-05 00:00:00 and 2025-12-12 23:59:59 group by \"menu_items\".\"id\", \"menu_items\".\"name\" order by \"total_quantity\" desc limit 5) at /Users/ahmadmhala/Downloads/RestoFy-main/vendor/laravel/framework/src/Illuminate/Database/Connection.php:825)
[stacktrace]
#0 /Users/ahmadmhala/Downloads/RestoFy-main/vendor/laravel/framework/src/Illuminate/Database/Connection.php(779): Illuminate\\Database\\Connection->runQueryCallback('select \"menu_it...', Array, Object(Closure))
#1 /Users/ahmadmhala/Downloads/RestoFy-main/vendor/laravel/framework/src/Illuminate/Database/Connection.php(398): Illuminate\\Database\\Connection->run('select \"menu_it...', Array, Object(Closure))
#2 /Users/ahmadmhala/Downloads/RestoFy-main/vendor/laravel/framework/src/Illuminate/Database/Query/Builder.php(3106): Illuminate\\Database\\Connection->select('select \"menu_it...', Array, true)
#3 /Users/ahmadmhala/Downloads/RestoFy-main/vendor/laravel/framework/src/Illuminate/Database/Query/Builder.php(3091): Illuminate\\Database\\Query\\Builder->runSelect()
#4 /Users/ahmadmhala/Downloads/RestoFy-main/vendor/laravel/framework/src/Illuminate/Database/Query/Builder.php(3676): Illuminate\\Database\\Query\\Builder->{closure:Illuminate\\Database\\Query\\Builder::get():3090}()
#5 /Users/ahmadmhala/Downloads/RestoFy-main/vendor/laravel/framework/src/Illuminate/Database/Query/Builder.php(3090): Illuminate\\Database\\Query\\Builder->onceWithColumns(Array, Object(Closure))
#6 /Users/ahmadmhala/Downloads/RestoFy-main/app/Http/Controllers/Tenant/DashboardController.php(130): Illuminate\\Database\\Query\\Builder->get()
#7 /Users/ahmadmhala/Downloads/RestoFy-main/vendor/laravel/framework/src/Illuminate/Routing/ControllerDispatcher.php(47): App\\Http\\Controllers\\Tenant\\DashboardController->index(Object(Illuminate\\Http\\Request))
#8 /Users/ahmadmhala/Downloads/RestoFy-main/vendor/laravel/framework/src/Illuminate/Routing/Route.php(266): Illuminate\\Routing\\ControllerDispatcher->dispatch(Object(Illuminate\\Routing\\Route), Object(App\\Http\\Controllers\\Tenant\\DashboardController), 'index')
#9 /Users/ahmadmhala/Downloads/RestoFy-main/vendor/laravel/framework/src/Illuminate/Routing/Route.php(212): Illuminate\\Routing\\Route->runController()
#10 /Users/ahmadmhala/Downloads/RestoFy-main/vendor/laravel/framework/src/Illuminate/Routing/Router.php(808): Illuminate\\Routing\\Route->run()
#11 /Users/ahmadmhala/Downloads/RestoFy-main/vendor/laravel/framework/src/Illuminate/Pipeline/Pipeline.php(170): Illuminate\\Routing\\Router->{closure:Illuminate\\Routing\\Router::runRouteWithinStack():807}(Object(Illuminate\\Http\\Request))
#12 /Users/ahmadmhala/Downloads/RestoFy-main/vendor/stancl/tenancy/src/Middleware/PreventAccessFromCentralDomains.php(29): Illuminate\\Pipeline\\Pipeline->{closure:Illuminate\\Pipeline\\Pipeline::prepareDestination():168}(Object(Illuminate\\Http\\Request))
#13 /Users/ahmadmhala/Downloads/RestoFy-main/vendor/laravel/framework/src/Illuminate/Pipeline/Pipeline.php(209): Stancl\\Tenancy\\Middleware\\PreventAccessFromCentralDomains->handle(Object(Illuminate\\Http\\Request), Object(Closure))
#14 /Users/ahmadmhala/Downloads/RestoFy-main/vendor/mcamara/laravel-localization/src/Mcamara/LaravelLocalization/Middleware/LaravelLocalizationViewPath.php(33): Illuminate\\Pipeline\\Pipeline->{closure:{closure:Illuminate\\Pipeline\\Pipeline::carry():184}:185}(Object(Illuminate\\Http\\Request))
#15 /Users/ahmadmhala/Downloads/RestoFy-main/vendor/laravel/framework/src/Illuminate/Pipeline/Pipeline.php(209): Mcamara\\LaravelLocalization\\Middleware\\LaravelLocalizationViewPath->handle(Object(Illuminate\\Http\\Request), Object(Closure))
#16 /Users/ahmadmhala/Downloads/RestoFy-main/vendor/mcamara/laravel-localization/src/Mcamara/LaravelLocalization/Middleware/LaravelLocalizationRedirectFilter.php(45): Illuminate\\Pipeline\\Pipeline->{closure:{closure:Illuminate\\Pipeline\\Pipeline::carry():184}:185}(Object(Illuminate\\Http\\Request))
#17 /Users/ahmadmhala/Downloads/RestoFy-main/vendor/laravel/framework/src/Illuminate/Pipeline/Pipeline.php(209): Mcamara\\LaravelLocalization\\Middleware\\LaravelLocalizationRedirectFilter->handle(Object(Illuminate\\Http\\Request), Object(Closure))
#18 /Users/ahmadmhala/Downloads/RestoFy-main/vendor/mcamara/laravel-localization/src/Mcamara/LaravelLocalization/Middleware/LocaleSessionRedirect.php(32): Illuminate\\Pipeline\\Pipeline->{closure:{closure:Illuminate\\Pipeline\\Pipeline::carry():184}:185}(Object(Illuminate\\Http\\Request))
#19 /Users/ahmadmhala/Downloads/RestoFy-main/vendor/laravel/framework/src/Illuminate/Pipeline/Pipeline.php(209): Mcamara\\LaravelLocalization\\Middleware\\LocaleSessionRedirect->handle(Object(Illuminate\\Http\\Request), Object(Closure))
#20 /Users/ahmadmhala/Downloads/RestoFy-main/vendor/laravel/framework/src/Illuminate/Routing/Middleware/SubstituteBindings.php(51): Illuminate\\Pipeline\\Pipeline->{closure:{closure:Illuminate\\Pipeline\\Pipeline::carry():184}:185}(Object(Illuminate\\Http\\Request))
#21 /Users/ahmadmhala/Downloads/RestoFy-main/vendor/laravel/framework/src/Illuminate/Pipeline/Pipeline.php(209): Illuminate\\Routing\\Middleware\\SubstituteBindings->handle(Object(Illuminate\\Http\\Request), Object(Closure))
#22 /Users/ahmadmhala/Downloads/RestoFy-main/vendor/laravel/framework/src/Illuminate/Auth/Middleware/Authenticate.php(64): Illuminate\\Pipeline\\Pipeline->{closure:{closure:Illuminate\\Pipeline\\Pipeline::carry():184}:185}(Object(Illuminate\\Http\\Request))
#23 /Users/ahmadmhala/Downloads/RestoFy-main/vendor/laravel/framework/src/Illuminate/Pipeline/Pipeline.php(209): Illuminate\\Auth\\Middleware\\Authenticate->handle(Object(Illuminate\\Http\\Request), Object(Closure))
#24 /Users/ahmadmhala/Downloads/RestoFy-main/vendor/laravel/framework/src/Illuminate/Foundation/Http/Middleware/VerifyCsrfToken.php(88): Illuminate\\Pipeline\\Pipeline->{closure:{closure:Illuminate\\Pipeline\\Pipeline::carry():184}:185}(Object(Illuminate\\Http\\Request))
#25 /Users/ahmadmhala/Downloads/RestoFy-main/vendor/laravel/framework/src/Illuminate/Pipeline/Pipeline.php(209): Illuminate\\Foundation\\Http\\Middleware\\VerifyCsrfToken->handle(Object(Illuminate\\Http\\Request), Object(Closure))
#26 /Users/ahmadmhala/Downloads/RestoFy-main/vendor/laravel/framework/src/Illuminate/View/Middleware/ShareErrorsFromSession.php(49): Illuminate\\Pipeline\\Pipeline->{closure:{closure:Illuminate\\Pipeline\\Pipeline::carry():184}:185}(Object(Illuminate\\Http\\Request))
#27 /Users/ahmadmhala/Downloads/RestoFy-main/vendor/laravel/framework/src/Illuminate/Pipeline/Pipeline.php(209): Illuminate\\View\\Middleware\\ShareErrorsFromSession->handle(Object(Illuminate\\Http\\Request), Object(Closure))
#28 /Users/ahmadmhala/Downloads/RestoFy-main/vendor/laravel/framework/src/Illuminate/Session/Middleware/StartSession.php(121): Illuminate\\Pipeline\\Pipeline->{closure:{closure:Illuminate\\Pipeline\\Pipeline::carry():184}:185}(Object(Illuminate\\Http\\Request))
#29 /Users/ahmadmhala/Downloads/RestoFy-main/vendor/laravel/framework/src/Illuminate/Session/Middleware/StartSession.php(64): Illuminate\\Session\\Middleware\\StartSession->handleStatefulRequest(Object(Illuminate\\Http\\Request), Object(Illuminate\\Session\\Store), Object(Closure))
#30 /Users/ahmadmhala/Downloads/RestoFy-main/vendor/laravel/framework/src/Illuminate/Pipeline/Pipeline.php(209): Illuminate\\Session\\Middleware\\StartSession->handle(Object(Illuminate\\Http\\Request), Object(Closure))
#31 /Users/ahmadmhala/Downloads/RestoFy-main/vendor/laravel/framework/src/Illuminate/Cookie/Middleware/AddQueuedCookiesToResponse.php(37): Illuminate\\Pipeline\\Pipeline->{closure:{closure:Illuminate\\Pipeline\\Pipeline::carry():184}:185}(Object(Illuminate\\Http\\Request))
#32 /Users/ahmadmhala/Downloads/RestoFy-main/vendor/laravel/framework/src/Illuminate/Pipeline/Pipeline.php(209): Illuminate\\Cookie\\Middleware\\AddQueuedCookiesToResponse->handle(Object(Illuminate\\Http\\Request), Object(Closure))
#33 /Users/ahmadmhala/Downloads/RestoFy-main/vendor/laravel/framework/src/Illuminate/Cookie/Middleware/EncryptCookies.php(75): Illuminate\\Pipeline\\Pipeline->{closure:{closure:Illuminate\\Pipeline\\Pipeline::carry():184}:185}(Object(Illuminate\\Http\\Request))
#34 /Users/ahmadmhala/Downloads/RestoFy-main/vendor/laravel/framework/src/Illuminate/Pipeline/Pipeline.php(209): Illuminate\\Cookie\\Middleware\\EncryptCookies->handle(Object(Illuminate\\Http\\Request), Object(Closure))
#35 /Users/ahmadmhala/Downloads/RestoFy-main/app/Http/Middleware/InitializeTenancyByDomainOrFail.php(52): Illuminate\\Pipeline\\Pipeline->{closure:{closure:Illuminate\\Pipeline\\Pipeline::carry():184}:185}(Object(Illuminate\\Http\\Request))
#36 /Users/ahmadmhala/Downloads/RestoFy-main/vendor/laravel/framework/src/Illuminate/Pipeline/Pipeline.php(209): App\\Http\\Middleware\\InitializeTenancyByDomainOrFail->handle(Object(Illuminate\\Http\\Request), Object(Closure))
#37 /Users/ahmadmhala/Downloads/RestoFy-main/vendor/laravel/framework/src/Illuminate/Pipeline/Pipeline.php(127): Illuminate\\Pipeline\\Pipeline->{closure:{closure:Illuminate\\Pipeline\\Pipeline::carry():184}:185}(Object(Illuminate\\Http\\Request))
#38 /Users/ahmadmhala/Downloads/RestoFy-main/vendor/laravel/framework/src/Illuminate/Routing/Router.php(807): Illuminate\\Pipeline\\Pipeline->then(Object(Closure))
#39 /Users/ahmadmhala/Downloads/RestoFy-main/vendor/laravel/framework/src/Illuminate/Routing/Router.php(786): Illuminate\\Routing\\Router->runRouteWithinStack(Object(Illuminate\\Routing\\Route), Object(Illuminate\\Http\\Request))
#40 /Users/ahmadmhala/Downloads/RestoFy-main/vendor/laravel/framework/src/Illuminate/Routing/Router.php(750): Illuminate\\Routing\\Router->runRoute(Object(Illuminate\\Http\\Request), Object(Illuminate\\Routing\\Route))
#41 /Users/ahmadmhala/Downloads/RestoFy-main/vendor/laravel/framework/src/Illuminate/Routing/Router.php(739): Illuminate\\Routing\\Router->dispatchToRoute(Object(Illuminate\\Http\\Request))
#42 /Users/ahmadmhala/Downloads/RestoFy-main/vendor/laravel/framework/src/Illuminate/Foundation/Http/Kernel.php(201): Illuminate\\Routing\\Router->dispatch(Object(Illuminate\\Http\\Request))
#43 /Users/ahmadmhala/Downloads/RestoFy-main/vendor/laravel/framework/src/Illuminate/Pipeline/Pipeline.php(170): Illuminate\\Foundation\\Http\\Kernel->{closure:Illuminate\\Foundation\\Http\\Kernel::dispatchToRouter():198}(Object(Illuminate\\Http\\Request))
#44 /Users/ahmadmhala/Downloads/RestoFy-main/vendor/laravel/framework/src/Illuminate/Foundation/Http/Middleware/TransformsRequest.php(21): Illuminate\\Pipeline\\Pipeline->{closure:Illuminate\\Pipeline\\Pipeline::prepareDestination():168}(Object(Illuminate\\Http\\Request))
#45 /Users/ahmadmhala/Downloads/RestoFy-main/vendor/laravel/framework/src/Illuminate/Foundation/Http/Middleware/ConvertEmptyStringsToNull.php(31): Illuminate\\Foundation\\Http\\Middleware\\TransformsRequest->handle(Object(Illuminate\\Http\\Request), Object(Closure))
#46 /Users/ahmadmhala/Downloads/RestoFy-main/vendor/laravel/framework/src/Illuminate/Pipeline/Pipeline.php(209): Illuminate\\Foundation\\Http\\Middleware\\ConvertEmptyStringsToNull->handle(Object(Illuminate\\Http\\Request), Object(Closure))
#47 /Users/ahmadmhala/Downloads/RestoFy-main/vendor/laravel/framework/src/Illuminate/Foundation/Http/Middleware/TransformsRequest.php(21): Illuminate\\Pipeline\\Pipeline->{closure:{closure:Illuminate\\Pipeline\\Pipeline::carry():184}:185}(Object(Illuminate\\Http\\Request))
#48 /Users/ahmadmhala/Downloads/RestoFy-main/vendor/laravel/framework/src/Illuminate/Foundation/Http/Middleware/TrimStrings.php(51): Illuminate\\Foundation\\Http\\Middleware\\TransformsRequest->handle(Object(Illuminate\\Http\\Request), Object(Closure))
#49 /Users/ahmadmhala/Downloads/RestoFy-main/vendor/laravel/framework/src/Illuminate/Pipeline/Pipeline.php(209): Illuminate\\Foundation\\Http\\Middleware\\TrimStrings->handle(Object(Illuminate\\Http\\Request), Object(Closure))
#50 /Users/ahmadmhala/Downloads/RestoFy-main/vendor/laravel/framework/src/Illuminate/Http/Middleware/ValidatePostSize.php(27): Illuminate\\Pipeline\\Pipeline->{closure:{closure:Illuminate\\Pipeline\\Pipeline::carry():184}:185}(Object(Illuminate\\Http\\Request))
#51 /Users/ahmadmhala/Downloads/RestoFy-main/vendor/laravel/framework/src/Illuminate/Pipeline/Pipeline.php(209): Illuminate\\Http\\Middleware\\ValidatePostSize->handle(Object(Illuminate\\Http\\Request), Object(Closure))
#52 /Users/ahmadmhala/Downloads/RestoFy-main/vendor/laravel/framework/src/Illuminate/Foundation/Http/Middleware/PreventRequestsDuringMaintenance.php(110): Illuminate\\Pipeline\\Pipeline->{closure:{closure:Illuminate\\Pipeline\\Pipeline::carry():184}:185}(Object(Illuminate\\Http\\Request))
#53 /Users/ahmadmhala/Downloads/RestoFy-main/vendor/laravel/framework/src/Illuminate/Pipeline/Pipeline.php(209): Illuminate\\Foundation\\Http\\Middleware\\PreventRequestsDuringMaintenance->handle(Object(Illuminate\\Http\\Request), Object(Closure))
#54 /Users/ahmadmhala/Downloads/RestoFy-main/vendor/laravel/framework/src/Illuminate/Http/Middleware/HandleCors.php(49): Illuminate\\Pipeline\\Pipeline->{closure:{closure:Illuminate\\Pipeline\\Pipeline::carry():184}:185}(Object(Illuminate\\Http\\Request))
#55 /Users/ahmadmhala/Downloads/RestoFy-main/vendor/laravel/framework/src/Illuminate/Pipeline/Pipeline.php(209): Illuminate\\Http\\Middleware\\HandleCors->handle(Object(Illuminate\\Http\\Request), Object(Closure))
#56 /Users/ahmadmhala/Downloads/RestoFy-main/vendor/laravel/framework/src/Illuminate/Http/Middleware/TrustProxies.php(58): Illuminate\\Pipeline\\Pipeline->{closure:{closure:Illuminate\\Pipeline\\Pipeline::carry():184}:185}(Object(Illuminate\\Http\\Request))
#57 /Users/ahmadmhala/Downloads/RestoFy-main/vendor/laravel/framework/src/Illuminate/Pipeline/Pipeline.php(209): Illuminate\\Http\\Middleware\\TrustProxies->handle(Object(Illuminate\\Http\\Request), Object(Closure))
#58 /Users/ahmadmhala/Downloads/RestoFy-main/vendor/laravel/framework/src/Illuminate/Foundation/Http/Middleware/InvokeDeferredCallbacks.php(22): Illuminate\\Pipeline\\Pipeline->{closure:{closure:Illuminate\\Pipeline\\Pipeline::carry():184}:185}(Object(Illuminate\\Http\\Request))
#59 /Users/ahmadmhala/Downloads/RestoFy-main/vendor/laravel/framework/src/Illuminate/Pipeline/Pipeline.php(209): Illuminate\\Foundation\\Http\\Middleware\\InvokeDeferredCallbacks->handle(Object(Illuminate\\Http\\Request), Object(Closure))
#60 /Users/ahmadmhala/Downloads/RestoFy-main/vendor/laravel/framework/src/Illuminate/Pipeline/Pipeline.php(127): Illuminate\\Pipeline\\Pipeline->{closure:{closure:Illuminate\\Pipeline\\Pipeline::carry():184}:185}(Object(Illuminate\\Http\\Request))
#61 /Users/ahmadmhala/Downloads/RestoFy-main/vendor/laravel/framework/src/Illuminate/Foundation/Http/Kernel.php(176): Illuminate\\Pipeline\\Pipeline->then(Object(Closure))
#62 /Users/ahmadmhala/Downloads/RestoFy-main/vendor/laravel/framework/src/Illuminate/Foundation/Http/Kernel.php(145): Illuminate\\Foundation\\Http\\Kernel->sendRequestThroughRouter(Object(Illuminate\\Http\\Request))
#63 /Users/ahmadmhala/Downloads/RestoFy-main/vendor/laravel/framework/src/Illuminate/Foundation/Application.php(1220): Illuminate\\Foundation\\Http\\Kernel->handle(Object(Illuminate\\Http\\Request))
#64 /Users/ahmadmhala/Downloads/RestoFy-main/public/index.php(17): Illuminate\\Foundation\\Application->handleRequest(Object(Illuminate\\Http\\Request))
#65 /Users/ahmadmhala/Downloads/RestoFy-main/vendor/laravel/framework/src/Illuminate/Foundation/resources/server.php(23): require_once('/Users/ahmadmha...')
#66 {main}

[previous exception] [object] (PDOException(code: 42883): SQLSTATE[42883]: Undefined function: 7 ERROR:  could not identify an equality operator for type json
LINE 1: ...at\" between $3 and $4 group by \"menu_items\".\"id\", \"menu_item...
                                                             ^ at /Users/ahmadmhala/Downloads/RestoFy-main/vendor/laravel/framework/src/Illuminate/Database/Connection.php:412)
[stacktrace]
#0 /Users/ahmadmhala/Downloads/RestoFy-main/vendor/laravel/framework/src/Illuminate/Database/Connection.php(412): PDOStatement->execute()
#1 /Users/ahmadmhala/Downloads/RestoFy-main/vendor/laravel/framework/src/Illuminate/Database/Connection.php(812): Illuminate\\Database\\Connection->{closure:Illuminate\\Database\\Connection::select():398}('select \"menu_it...', Array)
#2 /Users/ahmadmhala/Downloads/RestoFy-main/vendor/laravel/framework/src/Illuminate/Database/Connection.php(779): Illuminate\\Database\\Connection->runQueryCallback('select \"menu_it...', Array, Object(Closure))
#3 /Users/ahmadmhala/Downloads/RestoFy-main/vendor/laravel/framework/src/Illuminate/Database/Connection.php(398): Illuminate\\Database\\Connection->run('select \"menu_it...', Array, Object(Closure))
#4 /Users/ahmadmhala/Downloads/RestoFy-main/vendor/laravel/framework/src/Illuminate/Database/Query/Builder.php(3106): Illuminate\\Database\\Connection->select('select \"menu_it...', Array, true)
#5 /Users/ahmadmhala/Downloads/RestoFy-main/vendor/laravel/framework/src/Illuminate/Database/Query/Builder.php(3091): Illuminate\\Database\\Query\\Builder->runSelect()
#6 /Users/ahmadmhala/Downloads/RestoFy-main/vendor/laravel/framework/src/Illuminate/Database/Query/Builder.php(3676): Illuminate\\Database\\Query\\Builder->{closure:Illuminate\\Database\\Query\\Builder::get():3090}()
#7 /Users/ahmadmhala/Downloads/RestoFy-main/vendor/laravel/framework/src/Illuminate/Database/Query/Builder.php(3090): Illuminate\\Database\\Query\\Builder->onceWithColumns(Array, Object(Closure))
#8 /Users/ahmadmhala/Downloads/RestoFy-main/app/Http/Controllers/Tenant/DashboardController.php(130): Illuminate\\Database\\Query\\Builder->get()
#9 /Users/ahmadmhala/Downloads/RestoFy-main/vendor/laravel/framework/src/Illuminate/Routing/ControllerDispatcher.php(47): App\\Http\\Controllers\\Tenant\\DashboardController->index(Object(Illuminate\\Http\\Request))
#10 /Users/ahmadmhala/Downloads/RestoFy-main/vendor/laravel/framework/src/Illuminate/Routing/Route.php(266): Illuminate\\Routing\\ControllerDispatcher->dispatch(Object(Illuminate\\Routing\\Route), Object(App\\Http\\Controllers\\Tenant\\DashboardController), 'index')
#11 /Users/ahmadmhala/Downloads/RestoFy-main/vendor/laravel/framework/src/Illuminate/Routing/Route.php(212): Illuminate\\Routing\\Route->runController()
#12 /Users/ahmadmhala/Downloads/RestoFy-main/vendor/laravel/framework/src/Illuminate/Routing/Router.php(808): Illuminate\\Routing\\Route->run()
#13 /Users/ahmadmhala/Downloads/RestoFy-main/vendor/laravel/framework/src/Illuminate/Pipeline/Pipeline.php(170): Illuminate\\Routing\\Router->{closure:Illuminate\\Routing\\Router::runRouteWithinStack():807}(Object(Illuminate\\Http\\Request))
#14 /Users/ahmadmhala/Downloads/RestoFy-main/vendor/stancl/tenancy/src/Middleware/PreventAccessFromCentralDomains.php(29): Illuminate\\Pipeline\\Pipeline->{closure:Illuminate\\Pipeline\\Pipeline::prepareDestination():168}(Object(Illuminate\\Http\\Request))
#15 /Users/ahmadmhala/Downloads/RestoFy-main/vendor/laravel/framework/src/Illuminate/Pipeline/Pipeline.php(209): Stancl\\Tenancy\\Middleware\\PreventAccessFromCentralDomains->handle(Object(Illuminate\\Http\\Request), Object(Closure))
#16 /Users/ahmadmhala/Downloads/RestoFy-main/vendor/mcamara/laravel-localization/src/Mcamara/LaravelLocalization/Middleware/LaravelLocalizationViewPath.php(33): Illuminate\\Pipeline\\Pipeline->{closure:{closure:Illuminate\\Pipeline\\Pipeline::carry():184}:185}(Object(Illuminate\\Http\\Request))
#17 /Users/ahmadmhala/Downloads/RestoFy-main/vendor/laravel/framework/src/Illuminate/Pipeline/Pipeline.php(209): Mcamara\\LaravelLocalization\\Middleware\\LaravelLocalizationViewPath->handle(Object(Illuminate\\Http\\Request), Object(Closure))
#18 /Users/ahmadmhala/Downloads/RestoFy-main/vendor/mcamara/laravel-localization/src/Mcamara/LaravelLocalization/Middleware/LaravelLocalizationRedirectFilter.php(45): Illuminate\\Pipeline\\Pipeline->{closure:{closure:Illuminate\\Pipeline\\Pipeline::carry():184}:185}(Object(Illuminate\\Http\\Request))
#19 /Users/ahmadmhala/Downloads/RestoFy-main/vendor/laravel/framework/src/Illuminate/Pipeline/Pipeline.php(209): Mcamara\\LaravelLocalization\\Middleware\\LaravelLocalizationRedirectFilter->handle(Object(Illuminate\\Http\\Request), Object(Closure))
#20 /Users/ahmadmhala/Downloads/RestoFy-main/vendor/mcamara/laravel-localization/src/Mcamara/LaravelLocalization/Middleware/LocaleSessionRedirect.php(32): Illuminate\\Pipeline\\Pipeline->{closure:{closure:Illuminate\\Pipeline\\Pipeline::carry():184}:185}(Object(Illuminate\\Http\\Request))
#21 /Users/ahmadmhala/Downloads/RestoFy-main/vendor/laravel/framework/src/Illuminate/Pipeline/Pipeline.php(209): Mcamara\\LaravelLocalization\\Middleware\\LocaleSessionRedirect->handle(Object(Illuminate\\Http\\Request), Object(Closure))
#22 /Users/ahmadmhala/Downloads/RestoFy-main/vendor/laravel/framework/src/Illuminate/Routing/Middleware/SubstituteBindings.php(51): Illuminate\\Pipeline\\Pipeline->{closure:{closure:Illuminate\\Pipeline\\Pipeline::carry():184}:185}(Object(Illuminate\\Http\\Request))
#23 /Users/ahmadmhala/Downloads/RestoFy-main/vendor/laravel/framework/src/Illuminate/Pipeline/Pipeline.php(209): Illuminate\\Routing\\Middleware\\SubstituteBindings->handle(Object(Illuminate\\Http\\Request), Object(Closure))
#24 /Users/ahmadmhala/Downloads/RestoFy-main/vendor/laravel/framework/src/Illuminate/Auth/Middleware/Authenticate.php(64): Illuminate\\Pipeline\\Pipeline->{closure:{closure:Illuminate\\Pipeline\\Pipeline::carry():184}:185}(Object(Illuminate\\Http\\Request))
#25 /Users/ahmadmhala/Downloads/RestoFy-main/vendor/laravel/framework/src/Illuminate/Pipeline/Pipeline.php(209): Illuminate\\Auth\\Middleware\\Authenticate->handle(Object(Illuminate\\Http\\Request), Object(Closure))
#26 /Users/ahmadmhala/Downloads/RestoFy-main/vendor/laravel/framework/src/Illuminate/Foundation/Http/Middleware/VerifyCsrfToken.php(88): Illuminate\\Pipeline\\Pipeline->{closure:{closure:Illuminate\\Pipeline\\Pipeline::carry():184}:185}(Object(Illuminate\\Http\\Request))
#27 /Users/ahmadmhala/Downloads/RestoFy-main/vendor/laravel/framework/src/Illuminate/Pipeline/Pipeline.php(209): Illuminate\\Foundation\\Http\\Middleware\\VerifyCsrfToken->handle(Object(Illuminate\\Http\\Request), Object(Closure))
#28 /Users/ahmadmhala/Downloads/RestoFy-main/vendor/laravel/framework/src/Illuminate/View/Middleware/ShareErrorsFromSession.php(49): Illuminate\\Pipeline\\Pipeline->{closure:{closure:Illuminate\\Pipeline\\Pipeline::carry():184}:185}(Object(Illuminate\\Http\\Request))
#29 /Users/ahmadmhala/Downloads/RestoFy-main/vendor/laravel/framework/src/Illuminate/Pipeline/Pipeline.php(209): Illuminate\\View\\Middleware\\ShareErrorsFromSession->handle(Object(Illuminate\\Http\\Request), Object(Closure))
#30 /Users/ahmadmhala/Downloads/RestoFy-main/vendor/laravel/framework/src/Illuminate/Session/Middleware/StartSession.php(121): Illuminate\\Pipeline\\Pipeline->{closure:{closure:Illuminate\\Pipeline\\Pipeline::carry():184}:185}(Object(Illuminate\\Http\\Request))
#31 /Users/ahmadmhala/Downloads/RestoFy-main/vendor/laravel/framework/src/Illuminate/Session/Middleware/StartSession.php(64): Illuminate\\Session\\Middleware\\StartSession->handleStatefulRequest(Object(Illuminate\\Http\\Request), Object(Illuminate\\Session\\Store), Object(Closure))
#32 /Users/ahmadmhala/Downloads/RestoFy-main/vendor/laravel/framework/src/Illuminate/Pipeline/Pipeline.php(209): Illuminate\\Session\\Middleware\\StartSession->handle(Object(Illuminate\\Http\\Request), Object(Closure))
#33 /Users/ahmadmhala/Downloads/RestoFy-main/vendor/laravel/framework/src/Illuminate/Cookie/Middleware/AddQueuedCookiesToResponse.php(37): Illuminate\\Pipeline\\Pipeline->{closure:{closure:Illuminate\\Pipeline\\Pipeline::carry():184}:185}(Object(Illuminate\\Http\\Request))
#34 /Users/ahmadmhala/Downloads/RestoFy-main/vendor/laravel/framework/src/Illuminate/Pipeline/Pipeline.php(209): Illuminate\\Cookie\\Middleware\\AddQueuedCookiesToResponse->handle(Object(Illuminate\\Http\\Request), Object(Closure))
#35 /Users/ahmadmhala/Downloads/RestoFy-main/vendor/laravel/framework/src/Illuminate/Cookie/Middleware/EncryptCookies.php(75): Illuminate\\Pipeline\\Pipeline->{closure:{closure:Illuminate\\Pipeline\\Pipeline::carry():184}:185}(Object(Illuminate\\Http\\Request))
#36 /Users/ahmadmhala/Downloads/RestoFy-main/vendor/laravel/framework/src/Illuminate/Pipeline/Pipeline.php(209): Illuminate\\Cookie\\Middleware\\EncryptCookies->handle(Object(Illuminate\\Http\\Request), Object(Closure))
#37 /Users/ahmadmhala/Downloads/RestoFy-main/app/Http/Middleware/InitializeTenancyByDomainOrFail.php(52): Illuminate\\Pipeline\\Pipeline->{closure:{closure:Illuminate\\Pipeline\\Pipeline::carry():184}:185}(Object(Illuminate\\Http\\Request))
#38 /Users/ahmadmhala/Downloads/RestoFy-main/vendor/laravel/framework/src/Illuminate/Pipeline/Pipeline.php(209): App\\Http\\Middleware\\InitializeTenancyByDomainOrFail->handle(Object(Illuminate\\Http\\Request), Object(Closure))
#39 /Users/ahmadmhala/Downloads/RestoFy-main/vendor/laravel/framework/src/Illuminate/Pipeline/Pipeline.php(127): Illuminate\\Pipeline\\Pipeline->{closure:{closure:Illuminate\\Pipeline\\Pipeline::carry():184}:185}(Object(Illuminate\\Http\\Request))
#40 /Users/ahmadmhala/Downloads/RestoFy-main/vendor/laravel/framework/src/Illuminate/Routing/Router.php(807): Illuminate\\Pipeline\\Pipeline->then(Object(Closure))
#41 /Users/ahmadmhala/Downloads/RestoFy-main/vendor/laravel/framework/src/Illuminate/Routing/Router.php(786): Illuminate\\Routing\\Router->runRouteWithinStack(Object(Illuminate\\Routing\\Route), Object(Illuminate\\Http\\Request))
#42 /Users/ahmadmhala/Downloads/RestoFy-main/vendor/laravel/framework/src/Illuminate/Routing/Router.php(750): Illuminate\\Routing\\Router->runRoute(Object(Illuminate\\Http\\Request), Object(Illuminate\\Routing\\Route))
#43 /Users/ahmadmhala/Downloads/RestoFy-main/vendor/laravel/framework/src/Illuminate/Routing/Router.php(739): Illuminate\\Routing\\Router->dispatchToRoute(Object(Illuminate\\Http\\Request))
#44 /Users/ahmadmhala/Downloads/RestoFy-main/vendor/laravel/framework/src/Illuminate/Foundation/Http/Kernel.php(201): Illuminate\\Routing\\Router->dispatch(Object(Illuminate\\Http\\Request))
#45 /Users/ahmadmhala/Downloads/RestoFy-main/vendor/laravel/framework/src/Illuminate/Pipeline/Pipeline.php(170): Illuminate\\Foundation\\Http\\Kernel->{closure:Illuminate\\Foundation\\Http\\Kernel::dispatchToRouter():198}(Object(Illuminate\\Http\\Request))
#46 /Users/ahmadmhala/Downloads/RestoFy-main/vendor/laravel/framework/src/Illuminate/Foundation/Http/Middleware/TransformsRequest.php(21): Illuminate\\Pipeline\\Pipeline->{closure:Illuminate\\Pipeline\\Pipeline::prepareDestination():168}(Object(Illuminate\\Http\\Request))
#47 /Users/ahmadmhala/Downloads/RestoFy-main/vendor/laravel/framework/src/Illuminate/Foundation/Http/Middleware/ConvertEmptyStringsToNull.php(31): Illuminate\\Foundation\\Http\\Middleware\\TransformsRequest->handle(Object(Illuminate\\Http\\Request), Object(Closure))
#48 /Users/ahmadmhala/Downloads/RestoFy-main/vendor/laravel/framework/src/Illuminate/Pipeline/Pipeline.php(209): Illuminate\\Foundation\\Http\\Middleware\\ConvertEmptyStringsToNull->handle(Object(Illuminate\\Http\\Request), Object(Closure))
#49 /Users/ahmadmhala/Downloads/RestoFy-main/vendor/laravel/framework/src/Illuminate/Foundation/Http/Middleware/TransformsRequest.php(21): Illuminate\\Pipeline\\Pipeline->{closure:{closure:Illuminate\\Pipeline\\Pipeline::carry():184}:185}(Object(Illuminate\\Http\\Request))
#50 /Users/ahmadmhala/Downloads/RestoFy-main/vendor/laravel/framework/src/Illuminate/Foundation/Http/Middleware/TrimStrings.php(51): Illuminate\\Foundation\\Http\\Middleware\\TransformsRequest->handle(Object(Illuminate\\Http\\Request), Object(Closure))
#51 /Users/ahmadmhala/Downloads/RestoFy-main/vendor/laravel/framework/src/Illuminate/Pipeline/Pipeline.php(209): Illuminate\\Foundation\\Http\\Middleware\\TrimStrings->handle(Object(Illuminate\\Http\\Request), Object(Closure))
#52 /Users/ahmadmhala/Downloads/RestoFy-main/vendor/laravel/framework/src/Illuminate/Http/Middleware/ValidatePostSize.php(27): Illuminate\\Pipeline\\Pipeline->{closure:{closure:Illuminate\\Pipeline\\Pipeline::carry():184}:185}(Object(Illuminate\\Http\\Request))
#53 /Users/ahmadmhala/Downloads/RestoFy-main/vendor/laravel/framework/src/Illuminate/Pipeline/Pipeline.php(209): Illuminate\\Http\\Middleware\\ValidatePostSize->handle(Object(Illuminate\\Http\\Request), Object(Closure))
#54 /Users/ahmadmhala/Downloads/RestoFy-main/vendor/laravel/framework/src/Illuminate/Foundation/Http/Middleware/PreventRequestsDuringMaintenance.php(110): Illuminate\\Pipeline\\Pipeline->{closure:{closure:Illuminate\\Pipeline\\Pipeline::carry():184}:185}(Object(Illuminate\\Http\\Request))
#55 /Users/ahmadmhala/Downloads/RestoFy-main/vendor/laravel/framework/src/Illuminate/Pipeline/Pipeline.php(209): Illuminate\\Foundation\\Http\\Middleware\\PreventRequestsDuringMaintenance->handle(Object(Illuminate\\Http\\Request), Object(Closure))
#56 /Users/ahmadmhala/Downloads/RestoFy-main/vendor/laravel/framework/src/Illuminate/Http/Middleware/HandleCors.php(49): Illuminate\\Pipeline\\Pipeline->{closure:{closure:Illuminate\\Pipeline\\Pipeline::carry():184}:185}(Object(Illuminate\\Http\\Request))
#57 /Users/ahmadmhala/Downloads/RestoFy-main/vendor/laravel/framework/src/Illuminate/Pipeline/Pipeline.php(209): Illuminate\\Http\\Middleware\\HandleCors->handle(Object(Illuminate\\Http\\Request), Object(Closure))
#58 /Users/ahmadmhala/Downloads/RestoFy-main/vendor/laravel/framework/src/Illuminate/Http/Middleware/TrustProxies.php(58): Illuminate\\Pipeline\\Pipeline->{closure:{closure:Illuminate\\Pipeline\\Pipeline::carry():184}:185}(Object(Illuminate\\Http\\Request))
#59 /Users/ahmadmhala/Downloads/RestoFy-main/vendor/laravel/framework/src/Illuminate/Pipeline/Pipeline.php(209): Illuminate\\Http\\Middleware\\TrustProxies->handle(Object(Illuminate\\Http\\Request), Object(Closure))
#60 /Users/ahmadmhala/Downloads/RestoFy-main/vendor/laravel/framework/src/Illuminate/Foundation/Http/Middleware/InvokeDeferredCallbacks.php(22): Illuminate\\Pipeline\\Pipeline->{closure:{closure:Illuminate\\Pipeline\\Pipeline::carry():184}:185}(Object(Illuminate\\Http\\Request))
#61 /Users/ahmadmhala/Downloads/RestoFy-main/vendor/laravel/framework/src/Illuminate/Pipeline/Pipeline.php(209): Illuminate\\Foundation\\Http\\Middleware\\InvokeDeferredCallbacks->handle(Object(Illuminate\\Http\\Request), Object(Closure))
#62 /Users/ahmadmhala/Downloads/RestoFy-main/vendor/laravel/framework/src/Illuminate/Pipeline/Pipeline.php(127): Illuminate\\Pipeline\\Pipeline->{closure:{closure:Illuminate\\Pipeline\\Pipeline::carry():184}:185}(Object(Illuminate\\Http\\Request))
#63 /Users/ahmadmhala/Downloads/RestoFy-main/vendor/laravel/framework/src/Illuminate/Foundation/Http/Kernel.php(176): Illuminate\\Pipeline\\Pipeline->then(Object(Closure))
#64 /Users/ahmadmhala/Downloads/RestoFy-main/vendor/laravel/framework/src/Illuminate/Foundation/Http/Kernel.php(145): Illuminate\\Foundation\\Http\\Kernel->sendRequestThroughRouter(Object(Illuminate\\Http\\Request))
#65 /Users/ahmadmhala/Downloads/RestoFy-main/vendor/laravel/framework/src/Illuminate/Foundation/Application.php(1220): Illuminate\\Foundation\\Http\\Kernel->handle(Object(Illuminate\\Http\\Request))
#66 /Users/ahmadmhala/Downloads/RestoFy-main/public/index.php(17): Illuminate\\Foundation\\Application->handleRequest(Object(Illuminate\\Http\\Request))
#67 /Users/ahmadmhala/Downloads/RestoFy-main/vendor/laravel/framework/src/Illuminate/Foundation/resources/server.php(23): require_once('/Users/ahmadmha...')
#68 {main}
"} 
[2025-12-12 22:09:14] local.INFO: Attempting to resolve tenant for domain: demo.localhost  
[2025-12-12 22:09:14] local.INFO: Tenant initialized successfully: demo  
[2025-12-12 22:09:14] local.INFO: Database bootstrapper completed for tenant: demo  
[2025-12-12 22:09:17] local.INFO: Attempting to resolve tenant for domain: demo.localhost  
[2025-12-12 22:09:17] local.INFO: Tenant initialized successfully: demo  
[2025-12-12 22:09:17] local.INFO: Database bootstrapper completed for tenant: demo  
[2025-12-12 22:09:17] local.ERROR: SQLSTATE[42883]: Undefined function: 7 ERROR:  could not identify an equality operator for type json
LINE 1: ...at" between $3 and $4 group by "menu_items"."id", "menu_item...
                                                             ^ (Connection: tenant, SQL: select "menu_items"."id", "menu_items"."name", SUM(order_items.quantity) as total_quantity from "order_items" inner join "orders" on "order_items"."order_id" = "orders"."id" inner join "menu_items" on "order_items"."menu_item_id" = "menu_items"."id" where "orders"."restaurant_id" = 1 and "orders"."status" != deleted and "orders"."created_at" between 2025-12-05 00:00:00 and 2025-12-12 23:59:59 group by "menu_items"."id", "menu_items"."name" order by "total_quantity" desc limit 5) {"userId":1,"exception":"[object] (Illuminate\\Database\\QueryException(code: 42883): SQLSTATE[42883]: Undefined function: 7 ERROR:  could not identify an equality operator for type json
LINE 1: ...at\" between $3 and $4 group by \"menu_items\".\"id\", \"menu_item...
                                                             ^ (Connection: tenant, SQL: select \"menu_items\".\"id\", \"menu_items\".\"name\", SUM(order_items.quantity) as total_quantity from \"order_items\" inner join \"orders\" on \"order_items\".\"order_id\" = \"orders\".\"id\" inner join \"menu_items\" on \"order_items\".\"menu_item_id\" = \"menu_items\".\"id\" where \"orders\".\"restaurant_id\" = 1 and \"orders\".\"status\" != deleted and \"orders\".\"created_at\" between 2025-12-05 00:00:00 and 2025-12-12 23:59:59 group by \"menu_items\".\"id\", \"menu_items\".\"name\" order by \"total_quantity\" desc limit 5) at /Users/ahmadmhala/Downloads/RestoFy-main/vendor/laravel/framework/src/Illuminate/Database/Connection.php:825)
[stacktrace]
#0 /Users/ahmadmhala/Downloads/RestoFy-main/vendor/laravel/framework/src/Illuminate/Database/Connection.php(779): Illuminate\\Database\\Connection->runQueryCallback('select \"menu_it...', Array, Object(Closure))
#1 /Users/ahmadmhala/Downloads/RestoFy-main/vendor/laravel/framework/src/Illuminate/Database/Connection.php(398): Illuminate\\Database\\Connection->run('select \"menu_it...', Array, Object(Closure))
#2 /Users/ahmadmhala/Downloads/RestoFy-main/vendor/laravel/framework/src/Illuminate/Database/Query/Builder.php(3106): Illuminate\\Database\\Connection->select('select \"menu_it...', Array, true)
#3 /Users/ahmadmhala/Downloads/RestoFy-main/vendor/laravel/framework/src/Illuminate/Database/Query/Builder.php(3091): Illuminate\\Database\\Query\\Builder->runSelect()
#4 /Users/ahmadmhala/Downloads/RestoFy-main/vendor/laravel/framework/src/Illuminate/Database/Query/Builder.php(3676): Illuminate\\Database\\Query\\Builder->{closure:Illuminate\\Database\\Query\\Builder::get():3090}()
#5 /Users/ahmadmhala/Downloads/RestoFy-main/vendor/laravel/framework/src/Illuminate/Database/Query/Builder.php(3090): Illuminate\\Database\\Query\\Builder->onceWithColumns(Array, Object(Closure))
#6 /Users/ahmadmhala/Downloads/RestoFy-main/app/Http/Controllers/Tenant/DashboardController.php(130): Illuminate\\Database\\Query\\Builder->get()
#7 /Users/ahmadmhala/Downloads/RestoFy-main/vendor/laravel/framework/src/Illuminate/Routing/ControllerDispatcher.php(47): App\\Http\\Controllers\\Tenant\\DashboardController->index(Object(Illuminate\\Http\\Request))
#8 /Users/ahmadmhala/Downloads/RestoFy-main/vendor/laravel/framework/src/Illuminate/Routing/Route.php(266): Illuminate\\Routing\\ControllerDispatcher->dispatch(Object(Illuminate\\Routing\\Route), Object(App\\Http\\Controllers\\Tenant\\DashboardController), 'index')
#9 /Users/ahmadmhala/Downloads/RestoFy-main/vendor/laravel/framework/src/Illuminate/Routing/Route.php(212): Illuminate\\Routing\\Route->runController()
#10 /Users/ahmadmhala/Downloads/RestoFy-main/vendor/laravel/framework/src/Illuminate/Routing/Router.php(808): Illuminate\\Routing\\Route->run()
#11 /Users/ahmadmhala/Downloads/RestoFy-main/vendor/laravel/framework/src/Illuminate/Pipeline/Pipeline.php(170): Illuminate\\Routing\\Router->{closure:Illuminate\\Routing\\Router::runRouteWithinStack():807}(Object(Illuminate\\Http\\Request))
#12 /Users/ahmadmhala/Downloads/RestoFy-main/vendor/stancl/tenancy/src/Middleware/PreventAccessFromCentralDomains.php(29): Illuminate\\Pipeline\\Pipeline->{closure:Illuminate\\Pipeline\\Pipeline::prepareDestination():168}(Object(Illuminate\\Http\\Request))
#13 /Users/ahmadmhala/Downloads/RestoFy-main/vendor/laravel/framework/src/Illuminate/Pipeline/Pipeline.php(209): Stancl\\Tenancy\\Middleware\\PreventAccessFromCentralDomains->handle(Object(Illuminate\\Http\\Request), Object(Closure))
#14 /Users/ahmadmhala/Downloads/RestoFy-main/vendor/mcamara/laravel-localization/src/Mcamara/LaravelLocalization/Middleware/LaravelLocalizationViewPath.php(33): Illuminate\\Pipeline\\Pipeline->{closure:{closure:Illuminate\\Pipeline\\Pipeline::carry():184}:185}(Object(Illuminate\\Http\\Request))
#15 /Users/ahmadmhala/Downloads/RestoFy-main/vendor/laravel/framework/src/Illuminate/Pipeline/Pipeline.php(209): Mcamara\\LaravelLocalization\\Middleware\\LaravelLocalizationViewPath->handle(Object(Illuminate\\Http\\Request), Object(Closure))
#16 /Users/ahmadmhala/Downloads/RestoFy-main/vendor/mcamara/laravel-localization/src/Mcamara/LaravelLocalization/Middleware/LaravelLocalizationRedirectFilter.php(45): Illuminate\\Pipeline\\Pipeline->{closure:{closure:Illuminate\\Pipeline\\Pipeline::carry():184}:185}(Object(Illuminate\\Http\\Request))
#17 /Users/ahmadmhala/Downloads/RestoFy-main/vendor/laravel/framework/src/Illuminate/Pipeline/Pipeline.php(209): Mcamara\\LaravelLocalization\\Middleware\\LaravelLocalizationRedirectFilter->handle(Object(Illuminate\\Http\\Request), Object(Closure))
#18 /Users/ahmadmhala/Downloads/RestoFy-main/vendor/mcamara/laravel-localization/src/Mcamara/LaravelLocalization/Middleware/LocaleSessionRedirect.php(32): Illuminate\\Pipeline\\Pipeline->{closure:{closure:Illuminate\\Pipeline\\Pipeline::carry():184}:185}(Object(Illuminate\\Http\\Request))
#19 /Users/ahmadmhala/Downloads/RestoFy-main/vendor/laravel/framework/src/Illuminate/Pipeline/Pipeline.php(209): Mcamara\\LaravelLocalization\\Middleware\\LocaleSessionRedirect->handle(Object(Illuminate\\Http\\Request), Object(Closure))
#20 /Users/ahmadmhala/Downloads/RestoFy-main/vendor/laravel/framework/src/Illuminate/Routing/Middleware/SubstituteBindings.php(51): Illuminate\\Pipeline\\Pipeline->{closure:{closure:Illuminate\\Pipeline\\Pipeline::carry():184}:185}(Object(Illuminate\\Http\\Request))
#21 /Users/ahmadmhala/Downloads/RestoFy-main/vendor/laravel/framework/src/Illuminate/Pipeline/Pipeline.php(209): Illuminate\\Routing\\Middleware\\SubstituteBindings->handle(Object(Illuminate\\Http\\Request), Object(Closure))
#22 /Users/ahmadmhala/Downloads/RestoFy-main/vendor/laravel/framework/src/Illuminate/Auth/Middleware/Authenticate.php(64): Illuminate\\Pipeline\\Pipeline->{closure:{closure:Illuminate\\Pipeline\\Pipeline::carry():184}:185}(Object(Illuminate\\Http\\Request))
#23 /Users/ahmadmhala/Downloads/RestoFy-main/vendor/laravel/framework/src/Illuminate/Pipeline/Pipeline.php(209): Illuminate\\Auth\\Middleware\\Authenticate->handle(Object(Illuminate\\Http\\Request), Object(Closure))
#24 /Users/ahmadmhala/Downloads/RestoFy-main/vendor/laravel/framework/src/Illuminate/Foundation/Http/Middleware/VerifyCsrfToken.php(88): Illuminate\\Pipeline\\Pipeline->{closure:{closure:Illuminate\\Pipeline\\Pipeline::carry():184}:185}(Object(Illuminate\\Http\\Request))
#25 /Users/ahmadmhala/Downloads/RestoFy-main/vendor/laravel/framework/src/Illuminate/Pipeline/Pipeline.php(209): Illuminate\\Foundation\\Http\\Middleware\\VerifyCsrfToken->handle(Object(Illuminate\\Http\\Request), Object(Closure))
#26 /Users/ahmadmhala/Downloads/RestoFy-main/vendor/laravel/framework/src/Illuminate/View/Middleware/ShareErrorsFromSession.php(49): Illuminate\\Pipeline\\Pipeline->{closure:{closure:Illuminate\\Pipeline\\Pipeline::carry():184}:185}(Object(Illuminate\\Http\\Request))
#27 /Users/ahmadmhala/Downloads/RestoFy-main/vendor/laravel/framework/src/Illuminate/Pipeline/Pipeline.php(209): Illuminate\\View\\Middleware\\ShareErrorsFromSession->handle(Object(Illuminate\\Http\\Request), Object(Closure))
#28 /Users/ahmadmhala/Downloads/RestoFy-main/vendor/laravel/framework/src/Illuminate/Session/Middleware/StartSession.php(121): Illuminate\\Pipeline\\Pipeline->{closure:{closure:Illuminate\\Pipeline\\Pipeline::carry():184}:185}(Object(Illuminate\\Http\\Request))
#29 /Users/ahmadmhala/Downloads/RestoFy-main/vendor/laravel/framework/src/Illuminate/Session/Middleware/StartSession.php(64): Illuminate\\Session\\Middleware\\StartSession->handleStatefulRequest(Object(Illuminate\\Http\\Request), Object(Illuminate\\Session\\Store), Object(Closure))
#30 /Users/ahmadmhala/Downloads/RestoFy-main/vendor/laravel/framework/src/Illuminate/Pipeline/Pipeline.php(209): Illuminate\\Session\\Middleware\\StartSession->handle(Object(Illuminate\\Http\\Request), Object(Closure))
#31 /Users/ahmadmhala/Downloads/RestoFy-main/vendor/laravel/framework/src/Illuminate/Cookie/Middleware/AddQueuedCookiesToResponse.php(37): Illuminate\\Pipeline\\Pipeline->{closure:{closure:Illuminate\\Pipeline\\Pipeline::carry():184}:185}(Object(Illuminate\\Http\\Request))
#32 /Users/ahmadmhala/Downloads/RestoFy-main/vendor/laravel/framework/src/Illuminate/Pipeline/Pipeline.php(209): Illuminate\\Cookie\\Middleware\\AddQueuedCookiesToResponse->handle(Object(Illuminate\\Http\\Request), Object(Closure))
#33 /Users/ahmadmhala/Downloads/RestoFy-main/vendor/laravel/framework/src/Illuminate/Cookie/Middleware/EncryptCookies.php(75): Illuminate\\Pipeline\\Pipeline->{closure:{closure:Illuminate\\Pipeline\\Pipeline::carry():184}:185}(Object(Illuminate\\Http\\Request))
#34 /Users/ahmadmhala/Downloads/RestoFy-main/vendor/laravel/framework/src/Illuminate/Pipeline/Pipeline.php(209): Illuminate\\Cookie\\Middleware\\EncryptCookies->handle(Object(Illuminate\\Http\\Request), Object(Closure))
#35 /Users/ahmadmhala/Downloads/RestoFy-main/app/Http/Middleware/InitializeTenancyByDomainOrFail.php(52): Illuminate\\Pipeline\\Pipeline->{closure:{closure:Illuminate\\Pipeline\\Pipeline::carry():184}:185}(Object(Illuminate\\Http\\Request))
#36 /Users/ahmadmhala/Downloads/RestoFy-main/vendor/laravel/framework/src/Illuminate/Pipeline/Pipeline.php(209): App\\Http\\Middleware\\InitializeTenancyByDomainOrFail->handle(Object(Illuminate\\Http\\Request), Object(Closure))
#37 /Users/ahmadmhala/Downloads/RestoFy-main/vendor/laravel/framework/src/Illuminate/Pipeline/Pipeline.php(127): Illuminate\\Pipeline\\Pipeline->{closure:{closure:Illuminate\\Pipeline\\Pipeline::carry():184}:185}(Object(Illuminate\\Http\\Request))
#38 /Users/ahmadmhala/Downloads/RestoFy-main/vendor/laravel/framework/src/Illuminate/Routing/Router.php(807): Illuminate\\Pipeline\\Pipeline->then(Object(Closure))
#39 /Users/ahmadmhala/Downloads/RestoFy-main/vendor/laravel/framework/src/Illuminate/Routing/Router.php(786): Illuminate\\Routing\\Router->runRouteWithinStack(Object(Illuminate\\Routing\\Route), Object(Illuminate\\Http\\Request))
#40 /Users/ahmadmhala/Downloads/RestoFy-main/vendor/laravel/framework/src/Illuminate/Routing/Router.php(750): Illuminate\\Routing\\Router->runRoute(Object(Illuminate\\Http\\Request), Object(Illuminate\\Routing\\Route))
#41 /Users/ahmadmhala/Downloads/RestoFy-main/vendor/laravel/framework/src/Illuminate/Routing/Router.php(739): Illuminate\\Routing\\Router->dispatchToRoute(Object(Illuminate\\Http\\Request))
#42 /Users/ahmadmhala/Downloads/RestoFy-main/vendor/laravel/framework/src/Illuminate/Foundation/Http/Kernel.php(201): Illuminate\\Routing\\Router->dispatch(Object(Illuminate\\Http\\Request))
#43 /Users/ahmadmhala/Downloads/RestoFy-main/vendor/laravel/framework/src/Illuminate/Pipeline/Pipeline.php(170): Illuminate\\Foundation\\Http\\Kernel->{closure:Illuminate\\Foundation\\Http\\Kernel::dispatchToRouter():198}(Object(Illuminate\\Http\\Request))
#44 /Users/ahmadmhala/Downloads/RestoFy-main/vendor/laravel/framework/src/Illuminate/Foundation/Http/Middleware/TransformsRequest.php(21): Illuminate\\Pipeline\\Pipeline->{closure:Illuminate\\Pipeline\\Pipeline::prepareDestination():168}(Object(Illuminate\\Http\\Request))
#45 /Users/ahmadmhala/Downloads/RestoFy-main/vendor/laravel/framework/src/Illuminate/Foundation/Http/Middleware/ConvertEmptyStringsToNull.php(31): Illuminate\\Foundation\\Http\\Middleware\\TransformsRequest->handle(Object(Illuminate\\Http\\Request), Object(Closure))
#46 /Users/ahmadmhala/Downloads/RestoFy-main/vendor/laravel/framework/src/Illuminate/Pipeline/Pipeline.php(209): Illuminate\\Foundation\\Http\\Middleware\\ConvertEmptyStringsToNull->handle(Object(Illuminate\\Http\\Request), Object(Closure))
#47 /Users/ahmadmhala/Downloads/RestoFy-main/vendor/laravel/framework/src/Illuminate/Foundation/Http/Middleware/TransformsRequest.php(21): Illuminate\\Pipeline\\Pipeline->{closure:{closure:Illuminate\\Pipeline\\Pipeline::carry():184}:185}(Object(Illuminate\\Http\\Request))
#48 /Users/ahmadmhala/Downloads/RestoFy-main/vendor/laravel/framework/src/Illuminate/Foundation/Http/Middleware/TrimStrings.php(51): Illuminate\\Foundation\\Http\\Middleware\\TransformsRequest->handle(Object(Illuminate\\Http\\Request), Object(Closure))
#49 /Users/ahmadmhala/Downloads/RestoFy-main/vendor/laravel/framework/src/Illuminate/Pipeline/Pipeline.php(209): Illuminate\\Foundation\\Http\\Middleware\\TrimStrings->handle(Object(Illuminate\\Http\\Request), Object(Closure))
#50 /Users/ahmadmhala/Downloads/RestoFy-main/vendor/laravel/framework/src/Illuminate/Http/Middleware/ValidatePostSize.php(27): Illuminate\\Pipeline\\Pipeline->{closure:{closure:Illuminate\\Pipeline\\Pipeline::carry():184}:185}(Object(Illuminate\\Http\\Request))
#51 /Users/ahmadmhala/Downloads/RestoFy-main/vendor/laravel/framework/src/Illuminate/Pipeline/Pipeline.php(209): Illuminate\\Http\\Middleware\\ValidatePostSize->handle(Object(Illuminate\\Http\\Request), Object(Closure))
#52 /Users/ahmadmhala/Downloads/RestoFy-main/vendor/laravel/framework/src/Illuminate/Foundation/Http/Middleware/PreventRequestsDuringMaintenance.php(110): Illuminate\\Pipeline\\Pipeline->{closure:{closure:Illuminate\\Pipeline\\Pipeline::carry():184}:185}(Object(Illuminate\\Http\\Request))
#53 /Users/ahmadmhala/Downloads/RestoFy-main/vendor/laravel/framework/src/Illuminate/Pipeline/Pipeline.php(209): Illuminate\\Foundation\\Http\\Middleware\\PreventRequestsDuringMaintenance->handle(Object(Illuminate\\Http\\Request), Object(Closure))
#54 /Users/ahmadmhala/Downloads/RestoFy-main/vendor/laravel/framework/src/Illuminate/Http/Middleware/HandleCors.php(49): Illuminate\\Pipeline\\Pipeline->{closure:{closure:Illuminate\\Pipeline\\Pipeline::carry():184}:185}(Object(Illuminate\\Http\\Request))
#55 /Users/ahmadmhala/Downloads/RestoFy-main/vendor/laravel/framework/src/Illuminate/Pipeline/Pipeline.php(209): Illuminate\\Http\\Middleware\\HandleCors->handle(Object(Illuminate\\Http\\Request), Object(Closure))
#56 /Users/ahmadmhala/Downloads/RestoFy-main/vendor/laravel/framework/src/Illuminate/Http/Middleware/TrustProxies.php(58): Illuminate\\Pipeline\\Pipeline->{closure:{closure:Illuminate\\Pipeline\\Pipeline::carry():184}:185}(Object(Illuminate\\Http\\Request))
#57 /Users/ahmadmhala/Downloads/RestoFy-main/vendor/laravel/framework/src/Illuminate/Pipeline/Pipeline.php(209): Illuminate\\Http\\Middleware\\TrustProxies->handle(Object(Illuminate\\Http\\Request), Object(Closure))
#58 /Users/ahmadmhala/Downloads/RestoFy-main/vendor/laravel/framework/src/Illuminate/Foundation/Http/Middleware/InvokeDeferredCallbacks.php(22): Illuminate\\Pipeline\\Pipeline->{closure:{closure:Illuminate\\Pipeline\\Pipeline::carry():184}:185}(Object(Illuminate\\Http\\Request))
#59 /Users/ahmadmhala/Downloads/RestoFy-main/vendor/laravel/framework/src/Illuminate/Pipeline/Pipeline.php(209): Illuminate\\Foundation\\Http\\Middleware\\InvokeDeferredCallbacks->handle(Object(Illuminate\\Http\\Request), Object(Closure))
#60 /Users/ahmadmhala/Downloads/RestoFy-main/vendor/laravel/framework/src/Illuminate/Pipeline/Pipeline.php(127): Illuminate\\Pipeline\\Pipeline->{closure:{closure:Illuminate\\Pipeline\\Pipeline::carry():184}:185}(Object(Illuminate\\Http\\Request))
#61 /Users/ahmadmhala/Downloads/RestoFy-main/vendor/laravel/framework/src/Illuminate/Foundation/Http/Kernel.php(176): Illuminate\\Pipeline\\Pipeline->then(Object(Closure))
#62 /Users/ahmadmhala/Downloads/RestoFy-main/vendor/laravel/framework/src/Illuminate/Foundation/Http/Kernel.php(145): Illuminate\\Foundation\\Http\\Kernel->sendRequestThroughRouter(Object(Illuminate\\Http\\Request))
#63 /Users/ahmadmhala/Downloads/RestoFy-main/vendor/laravel/framework/src/Illuminate/Foundation/Application.php(1220): Illuminate\\Foundation\\Http\\Kernel->handle(Object(Illuminate\\Http\\Request))
#64 /Users/ahmadmhala/Downloads/RestoFy-main/public/index.php(17): Illuminate\\Foundation\\Application->handleRequest(Object(Illuminate\\Http\\Request))
#65 /Users/ahmadmhala/Downloads/RestoFy-main/vendor/laravel/framework/src/Illuminate/Foundation/resources/server.php(23): require_once('/Users/ahmadmha...')
#66 {main}

[previous exception] [object] (PDOException(code: 42883): SQLSTATE[42883]: Undefined function: 7 ERROR:  could not identify an equality operator for type json
LINE 1: ...at\" between $3 and $4 group by \"menu_items\".\"id\", \"menu_item...
                                                             ^ at /Users/ahmadmhala/Downloads/RestoFy-main/vendor/laravel/framework/src/Illuminate/Database/Connection.php:412)
[stacktrace]
#0 /Users/ahmadmhala/Downloads/RestoFy-main/vendor/laravel/framework/src/Illuminate/Database/Connection.php(412): PDOStatement->execute()
#1 /Users/ahmadmhala/Downloads/RestoFy-main/vendor/laravel/framework/src/Illuminate/Database/Connection.php(812): Illuminate\\Database\\Connection->{closure:Illuminate\\Database\\Connection::select():398}('select \"menu_it...', Array)
#2 /Users/ahmadmhala/Downloads/RestoFy-main/vendor/laravel/framework/src/Illuminate/Database/Connection.php(779): Illuminate\\Database\\Connection->runQueryCallback('select \"menu_it...', Array, Object(Closure))
#3 /Users/ahmadmhala/Downloads/RestoFy-main/vendor/laravel/framework/src/Illuminate/Database/Connection.php(398): Illuminate\\Database\\Connection->run('select \"menu_it...', Array, Object(Closure))
#4 /Users/ahmadmhala/Downloads/RestoFy-main/vendor/laravel/framework/src/Illuminate/Database/Query/Builder.php(3106): Illuminate\\Database\\Connection->select('select \"menu_it...', Array, true)
#5 /Users/ahmadmhala/Downloads/RestoFy-main/vendor/laravel/framework/src/Illuminate/Database/Query/Builder.php(3091): Illuminate\\Database\\Query\\Builder->runSelect()
#6 /Users/ahmadmhala/Downloads/RestoFy-main/vendor/laravel/framework/src/Illuminate/Database/Query/Builder.php(3676): Illuminate\\Database\\Query\\Builder->{closure:Illuminate\\Database\\Query\\Builder::get():3090}()
#7 /Users/ahmadmhala/Downloads/RestoFy-main/vendor/laravel/framework/src/Illuminate/Database/Query/Builder.php(3090): Illuminate\\Database\\Query\\Builder->onceWithColumns(Array, Object(Closure))
#8 /Users/ahmadmhala/Downloads/RestoFy-main/app/Http/Controllers/Tenant/DashboardController.php(130): Illuminate\\Database\\Query\\Builder->get()
#9 /Users/ahmadmhala/Downloads/RestoFy-main/vendor/laravel/framework/src/Illuminate/Routing/ControllerDispatcher.php(47): App\\Http\\Controllers\\Tenant\\DashboardController->index(Object(Illuminate\\Http\\Request))
#10 /Users/ahmadmhala/Downloads/RestoFy-main/vendor/laravel/framework/src/Illuminate/Routing/Route.php(266): Illuminate\\Routing\\ControllerDispatcher->dispatch(Object(Illuminate\\Routing\\Route), Object(App\\Http\\Controllers\\Tenant\\DashboardController), 'index')
#11 /Users/ahmadmhala/Downloads/RestoFy-main/vendor/laravel/framework/src/Illuminate/Routing/Route.php(212): Illuminate\\Routing\\Route->runController()
#12 /Users/ahmadmhala/Downloads/RestoFy-main/vendor/laravel/framework/src/Illuminate/Routing/Router.php(808): Illuminate\\Routing\\Route->run()
#13 /Users/ahmadmhala/Downloads/RestoFy-main/vendor/laravel/framework/src/Illuminate/Pipeline/Pipeline.php(170): Illuminate\\Routing\\Router->{closure:Illuminate\\Routing\\Router::runRouteWithinStack():807}(Object(Illuminate\\Http\\Request))
#14 /Users/ahmadmhala/Downloads/RestoFy-main/vendor/stancl/tenancy/src/Middleware/PreventAccessFromCentralDomains.php(29): Illuminate\\Pipeline\\Pipeline->{closure:Illuminate\\Pipeline\\Pipeline::prepareDestination():168}(Object(Illuminate\\Http\\Request))
#15 /Users/ahmadmhala/Downloads/RestoFy-main/vendor/laravel/framework/src/Illuminate/Pipeline/Pipeline.php(209): Stancl\\Tenancy\\Middleware\\PreventAccessFromCentralDomains->handle(Object(Illuminate\\Http\\Request), Object(Closure))
#16 /Users/ahmadmhala/Downloads/RestoFy-main/vendor/mcamara/laravel-localization/src/Mcamara/LaravelLocalization/Middleware/LaravelLocalizationViewPath.php(33): Illuminate\\Pipeline\\Pipeline->{closure:{closure:Illuminate\\Pipeline\\Pipeline::carry():184}:185}(Object(Illuminate\\Http\\Request))
#17 /Users/ahmadmhala/Downloads/RestoFy-main/vendor/laravel/framework/src/Illuminate/Pipeline/Pipeline.php(209): Mcamara\\LaravelLocalization\\Middleware\\LaravelLocalizationViewPath->handle(Object(Illuminate\\Http\\Request), Object(Closure))
#18 /Users/ahmadmhala/Downloads/RestoFy-main/vendor/mcamara/laravel-localization/src/Mcamara/LaravelLocalization/Middleware/LaravelLocalizationRedirectFilter.php(45): Illuminate\\Pipeline\\Pipeline->{closure:{closure:Illuminate\\Pipeline\\Pipeline::carry():184}:185}(Object(Illuminate\\Http\\Request))
#19 /Users/ahmadmhala/Downloads/RestoFy-main/vendor/laravel/framework/src/Illuminate/Pipeline/Pipeline.php(209): Mcamara\\LaravelLocalization\\Middleware\\LaravelLocalizationRedirectFilter->handle(Object(Illuminate\\Http\\Request), Object(Closure))
#20 /Users/ahmadmhala/Downloads/RestoFy-main/vendor/mcamara/laravel-localization/src/Mcamara/LaravelLocalization/Middleware/LocaleSessionRedirect.php(32): Illuminate\\Pipeline\\Pipeline->{closure:{closure:Illuminate\\Pipeline\\Pipeline::carry():184}:185}(Object(Illuminate\\Http\\Request))
#21 /Users/ahmadmhala/Downloads/RestoFy-main/vendor/laravel/framework/src/Illuminate/Pipeline/Pipeline.php(209): Mcamara\\LaravelLocalization\\Middleware\\LocaleSessionRedirect->handle(Object(Illuminate\\Http\\Request), Object(Closure))
#22 /Users/ahmadmhala/Downloads/RestoFy-main/vendor/laravel/framework/src/Illuminate/Routing/Middleware/SubstituteBindings.php(51): Illuminate\\Pipeline\\Pipeline->{closure:{closure:Illuminate\\Pipeline\\Pipeline::carry():184}:185}(Object(Illuminate\\Http\\Request))
#23 /Users/ahmadmhala/Downloads/RestoFy-main/vendor/laravel/framework/src/Illuminate/Pipeline/Pipeline.php(209): Illuminate\\Routing\\Middleware\\SubstituteBindings->handle(Object(Illuminate\\Http\\Request), Object(Closure))
#24 /Users/ahmadmhala/Downloads/RestoFy-main/vendor/laravel/framework/src/Illuminate/Auth/Middleware/Authenticate.php(64): Illuminate\\Pipeline\\Pipeline->{closure:{closure:Illuminate\\Pipeline\\Pipeline::carry():184}:185}(Object(Illuminate\\Http\\Request))
#25 /Users/ahmadmhala/Downloads/RestoFy-main/vendor/laravel/framework/src/Illuminate/Pipeline/Pipeline.php(209): Illuminate\\Auth\\Middleware\\Authenticate->handle(Object(Illuminate\\Http\\Request), Object(Closure))
#26 /Users/ahmadmhala/Downloads/RestoFy-main/vendor/laravel/framework/src/Illuminate/Foundation/Http/Middleware/VerifyCsrfToken.php(88): Illuminate\\Pipeline\\Pipeline->{closure:{closure:Illuminate\\Pipeline\\Pipeline::carry():184}:185}(Object(Illuminate\\Http\\Request))
#27 /Users/ahmadmhala/Downloads/RestoFy-main/vendor/laravel/framework/src/Illuminate/Pipeline/Pipeline.php(209): Illuminate\\Foundation\\Http\\Middleware\\VerifyCsrfToken->handle(Object(Illuminate\\Http\\Request), Object(Closure))
#28 /Users/ahmadmhala/Downloads/RestoFy-main/vendor/laravel/framework/src/Illuminate/View/Middleware/ShareErrorsFromSession.php(49): Illuminate\\Pipeline\\Pipeline->{closure:{closure:Illuminate\\Pipeline\\Pipeline::carry():184}:185}(Object(Illuminate\\Http\\Request))
#29 /Users/ahmadmhala/Downloads/RestoFy-main/vendor/laravel/framework/src/Illuminate/Pipeline/Pipeline.php(209): Illuminate\\View\\Middleware\\ShareErrorsFromSession->handle(Object(Illuminate\\Http\\Request), Object(Closure))
#30 /Users/ahmadmhala/Downloads/RestoFy-main/vendor/laravel/framework/src/Illuminate/Session/Middleware/StartSession.php(121): Illuminate\\Pipeline\\Pipeline->{closure:{closure:Illuminate\\Pipeline\\Pipeline::carry():184}:185}(Object(Illuminate\\Http\\Request))
#31 /Users/ahmadmhala/Downloads/RestoFy-main/vendor/laravel/framework/src/Illuminate/Session/Middleware/StartSession.php(64): Illuminate\\Session\\Middleware\\StartSession->handleStatefulRequest(Object(Illuminate\\Http\\Request), Object(Illuminate\\Session\\Store), Object(Closure))
#32 /Users/ahmadmhala/Downloads/RestoFy-main/vendor/laravel/framework/src/Illuminate/Pipeline/Pipeline.php(209): Illuminate\\Session\\Middleware\\StartSession->handle(Object(Illuminate\\Http\\Request), Object(Closure))
#33 /Users/ahmadmhala/Downloads/RestoFy-main/vendor/laravel/framework/src/Illuminate/Cookie/Middleware/AddQueuedCookiesToResponse.php(37): Illuminate\\Pipeline\\Pipeline->{closure:{closure:Illuminate\\Pipeline\\Pipeline::carry():184}:185}(Object(Illuminate\\Http\\Request))
#34 /Users/ahmadmhala/Downloads/RestoFy-main/vendor/laravel/framework/src/Illuminate/Pipeline/Pipeline.php(209): Illuminate\\Cookie\\Middleware\\AddQueuedCookiesToResponse->handle(Object(Illuminate\\Http\\Request), Object(Closure))
#35 /Users/ahmadmhala/Downloads/RestoFy-main/vendor/laravel/framework/src/Illuminate/Cookie/Middleware/EncryptCookies.php(75): Illuminate\\Pipeline\\Pipeline->{closure:{closure:Illuminate\\Pipeline\\Pipeline::carry():184}:185}(Object(Illuminate\\Http\\Request))
#36 /Users/ahmadmhala/Downloads/RestoFy-main/vendor/laravel/framework/src/Illuminate/Pipeline/Pipeline.php(209): Illuminate\\Cookie\\Middleware\\EncryptCookies->handle(Object(Illuminate\\Http\\Request), Object(Closure))
#37 /Users/ahmadmhala/Downloads/RestoFy-main/app/Http/Middleware/InitializeTenancyByDomainOrFail.php(52): Illuminate\\Pipeline\\Pipeline->{closure:{closure:Illuminate\\Pipeline\\Pipeline::carry():184}:185}(Object(Illuminate\\Http\\Request))
#38 /Users/ahmadmhala/Downloads/RestoFy-main/vendor/laravel/framework/src/Illuminate/Pipeline/Pipeline.php(209): App\\Http\\Middleware\\InitializeTenancyByDomainOrFail->handle(Object(Illuminate\\Http\\Request), Object(Closure))
#39 /Users/ahmadmhala/Downloads/RestoFy-main/vendor/laravel/framework/src/Illuminate/Pipeline/Pipeline.php(127): Illuminate\\Pipeline\\Pipeline->{closure:{closure:Illuminate\\Pipeline\\Pipeline::carry():184}:185}(Object(Illuminate\\Http\\Request))
#40 /Users/ahmadmhala/Downloads/RestoFy-main/vendor/laravel/framework/src/Illuminate/Routing/Router.php(807): Illuminate\\Pipeline\\Pipeline->then(Object(Closure))
#41 /Users/ahmadmhala/Downloads/RestoFy-main/vendor/laravel/framework/src/Illuminate/Routing/Router.php(786): Illuminate\\Routing\\Router->runRouteWithinStack(Object(Illuminate\\Routing\\Route), Object(Illuminate\\Http\\Request))
#42 /Users/ahmadmhala/Downloads/RestoFy-main/vendor/laravel/framework/src/Illuminate/Routing/Router.php(750): Illuminate\\Routing\\Router->runRoute(Object(Illuminate\\Http\\Request), Object(Illuminate\\Routing\\Route))
#43 /Users/ahmadmhala/Downloads/RestoFy-main/vendor/laravel/framework/src/Illuminate/Routing/Router.php(739): Illuminate\\Routing\\Router->dispatchToRoute(Object(Illuminate\\Http\\Request))
#44 /Users/ahmadmhala/Downloads/RestoFy-main/vendor/laravel/framework/src/Illuminate/Foundation/Http/Kernel.php(201): Illuminate\\Routing\\Router->dispatch(Object(Illuminate\\Http\\Request))
#45 /Users/ahmadmhala/Downloads/RestoFy-main/vendor/laravel/framework/src/Illuminate/Pipeline/Pipeline.php(170): Illuminate\\Foundation\\Http\\Kernel->{closure:Illuminate\\Foundation\\Http\\Kernel::dispatchToRouter():198}(Object(Illuminate\\Http\\Request))
#46 /Users/ahmadmhala/Downloads/RestoFy-main/vendor/laravel/framework/src/Illuminate/Foundation/Http/Middleware/TransformsRequest.php(21): Illuminate\\Pipeline\\Pipeline->{closure:Illuminate\\Pipeline\\Pipeline::prepareDestination():168}(Object(Illuminate\\Http\\Request))
#47 /Users/ahmadmhala/Downloads/RestoFy-main/vendor/laravel/framework/src/Illuminate/Foundation/Http/Middleware/ConvertEmptyStringsToNull.php(31): Illuminate\\Foundation\\Http\\Middleware\\TransformsRequest->handle(Object(Illuminate\\Http\\Request), Object(Closure))
#48 /Users/ahmadmhala/Downloads/RestoFy-main/vendor/laravel/framework/src/Illuminate/Pipeline/Pipeline.php(209): Illuminate\\Foundation\\Http\\Middleware\\ConvertEmptyStringsToNull->handle(Object(Illuminate\\Http\\Request), Object(Closure))
#49 /Users/ahmadmhala/Downloads/RestoFy-main/vendor/laravel/framework/src/Illuminate/Foundation/Http/Middleware/TransformsRequest.php(21): Illuminate\\Pipeline\\Pipeline->{closure:{closure:Illuminate\\Pipeline\\Pipeline::carry():184}:185}(Object(Illuminate\\Http\\Request))
#50 /Users/ahmadmhala/Downloads/RestoFy-main/vendor/laravel/framework/src/Illuminate/Foundation/Http/Middleware/TrimStrings.php(51): Illuminate\\Foundation\\Http\\Middleware\\TransformsRequest->handle(Object(Illuminate\\Http\\Request), Object(Closure))
#51 /Users/ahmadmhala/Downloads/RestoFy-main/vendor/laravel/framework/src/Illuminate/Pipeline/Pipeline.php(209): Illuminate\\Foundation\\Http\\Middleware\\TrimStrings->handle(Object(Illuminate\\Http\\Request), Object(Closure))
#52 /Users/ahmadmhala/Downloads/RestoFy-main/vendor/laravel/framework/src/Illuminate/Http/Middleware/ValidatePostSize.php(27): Illuminate\\Pipeline\\Pipeline->{closure:{closure:Illuminate\\Pipeline\\Pipeline::carry():184}:185}(Object(Illuminate\\Http\\Request))
#53 /Users/ahmadmhala/Downloads/RestoFy-main/vendor/laravel/framework/src/Illuminate/Pipeline/Pipeline.php(209): Illuminate\\Http\\Middleware\\ValidatePostSize->handle(Object(Illuminate\\Http\\Request), Object(Closure))
#54 /Users/ahmadmhala/Downloads/RestoFy-main/vendor/laravel/framework/src/Illuminate/Foundation/Http/Middleware/PreventRequestsDuringMaintenance.php(110): Illuminate\\Pipeline\\Pipeline->{closure:{closure:Illuminate\\Pipeline\\Pipeline::carry():184}:185}(Object(Illuminate\\Http\\Request))
#55 /Users/ahmadmhala/Downloads/RestoFy-main/vendor/laravel/framework/src/Illuminate/Pipeline/Pipeline.php(209): Illuminate\\Foundation\\Http\\Middleware\\PreventRequestsDuringMaintenance->handle(Object(Illuminate\\Http\\Request), Object(Closure))
#56 /Users/ahmadmhala/Downloads/RestoFy-main/vendor/laravel/framework/src/Illuminate/Http/Middleware/HandleCors.php(49): Illuminate\\Pipeline\\Pipeline->{closure:{closure:Illuminate\\Pipeline\\Pipeline::carry():184}:185}(Object(Illuminate\\Http\\Request))
#57 /Users/ahmadmhala/Downloads/RestoFy-main/vendor/laravel/framework/src/Illuminate/Pipeline/Pipeline.php(209): Illuminate\\Http\\Middleware\\HandleCors->handle(Object(Illuminate\\Http\\Request), Object(Closure))
#58 /Users/ahmadmhala/Downloads/RestoFy-main/vendor/laravel/framework/src/Illuminate/Http/Middleware/TrustProxies.php(58): Illuminate\\Pipeline\\Pipeline->{closure:{closure:Illuminate\\Pipeline\\Pipeline::carry():184}:185}(Object(Illuminate\\Http\\Request))
#59 /Users/ahmadmhala/Downloads/RestoFy-main/vendor/laravel/framework/src/Illuminate/Pipeline/Pipeline.php(209): Illuminate\\Http\\Middleware\\TrustProxies->handle(Object(Illuminate\\Http\\Request), Object(Closure))
#60 /Users/ahmadmhala/Downloads/RestoFy-main/vendor/laravel/framework/src/Illuminate/Foundation/Http/Middleware/InvokeDeferredCallbacks.php(22): Illuminate\\Pipeline\\Pipeline->{closure:{closure:Illuminate\\Pipeline\\Pipeline::carry():184}:185}(Object(Illuminate\\Http\\Request))
#61 /Users/ahmadmhala/Downloads/RestoFy-main/vendor/laravel/framework/src/Illuminate/Pipeline/Pipeline.php(209): Illuminate\\Foundation\\Http\\Middleware\\InvokeDeferredCallbacks->handle(Object(Illuminate\\Http\\Request), Object(Closure))
#62 /Users/ahmadmhala/Downloads/RestoFy-main/vendor/laravel/framework/src/Illuminate/Pipeline/Pipeline.php(127): Illuminate\\Pipeline\\Pipeline->{closure:{closure:Illuminate\\Pipeline\\Pipeline::carry():184}:185}(Object(Illuminate\\Http\\Request))
#63 /Users/ahmadmhala/Downloads/RestoFy-main/vendor/laravel/framework/src/Illuminate/Foundation/Http/Kernel.php(176): Illuminate\\Pipeline\\Pipeline->then(Object(Closure))
#64 /Users/ahmadmhala/Downloads/RestoFy-main/vendor/laravel/framework/src/Illuminate/Foundation/Http/Kernel.php(145): Illuminate\\Foundation\\Http\\Kernel->sendRequestThroughRouter(Object(Illuminate\\Http\\Request))
#65 /Users/ahmadmhala/Downloads/RestoFy-main/vendor/laravel/framework/src/Illuminate/Foundation/Application.php(1220): Illuminate\\Foundation\\Http\\Kernel->handle(Object(Illuminate\\Http\\Request))
#66 /Users/ahmadmhala/Downloads/RestoFy-main/public/index.php(17): Illuminate\\Foundation\\Application->handleRequest(Object(Illuminate\\Http\\Request))
#67 /Users/ahmadmhala/Downloads/RestoFy-main/vendor/laravel/framework/src/Illuminate/Foundation/resources/server.php(23): require_once('/Users/ahmadmha...')
#68 {main}
"} 
[2025-12-12 22:09:29] local.INFO: Attempting to resolve tenant for domain: demo.localhost  
[2025-12-12 22:09:29] local.INFO: Tenant initialized successfully: demo  
[2025-12-12 22:09:29] local.INFO: Database bootstrapper completed for tenant: demo  
[2025-12-12 22:09:31] local.INFO: Attempting to resolve tenant for domain: demo.localhost  
[2025-12-12 22:09:31] local.INFO: Tenant initialized successfully: demo  
[2025-12-12 22:09:31] local.INFO: Database bootstrapper completed for tenant: demo  
[2025-12-12 22:09:31] local.ERROR: SQLSTATE[42883]: Undefined function: 7 ERROR:  could not identify an equality operator for type json
LINE 1: ...at" between $3 and $4 group by "menu_items"."id", "menu_item...
                                                             ^ (Connection: tenant, SQL: select "menu_items"."id", "menu_items"."name", SUM(order_items.quantity) as total_quantity from "order_items" inner join "orders" on "order_items"."order_id" = "orders"."id" inner join "menu_items" on "order_items"."menu_item_id" = "menu_items"."id" where "orders"."restaurant_id" = 1 and "orders"."status" != deleted and "orders"."created_at" between 2025-12-05 00:00:00 and 2025-12-12 23:59:59 group by "menu_items"."id", "menu_items"."name" order by "total_quantity" desc limit 5) {"userId":1,"exception":"[object] (Illuminate\\Database\\QueryException(code: 42883): SQLSTATE[42883]: Undefined function: 7 ERROR:  could not identify an equality operator for type json
LINE 1: ...at\" between $3 and $4 group by \"menu_items\".\"id\", \"menu_item...
                                                             ^ (Connection: tenant, SQL: select \"menu_items\".\"id\", \"menu_items\".\"name\", SUM(order_items.quantity) as total_quantity from \"order_items\" inner join \"orders\" on \"order_items\".\"order_id\" = \"orders\".\"id\" inner join \"menu_items\" on \"order_items\".\"menu_item_id\" = \"menu_items\".\"id\" where \"orders\".\"restaurant_id\" = 1 and \"orders\".\"status\" != deleted and \"orders\".\"created_at\" between 2025-12-05 00:00:00 and 2025-12-12 23:59:59 group by \"menu_items\".\"id\", \"menu_items\".\"name\" order by \"total_quantity\" desc limit 5) at /Users/ahmadmhala/Downloads/RestoFy-main/vendor/laravel/framework/src/Illuminate/Database/Connection.php:825)
[stacktrace]
#0 /Users/ahmadmhala/Downloads/RestoFy-main/vendor/laravel/framework/src/Illuminate/Database/Connection.php(779): Illuminate\\Database\\Connection->runQueryCallback('select \"menu_it...', Array, Object(Closure))
#1 /Users/ahmadmhala/Downloads/RestoFy-main/vendor/laravel/framework/src/Illuminate/Database/Connection.php(398): Illuminate\\Database\\Connection->run('select \"menu_it...', Array, Object(Closure))
#2 /Users/ahmadmhala/Downloads/RestoFy-main/vendor/laravel/framework/src/Illuminate/Database/Query/Builder.php(3106): Illuminate\\Database\\Connection->select('select \"menu_it...', Array, true)
#3 /Users/ahmadmhala/Downloads/RestoFy-main/vendor/laravel/framework/src/Illuminate/Database/Query/Builder.php(3091): Illuminate\\Database\\Query\\Builder->runSelect()
#4 /Users/ahmadmhala/Downloads/RestoFy-main/vendor/laravel/framework/src/Illuminate/Database/Query/Builder.php(3676): Illuminate\\Database\\Query\\Builder->{closure:Illuminate\\Database\\Query\\Builder::get():3090}()
#5 /Users/ahmadmhala/Downloads/RestoFy-main/vendor/laravel/framework/src/Illuminate/Database/Query/Builder.php(3090): Illuminate\\Database\\Query\\Builder->onceWithColumns(Array, Object(Closure))
#6 /Users/ahmadmhala/Downloads/RestoFy-main/app/Http/Controllers/Tenant/DashboardController.php(130): Illuminate\\Database\\Query\\Builder->get()
#7 /Users/ahmadmhala/Downloads/RestoFy-main/vendor/laravel/framework/src/Illuminate/Routing/ControllerDispatcher.php(47): App\\Http\\Controllers\\Tenant\\DashboardController->index(Object(Illuminate\\Http\\Request))
#8 /Users/ahmadmhala/Downloads/RestoFy-main/vendor/laravel/framework/src/Illuminate/Routing/Route.php(266): Illuminate\\Routing\\ControllerDispatcher->dispatch(Object(Illuminate\\Routing\\Route), Object(App\\Http\\Controllers\\Tenant\\DashboardController), 'index')
#9 /Users/ahmadmhala/Downloads/RestoFy-main/vendor/laravel/framework/src/Illuminate/Routing/Route.php(212): Illuminate\\Routing\\Route->runController()
#10 /Users/ahmadmhala/Downloads/RestoFy-main/vendor/laravel/framework/src/Illuminate/Routing/Router.php(808): Illuminate\\Routing\\Route->run()
#11 /Users/ahmadmhala/Downloads/RestoFy-main/vendor/laravel/framework/src/Illuminate/Pipeline/Pipeline.php(170): Illuminate\\Routing\\Router->{closure:Illuminate\\Routing\\Router::runRouteWithinStack():807}(Object(Illuminate\\Http\\Request))
#12 /Users/ahmadmhala/Downloads/RestoFy-main/vendor/stancl/tenancy/src/Middleware/PreventAccessFromCentralDomains.php(29): Illuminate\\Pipeline\\Pipeline->{closure:Illuminate\\Pipeline\\Pipeline::prepareDestination():168}(Object(Illuminate\\Http\\Request))
#13 /Users/ahmadmhala/Downloads/RestoFy-main/vendor/laravel/framework/src/Illuminate/Pipeline/Pipeline.php(209): Stancl\\Tenancy\\Middleware\\PreventAccessFromCentralDomains->handle(Object(Illuminate\\Http\\Request), Object(Closure))
#14 /Users/ahmadmhala/Downloads/RestoFy-main/vendor/mcamara/laravel-localization/src/Mcamara/LaravelLocalization/Middleware/LaravelLocalizationViewPath.php(33): Illuminate\\Pipeline\\Pipeline->{closure:{closure:Illuminate\\Pipeline\\Pipeline::carry():184}:185}(Object(Illuminate\\Http\\Request))
#15 /Users/ahmadmhala/Downloads/RestoFy-main/vendor/laravel/framework/src/Illuminate/Pipeline/Pipeline.php(209): Mcamara\\LaravelLocalization\\Middleware\\LaravelLocalizationViewPath->handle(Object(Illuminate\\Http\\Request), Object(Closure))
#16 /Users/ahmadmhala/Downloads/RestoFy-main/vendor/mcamara/laravel-localization/src/Mcamara/LaravelLocalization/Middleware/LaravelLocalizationRedirectFilter.php(45): Illuminate\\Pipeline\\Pipeline->{closure:{closure:Illuminate\\Pipeline\\Pipeline::carry():184}:185}(Object(Illuminate\\Http\\Request))
#17 /Users/ahmadmhala/Downloads/RestoFy-main/vendor/laravel/framework/src/Illuminate/Pipeline/Pipeline.php(209): Mcamara\\LaravelLocalization\\Middleware\\LaravelLocalizationRedirectFilter->handle(Object(Illuminate\\Http\\Request), Object(Closure))
#18 /Users/ahmadmhala/Downloads/RestoFy-main/vendor/mcamara/laravel-localization/src/Mcamara/LaravelLocalization/Middleware/LocaleSessionRedirect.php(32): Illuminate\\Pipeline\\Pipeline->{closure:{closure:Illuminate\\Pipeline\\Pipeline::carry():184}:185}(Object(Illuminate\\Http\\Request))
#19 /Users/ahmadmhala/Downloads/RestoFy-main/vendor/laravel/framework/src/Illuminate/Pipeline/Pipeline.php(209): Mcamara\\LaravelLocalization\\Middleware\\LocaleSessionRedirect->handle(Object(Illuminate\\Http\\Request), Object(Closure))
#20 /Users/ahmadmhala/Downloads/RestoFy-main/vendor/laravel/framework/src/Illuminate/Routing/Middleware/SubstituteBindings.php(51): Illuminate\\Pipeline\\Pipeline->{closure:{closure:Illuminate\\Pipeline\\Pipeline::carry():184}:185}(Object(Illuminate\\Http\\Request))
#21 /Users/ahmadmhala/Downloads/RestoFy-main/vendor/laravel/framework/src/Illuminate/Pipeline/Pipeline.php(209): Illuminate\\Routing\\Middleware\\SubstituteBindings->handle(Object(Illuminate\\Http\\Request), Object(Closure))
#22 /Users/ahmadmhala/Downloads/RestoFy-main/vendor/laravel/framework/src/Illuminate/Auth/Middleware/Authenticate.php(64): Illuminate\\Pipeline\\Pipeline->{closure:{closure:Illuminate\\Pipeline\\Pipeline::carry():184}:185}(Object(Illuminate\\Http\\Request))
#23 /Users/ahmadmhala/Downloads/RestoFy-main/vendor/laravel/framework/src/Illuminate/Pipeline/Pipeline.php(209): Illuminate\\Auth\\Middleware\\Authenticate->handle(Object(Illuminate\\Http\\Request), Object(Closure))
#24 /Users/ahmadmhala/Downloads/RestoFy-main/vendor/laravel/framework/src/Illuminate/Foundation/Http/Middleware/VerifyCsrfToken.php(88): Illuminate\\Pipeline\\Pipeline->{closure:{closure:Illuminate\\Pipeline\\Pipeline::carry():184}:185}(Object(Illuminate\\Http\\Request))
#25 /Users/ahmadmhala/Downloads/RestoFy-main/vendor/laravel/framework/src/Illuminate/Pipeline/Pipeline.php(209): Illuminate\\Foundation\\Http\\Middleware\\VerifyCsrfToken->handle(Object(Illuminate\\Http\\Request), Object(Closure))
#26 /Users/ahmadmhala/Downloads/RestoFy-main/vendor/laravel/framework/src/Illuminate/View/Middleware/ShareErrorsFromSession.php(49): Illuminate\\Pipeline\\Pipeline->{closure:{closure:Illuminate\\Pipeline\\Pipeline::carry():184}:185}(Object(Illuminate\\Http\\Request))
#27 /Users/ahmadmhala/Downloads/RestoFy-main/vendor/laravel/framework/src/Illuminate/Pipeline/Pipeline.php(209): Illuminate\\View\\Middleware\\ShareErrorsFromSession->handle(Object(Illuminate\\Http\\Request), Object(Closure))
#28 /Users/ahmadmhala/Downloads/RestoFy-main/vendor/laravel/framework/src/Illuminate/Session/Middleware/StartSession.php(121): Illuminate\\Pipeline\\Pipeline->{closure:{closure:Illuminate\\Pipeline\\Pipeline::carry():184}:185}(Object(Illuminate\\Http\\Request))
#29 /Users/ahmadmhala/Downloads/RestoFy-main/vendor/laravel/framework/src/Illuminate/Session/Middleware/StartSession.php(64): Illuminate\\Session\\Middleware\\StartSession->handleStatefulRequest(Object(Illuminate\\Http\\Request), Object(Illuminate\\Session\\Store), Object(Closure))
#30 /Users/ahmadmhala/Downloads/RestoFy-main/vendor/laravel/framework/src/Illuminate/Pipeline/Pipeline.php(209): Illuminate\\Session\\Middleware\\StartSession->handle(Object(Illuminate\\Http\\Request), Object(Closure))
#31 /Users/ahmadmhala/Downloads/RestoFy-main/vendor/laravel/framework/src/Illuminate/Cookie/Middleware/AddQueuedCookiesToResponse.php(37): Illuminate\\Pipeline\\Pipeline->{closure:{closure:Illuminate\\Pipeline\\Pipeline::carry():184}:185}(Object(Illuminate\\Http\\Request))
#32 /Users/ahmadmhala/Downloads/RestoFy-main/vendor/laravel/framework/src/Illuminate/Pipeline/Pipeline.php(209): Illuminate\\Cookie\\Middleware\\AddQueuedCookiesToResponse->handle(Object(Illuminate\\Http\\Request), Object(Closure))
#33 /Users/ahmadmhala/Downloads/RestoFy-main/vendor/laravel/framework/src/Illuminate/Cookie/Middleware/EncryptCookies.php(75): Illuminate\\Pipeline\\Pipeline->{closure:{closure:Illuminate\\Pipeline\\Pipeline::carry():184}:185}(Object(Illuminate\\Http\\Request))
#34 /Users/ahmadmhala/Downloads/RestoFy-main/vendor/laravel/framework/src/Illuminate/Pipeline/Pipeline.php(209): Illuminate\\Cookie\\Middleware\\EncryptCookies->handle(Object(Illuminate\\Http\\Request), Object(Closure))
#35 /Users/ahmadmhala/Downloads/RestoFy-main/app/Http/Middleware/InitializeTenancyByDomainOrFail.php(52): Illuminate\\Pipeline\\Pipeline->{closure:{closure:Illuminate\\Pipeline\\Pipeline::carry():184}:185}(Object(Illuminate\\Http\\Request))
#36 /Users/ahmadmhala/Downloads/RestoFy-main/vendor/laravel/framework/src/Illuminate/Pipeline/Pipeline.php(209): App\\Http\\Middleware\\InitializeTenancyByDomainOrFail->handle(Object(Illuminate\\Http\\Request), Object(Closure))
#37 /Users/ahmadmhala/Downloads/RestoFy-main/vendor/laravel/framework/src/Illuminate/Pipeline/Pipeline.php(127): Illuminate\\Pipeline\\Pipeline->{closure:{closure:Illuminate\\Pipeline\\Pipeline::carry():184}:185}(Object(Illuminate\\Http\\Request))
#38 /Users/ahmadmhala/Downloads/RestoFy-main/vendor/laravel/framework/src/Illuminate/Routing/Router.php(807): Illuminate\\Pipeline\\Pipeline->then(Object(Closure))
#39 /Users/ahmadmhala/Downloads/RestoFy-main/vendor/laravel/framework/src/Illuminate/Routing/Router.php(786): Illuminate\\Routing\\Router->runRouteWithinStack(Object(Illuminate\\Routing\\Route), Object(Illuminate\\Http\\Request))
#40 /Users/ahmadmhala/Downloads/RestoFy-main/vendor/laravel/framework/src/Illuminate/Routing/Router.php(750): Illuminate\\Routing\\Router->runRoute(Object(Illuminate\\Http\\Request), Object(Illuminate\\Routing\\Route))
#41 /Users/ahmadmhala/Downloads/RestoFy-main/vendor/laravel/framework/src/Illuminate/Routing/Router.php(739): Illuminate\\Routing\\Router->dispatchToRoute(Object(Illuminate\\Http\\Request))
#42 /Users/ahmadmhala/Downloads/RestoFy-main/vendor/laravel/framework/src/Illuminate/Foundation/Http/Kernel.php(201): Illuminate\\Routing\\Router->dispatch(Object(Illuminate\\Http\\Request))
#43 /Users/ahmadmhala/Downloads/RestoFy-main/vendor/laravel/framework/src/Illuminate/Pipeline/Pipeline.php(170): Illuminate\\Foundation\\Http\\Kernel->{closure:Illuminate\\Foundation\\Http\\Kernel::dispatchToRouter():198}(Object(Illuminate\\Http\\Request))
#44 /Users/ahmadmhala/Downloads/RestoFy-main/vendor/laravel/framework/src/Illuminate/Foundation/Http/Middleware/TransformsRequest.php(21): Illuminate\\Pipeline\\Pipeline->{closure:Illuminate\\Pipeline\\Pipeline::prepareDestination():168}(Object(Illuminate\\Http\\Request))
#45 /Users/ahmadmhala/Downloads/RestoFy-main/vendor/laravel/framework/src/Illuminate/Foundation/Http/Middleware/ConvertEmptyStringsToNull.php(31): Illuminate\\Foundation\\Http\\Middleware\\TransformsRequest->handle(Object(Illuminate\\Http\\Request), Object(Closure))
#46 /Users/ahmadmhala/Downloads/RestoFy-main/vendor/laravel/framework/src/Illuminate/Pipeline/Pipeline.php(209): Illuminate\\Foundation\\Http\\Middleware\\ConvertEmptyStringsToNull->handle(Object(Illuminate\\Http\\Request), Object(Closure))
#47 /Users/ahmadmhala/Downloads/RestoFy-main/vendor/laravel/framework/src/Illuminate/Foundation/Http/Middleware/TransformsRequest.php(21): Illuminate\\Pipeline\\Pipeline->{closure:{closure:Illuminate\\Pipeline\\Pipeline::carry():184}:185}(Object(Illuminate\\Http\\Request))
#48 /Users/ahmadmhala/Downloads/RestoFy-main/vendor/laravel/framework/src/Illuminate/Foundation/Http/Middleware/TrimStrings.php(51): Illuminate\\Foundation\\Http\\Middleware\\TransformsRequest->handle(Object(Illuminate\\Http\\Request), Object(Closure))
#49 /Users/ahmadmhala/Downloads/RestoFy-main/vendor/laravel/framework/src/Illuminate/Pipeline/Pipeline.php(209): Illuminate\\Foundation\\Http\\Middleware\\TrimStrings->handle(Object(Illuminate\\Http\\Request), Object(Closure))
#50 /Users/ahmadmhala/Downloads/RestoFy-main/vendor/laravel/framework/src/Illuminate/Http/Middleware/ValidatePostSize.php(27): Illuminate\\Pipeline\\Pipeline->{closure:{closure:Illuminate\\Pipeline\\Pipeline::carry():184}:185}(Object(Illuminate\\Http\\Request))
#51 /Users/ahmadmhala/Downloads/RestoFy-main/vendor/laravel/framework/src/Illuminate/Pipeline/Pipeline.php(209): Illuminate\\Http\\Middleware\\ValidatePostSize->handle(Object(Illuminate\\Http\\Request), Object(Closure))
#52 /Users/ahmadmhala/Downloads/RestoFy-main/vendor/laravel/framework/src/Illuminate/Foundation/Http/Middleware/PreventRequestsDuringMaintenance.php(110): Illuminate\\Pipeline\\Pipeline->{closure:{closure:Illuminate\\Pipeline\\Pipeline::carry():184}:185}(Object(Illuminate\\Http\\Request))
#53 /Users/ahmadmhala/Downloads/RestoFy-main/vendor/laravel/framework/src/Illuminate/Pipeline/Pipeline.php(209): Illuminate\\Foundation\\Http\\Middleware\\PreventRequestsDuringMaintenance->handle(Object(Illuminate\\Http\\Request), Object(Closure))
#54 /Users/ahmadmhala/Downloads/RestoFy-main/vendor/laravel/framework/src/Illuminate/Http/Middleware/HandleCors.php(49): Illuminate\\Pipeline\\Pipeline->{closure:{closure:Illuminate\\Pipeline\\Pipeline::carry():184}:185}(Object(Illuminate\\Http\\Request))
#55 /Users/ahmadmhala/Downloads/RestoFy-main/vendor/laravel/framework/src/Illuminate/Pipeline/Pipeline.php(209): Illuminate\\Http\\Middleware\\HandleCors->handle(Object(Illuminate\\Http\\Request), Object(Closure))
#56 /Users/ahmadmhala/Downloads/RestoFy-main/vendor/laravel/framework/src/Illuminate/Http/Middleware/TrustProxies.php(58): Illuminate\\Pipeline\\Pipeline->{closure:{closure:Illuminate\\Pipeline\\Pipeline::carry():184}:185}(Object(Illuminate\\Http\\Request))
#57 /Users/ahmadmhala/Downloads/RestoFy-main/vendor/laravel/framework/src/Illuminate/Pipeline/Pipeline.php(209): Illuminate\\Http\\Middleware\\TrustProxies->handle(Object(Illuminate\\Http\\Request), Object(Closure))
#58 /Users/ahmadmhala/Downloads/RestoFy-main/vendor/laravel/framework/src/Illuminate/Foundation/Http/Middleware/InvokeDeferredCallbacks.php(22): Illuminate\\Pipeline\\Pipeline->{closure:{closure:Illuminate\\Pipeline\\Pipeline::carry():184}:185}(Object(Illuminate\\Http\\Request))
#59 /Users/ahmadmhala/Downloads/RestoFy-main/vendor/laravel/framework/src/Illuminate/Pipeline/Pipeline.php(209): Illuminate\\Foundation\\Http\\Middleware\\InvokeDeferredCallbacks->handle(Object(Illuminate\\Http\\Request), Object(Closure))
#60 /Users/ahmadmhala/Downloads/RestoFy-main/vendor/laravel/framework/src/Illuminate/Pipeline/Pipeline.php(127): Illuminate\\Pipeline\\Pipeline->{closure:{closure:Illuminate\\Pipeline\\Pipeline::carry():184}:185}(Object(Illuminate\\Http\\Request))
#61 /Users/ahmadmhala/Downloads/RestoFy-main/vendor/laravel/framework/src/Illuminate/Foundation/Http/Kernel.php(176): Illuminate\\Pipeline\\Pipeline->then(Object(Closure))
#62 /Users/ahmadmhala/Downloads/RestoFy-main/vendor/laravel/framework/src/Illuminate/Foundation/Http/Kernel.php(145): Illuminate\\Foundation\\Http\\Kernel->sendRequestThroughRouter(Object(Illuminate\\Http\\Request))
#63 /Users/ahmadmhala/Downloads/RestoFy-main/vendor/laravel/framework/src/Illuminate/Foundation/Application.php(1220): Illuminate\\Foundation\\Http\\Kernel->handle(Object(Illuminate\\Http\\Request))
#64 /Users/ahmadmhala/Downloads/RestoFy-main/public/index.php(17): Illuminate\\Foundation\\Application->handleRequest(Object(Illuminate\\Http\\Request))
#65 /Users/ahmadmhala/Downloads/RestoFy-main/vendor/laravel/framework/src/Illuminate/Foundation/resources/server.php(23): require_once('/Users/ahmadmha...')
#66 {main}

[previous exception] [object] (PDOException(code: 42883): SQLSTATE[42883]: Undefined function: 7 ERROR:  could not identify an equality operator for type json
LINE 1: ...at\" between $3 and $4 group by \"menu_items\".\"id\", \"menu_item...
                                                             ^ at /Users/ahmadmhala/Downloads/RestoFy-main/vendor/laravel/framework/src/Illuminate/Database/Connection.php:412)
[stacktrace]
#0 /Users/ahmadmhala/Downloads/RestoFy-main/vendor/laravel/framework/src/Illuminate/Database/Connection.php(412): PDOStatement->execute()
#1 /Users/ahmadmhala/Downloads/RestoFy-main/vendor/laravel/framework/src/Illuminate/Database/Connection.php(812): Illuminate\\Database\\Connection->{closure:Illuminate\\Database\\Connection::select():398}('select \"menu_it...', Array)
#2 /Users/ahmadmhala/Downloads/RestoFy-main/vendor/laravel/framework/src/Illuminate/Database/Connection.php(779): Illuminate\\Database\\Connection->runQueryCallback('select \"menu_it...', Array, Object(Closure))
#3 /Users/ahmadmhala/Downloads/RestoFy-main/vendor/laravel/framework/src/Illuminate/Database/Connection.php(398): Illuminate\\Database\\Connection->run('select \"menu_it...', Array, Object(Closure))
#4 /Users/ahmadmhala/Downloads/RestoFy-main/vendor/laravel/framework/src/Illuminate/Database/Query/Builder.php(3106): Illuminate\\Database\\Connection->select('select \"menu_it...', Array, true)
#5 /Users/ahmadmhala/Downloads/RestoFy-main/vendor/laravel/framework/src/Illuminate/Database/Query/Builder.php(3091): Illuminate\\Database\\Query\\Builder->runSelect()
#6 /Users/ahmadmhala/Downloads/RestoFy-main/vendor/laravel/framework/src/Illuminate/Database/Query/Builder.php(3676): Illuminate\\Database\\Query\\Builder->{closure:Illuminate\\Database\\Query\\Builder::get():3090}()
#7 /Users/ahmadmhala/Downloads/RestoFy-main/vendor/laravel/framework/src/Illuminate/Database/Query/Builder.php(3090): Illuminate\\Database\\Query\\Builder->onceWithColumns(Array, Object(Closure))
#8 /Users/ahmadmhala/Downloads/RestoFy-main/app/Http/Controllers/Tenant/DashboardController.php(130): Illuminate\\Database\\Query\\Builder->get()
#9 /Users/ahmadmhala/Downloads/RestoFy-main/vendor/laravel/framework/src/Illuminate/Routing/ControllerDispatcher.php(47): App\\Http\\Controllers\\Tenant\\DashboardController->index(Object(Illuminate\\Http\\Request))
#10 /Users/ahmadmhala/Downloads/RestoFy-main/vendor/laravel/framework/src/Illuminate/Routing/Route.php(266): Illuminate\\Routing\\ControllerDispatcher->dispatch(Object(Illuminate\\Routing\\Route), Object(App\\Http\\Controllers\\Tenant\\DashboardController), 'index')
#11 /Users/ahmadmhala/Downloads/RestoFy-main/vendor/laravel/framework/src/Illuminate/Routing/Route.php(212): Illuminate\\Routing\\Route->runController()
#12 /Users/ahmadmhala/Downloads/RestoFy-main/vendor/laravel/framework/src/Illuminate/Routing/Router.php(808): Illuminate\\Routing\\Route->run()
#13 /Users/ahmadmhala/Downloads/RestoFy-main/vendor/laravel/framework/src/Illuminate/Pipeline/Pipeline.php(170): Illuminate\\Routing\\Router->{closure:Illuminate\\Routing\\Router::runRouteWithinStack():807}(Object(Illuminate\\Http\\Request))
#14 /Users/ahmadmhala/Downloads/RestoFy-main/vendor/stancl/tenancy/src/Middleware/PreventAccessFromCentralDomains.php(29): Illuminate\\Pipeline\\Pipeline->{closure:Illuminate\\Pipeline\\Pipeline::prepareDestination():168}(Object(Illuminate\\Http\\Request))
#15 /Users/ahmadmhala/Downloads/RestoFy-main/vendor/laravel/framework/src/Illuminate/Pipeline/Pipeline.php(209): Stancl\\Tenancy\\Middleware\\PreventAccessFromCentralDomains->handle(Object(Illuminate\\Http\\Request), Object(Closure))
#16 /Users/ahmadmhala/Downloads/RestoFy-main/vendor/mcamara/laravel-localization/src/Mcamara/LaravelLocalization/Middleware/LaravelLocalizationViewPath.php(33): Illuminate\\Pipeline\\Pipeline->{closure:{closure:Illuminate\\Pipeline\\Pipeline::carry():184}:185}(Object(Illuminate\\Http\\Request))
#17 /Users/ahmadmhala/Downloads/RestoFy-main/vendor/laravel/framework/src/Illuminate/Pipeline/Pipeline.php(209): Mcamara\\LaravelLocalization\\Middleware\\LaravelLocalizationViewPath->handle(Object(Illuminate\\Http\\Request), Object(Closure))
#18 /Users/ahmadmhala/Downloads/RestoFy-main/vendor/mcamara/laravel-localization/src/Mcamara/LaravelLocalization/Middleware/LaravelLocalizationRedirectFilter.php(45): Illuminate\\Pipeline\\Pipeline->{closure:{closure:Illuminate\\Pipeline\\Pipeline::carry():184}:185}(Object(Illuminate\\Http\\Request))
#19 /Users/ahmadmhala/Downloads/RestoFy-main/vendor/laravel/framework/src/Illuminate/Pipeline/Pipeline.php(209): Mcamara\\LaravelLocalization\\Middleware\\LaravelLocalizationRedirectFilter->handle(Object(Illuminate\\Http\\Request), Object(Closure))
#20 /Users/ahmadmhala/Downloads/RestoFy-main/vendor/mcamara/laravel-localization/src/Mcamara/LaravelLocalization/Middleware/LocaleSessionRedirect.php(32): Illuminate\\Pipeline\\Pipeline->{closure:{closure:Illuminate\\Pipeline\\Pipeline::carry():184}:185}(Object(Illuminate\\Http\\Request))
#21 /Users/ahmadmhala/Downloads/RestoFy-main/vendor/laravel/framework/src/Illuminate/Pipeline/Pipeline.php(209): Mcamara\\LaravelLocalization\\Middleware\\LocaleSessionRedirect->handle(Object(Illuminate\\Http\\Request), Object(Closure))
#22 /Users/ahmadmhala/Downloads/RestoFy-main/vendor/laravel/framework/src/Illuminate/Routing/Middleware/SubstituteBindings.php(51): Illuminate\\Pipeline\\Pipeline->{closure:{closure:Illuminate\\Pipeline\\Pipeline::carry():184}:185}(Object(Illuminate\\Http\\Request))
#23 /Users/ahmadmhala/Downloads/RestoFy-main/vendor/laravel/framework/src/Illuminate/Pipeline/Pipeline.php(209): Illuminate\\Routing\\Middleware\\SubstituteBindings->handle(Object(Illuminate\\Http\\Request), Object(Closure))
#24 /Users/ahmadmhala/Downloads/RestoFy-main/vendor/laravel/framework/src/Illuminate/Auth/Middleware/Authenticate.php(64): Illuminate\\Pipeline\\Pipeline->{closure:{closure:Illuminate\\Pipeline\\Pipeline::carry():184}:185}(Object(Illuminate\\Http\\Request))
#25 /Users/ahmadmhala/Downloads/RestoFy-main/vendor/laravel/framework/src/Illuminate/Pipeline/Pipeline.php(209): Illuminate\\Auth\\Middleware\\Authenticate->handle(Object(Illuminate\\Http\\Request), Object(Closure))
#26 /Users/ahmadmhala/Downloads/RestoFy-main/vendor/laravel/framework/src/Illuminate/Foundation/Http/Middleware/VerifyCsrfToken.php(88): Illuminate\\Pipeline\\Pipeline->{closure:{closure:Illuminate\\Pipeline\\Pipeline::carry():184}:185}(Object(Illuminate\\Http\\Request))
#27 /Users/ahmadmhala/Downloads/RestoFy-main/vendor/laravel/framework/src/Illuminate/Pipeline/Pipeline.php(209): Illuminate\\Foundation\\Http\\Middleware\\VerifyCsrfToken->handle(Object(Illuminate\\Http\\Request), Object(Closure))
#28 /Users/ahmadmhala/Downloads/RestoFy-main/vendor/laravel/framework/src/Illuminate/View/Middleware/ShareErrorsFromSession.php(49): Illuminate\\Pipeline\\Pipeline->{closure:{closure:Illuminate\\Pipeline\\Pipeline::carry():184}:185}(Object(Illuminate\\Http\\Request))
#29 /Users/ahmadmhala/Downloads/RestoFy-main/vendor/laravel/framework/src/Illuminate/Pipeline/Pipeline.php(209): Illuminate\\View\\Middleware\\ShareErrorsFromSession->handle(Object(Illuminate\\Http\\Request), Object(Closure))
#30 /Users/ahmadmhala/Downloads/RestoFy-main/vendor/laravel/framework/src/Illuminate/Session/Middleware/StartSession.php(121): Illuminate\\Pipeline\\Pipeline->{closure:{closure:Illuminate\\Pipeline\\Pipeline::carry():184}:185}(Object(Illuminate\\Http\\Request))
#31 /Users/ahmadmhala/Downloads/RestoFy-main/vendor/laravel/framework/src/Illuminate/Session/Middleware/StartSession.php(64): Illuminate\\Session\\Middleware\\StartSession->handleStatefulRequest(Object(Illuminate\\Http\\Request), Object(Illuminate\\Session\\Store), Object(Closure))
#32 /Users/ahmadmhala/Downloads/RestoFy-main/vendor/laravel/framework/src/Illuminate/Pipeline/Pipeline.php(209): Illuminate\\Session\\Middleware\\StartSession->handle(Object(Illuminate\\Http\\Request), Object(Closure))
#33 /Users/ahmadmhala/Downloads/RestoFy-main/vendor/laravel/framework/src/Illuminate/Cookie/Middleware/AddQueuedCookiesToResponse.php(37): Illuminate\\Pipeline\\Pipeline->{closure:{closure:Illuminate\\Pipeline\\Pipeline::carry():184}:185}(Object(Illuminate\\Http\\Request))
#34 /Users/ahmadmhala/Downloads/RestoFy-main/vendor/laravel/framework/src/Illuminate/Pipeline/Pipeline.php(209): Illuminate\\Cookie\\Middleware\\AddQueuedCookiesToResponse->handle(Object(Illuminate\\Http\\Request), Object(Closure))
#35 /Users/ahmadmhala/Downloads/RestoFy-main/vendor/laravel/framework/src/Illuminate/Cookie/Middleware/EncryptCookies.php(75): Illuminate\\Pipeline\\Pipeline->{closure:{closure:Illuminate\\Pipeline\\Pipeline::carry():184}:185}(Object(Illuminate\\Http\\Request))
#36 /Users/ahmadmhala/Downloads/RestoFy-main/vendor/laravel/framework/src/Illuminate/Pipeline/Pipeline.php(209): Illuminate\\Cookie\\Middleware\\EncryptCookies->handle(Object(Illuminate\\Http\\Request), Object(Closure))
#37 /Users/ahmadmhala/Downloads/RestoFy-main/app/Http/Middleware/InitializeTenancyByDomainOrFail.php(52): Illuminate\\Pipeline\\Pipeline->{closure:{closure:Illuminate\\Pipeline\\Pipeline::carry():184}:185}(Object(Illuminate\\Http\\Request))
#38 /Users/ahmadmhala/Downloads/RestoFy-main/vendor/laravel/framework/src/Illuminate/Pipeline/Pipeline.php(209): App\\Http\\Middleware\\InitializeTenancyByDomainOrFail->handle(Object(Illuminate\\Http\\Request), Object(Closure))
#39 /Users/ahmadmhala/Downloads/RestoFy-main/vendor/laravel/framework/src/Illuminate/Pipeline/Pipeline.php(127): Illuminate\\Pipeline\\Pipeline->{closure:{closure:Illuminate\\Pipeline\\Pipeline::carry():184}:185}(Object(Illuminate\\Http\\Request))
#40 /Users/ahmadmhala/Downloads/RestoFy-main/vendor/laravel/framework/src/Illuminate/Routing/Router.php(807): Illuminate\\Pipeline\\Pipeline->then(Object(Closure))
#41 /Users/ahmadmhala/Downloads/RestoFy-main/vendor/laravel/framework/src/Illuminate/Routing/Router.php(786): Illuminate\\Routing\\Router->runRouteWithinStack(Object(Illuminate\\Routing\\Route), Object(Illuminate\\Http\\Request))
#42 /Users/ahmadmhala/Downloads/RestoFy-main/vendor/laravel/framework/src/Illuminate/Routing/Router.php(750): Illuminate\\Routing\\Router->runRoute(Object(Illuminate\\Http\\Request), Object(Illuminate\\Routing\\Route))
#43 /Users/ahmadmhala/Downloads/RestoFy-main/vendor/laravel/framework/src/Illuminate/Routing/Router.php(739): Illuminate\\Routing\\Router->dispatchToRoute(Object(Illuminate\\Http\\Request))
#44 /Users/ahmadmhala/Downloads/RestoFy-main/vendor/laravel/framework/src/Illuminate/Foundation/Http/Kernel.php(201): Illuminate\\Routing\\Router->dispatch(Object(Illuminate\\Http\\Request))
#45 /Users/ahmadmhala/Downloads/RestoFy-main/vendor/laravel/framework/src/Illuminate/Pipeline/Pipeline.php(170): Illuminate\\Foundation\\Http\\Kernel->{closure:Illuminate\\Foundation\\Http\\Kernel::dispatchToRouter():198}(Object(Illuminate\\Http\\Request))
#46 /Users/ahmadmhala/Downloads/RestoFy-main/vendor/laravel/framework/src/Illuminate/Foundation/Http/Middleware/TransformsRequest.php(21): Illuminate\\Pipeline\\Pipeline->{closure:Illuminate\\Pipeline\\Pipeline::prepareDestination():168}(Object(Illuminate\\Http\\Request))
#47 /Users/ahmadmhala/Downloads/RestoFy-main/vendor/laravel/framework/src/Illuminate/Foundation/Http/Middleware/ConvertEmptyStringsToNull.php(31): Illuminate\\Foundation\\Http\\Middleware\\TransformsRequest->handle(Object(Illuminate\\Http\\Request), Object(Closure))
#48 /Users/ahmadmhala/Downloads/RestoFy-main/vendor/laravel/framework/src/Illuminate/Pipeline/Pipeline.php(209): Illuminate\\Foundation\\Http\\Middleware\\ConvertEmptyStringsToNull->handle(Object(Illuminate\\Http\\Request), Object(Closure))
#49 /Users/ahmadmhala/Downloads/RestoFy-main/vendor/laravel/framework/src/Illuminate/Foundation/Http/Middleware/TransformsRequest.php(21): Illuminate\\Pipeline\\Pipeline->{closure:{closure:Illuminate\\Pipeline\\Pipeline::carry():184}:185}(Object(Illuminate\\Http\\Request))
#50 /Users/ahmadmhala/Downloads/RestoFy-main/vendor/laravel/framework/src/Illuminate/Foundation/Http/Middleware/TrimStrings.php(51): Illuminate\\Foundation\\Http\\Middleware\\TransformsRequest->handle(Object(Illuminate\\Http\\Request), Object(Closure))
#51 /Users/ahmadmhala/Downloads/RestoFy-main/vendor/laravel/framework/src/Illuminate/Pipeline/Pipeline.php(209): Illuminate\\Foundation\\Http\\Middleware\\TrimStrings->handle(Object(Illuminate\\Http\\Request), Object(Closure))
#52 /Users/ahmadmhala/Downloads/RestoFy-main/vendor/laravel/framework/src/Illuminate/Http/Middleware/ValidatePostSize.php(27): Illuminate\\Pipeline\\Pipeline->{closure:{closure:Illuminate\\Pipeline\\Pipeline::carry():184}:185}(Object(Illuminate\\Http\\Request))
#53 /Users/ahmadmhala/Downloads/RestoFy-main/vendor/laravel/framework/src/Illuminate/Pipeline/Pipeline.php(209): Illuminate\\Http\\Middleware\\ValidatePostSize->handle(Object(Illuminate\\Http\\Request), Object(Closure))
#54 /Users/ahmadmhala/Downloads/RestoFy-main/vendor/laravel/framework/src/Illuminate/Foundation/Http/Middleware/PreventRequestsDuringMaintenance.php(110): Illuminate\\Pipeline\\Pipeline->{closure:{closure:Illuminate\\Pipeline\\Pipeline::carry():184}:185}(Object(Illuminate\\Http\\Request))
#55 /Users/ahmadmhala/Downloads/RestoFy-main/vendor/laravel/framework/src/Illuminate/Pipeline/Pipeline.php(209): Illuminate\\Foundation\\Http\\Middleware\\PreventRequestsDuringMaintenance->handle(Object(Illuminate\\Http\\Request), Object(Closure))
#56 /Users/ahmadmhala/Downloads/RestoFy-main/vendor/laravel/framework/src/Illuminate/Http/Middleware/HandleCors.php(49): Illuminate\\Pipeline\\Pipeline->{closure:{closure:Illuminate\\Pipeline\\Pipeline::carry():184}:185}(Object(Illuminate\\Http\\Request))
#57 /Users/ahmadmhala/Downloads/RestoFy-main/vendor/laravel/framework/src/Illuminate/Pipeline/Pipeline.php(209): Illuminate\\Http\\Middleware\\HandleCors->handle(Object(Illuminate\\Http\\Request), Object(Closure))
#58 /Users/ahmadmhala/Downloads/RestoFy-main/vendor/laravel/framework/src/Illuminate/Http/Middleware/TrustProxies.php(58): Illuminate\\Pipeline\\Pipeline->{closure:{closure:Illuminate\\Pipeline\\Pipeline::carry():184}:185}(Object(Illuminate\\Http\\Request))
#59 /Users/ahmadmhala/Downloads/RestoFy-main/vendor/laravel/framework/src/Illuminate/Pipeline/Pipeline.php(209): Illuminate\\Http\\Middleware\\TrustProxies->handle(Object(Illuminate\\Http\\Request), Object(Closure))
#60 /Users/ahmadmhala/Downloads/RestoFy-main/vendor/laravel/framework/src/Illuminate/Foundation/Http/Middleware/InvokeDeferredCallbacks.php(22): Illuminate\\Pipeline\\Pipeline->{closure:{closure:Illuminate\\Pipeline\\Pipeline::carry():184}:185}(Object(Illuminate\\Http\\Request))
#61 /Users/ahmadmhala/Downloads/RestoFy-main/vendor/laravel/framework/src/Illuminate/Pipeline/Pipeline.php(209): Illuminate\\Foundation\\Http\\Middleware\\InvokeDeferredCallbacks->handle(Object(Illuminate\\Http\\Request), Object(Closure))
#62 /Users/ahmadmhala/Downloads/RestoFy-main/vendor/laravel/framework/src/Illuminate/Pipeline/Pipeline.php(127): Illuminate\\Pipeline\\Pipeline->{closure:{closure:Illuminate\\Pipeline\\Pipeline::carry():184}:185}(Object(Illuminate\\Http\\Request))
#63 /Users/ahmadmhala/Downloads/RestoFy-main/vendor/laravel/framework/src/Illuminate/Foundation/Http/Kernel.php(176): Illuminate\\Pipeline\\Pipeline->then(Object(Closure))
#64 /Users/ahmadmhala/Downloads/RestoFy-main/vendor/laravel/framework/src/Illuminate/Foundation/Http/Kernel.php(145): Illuminate\\Foundation\\Http\\Kernel->sendRequestThroughRouter(Object(Illuminate\\Http\\Request))
#65 /Users/ahmadmhala/Downloads/RestoFy-main/vendor/laravel/framework/src/Illuminate/Foundation/Application.php(1220): Illuminate\\Foundation\\Http\\Kernel->handle(Object(Illuminate\\Http\\Request))
#66 /Users/ahmadmhala/Downloads/RestoFy-main/public/index.php(17): Illuminate\\Foundation\\Application->handleRequest(Object(Illuminate\\Http\\Request))
#67 /Users/ahmadmhala/Downloads/RestoFy-main/vendor/laravel/framework/src/Illuminate/Foundation/resources/server.php(23): require_once('/Users/ahmadmha...')
#68 {main}
"} 
[2025-12-12 22:09:41] local.INFO: Attempting to resolve tenant for domain: demo.localhost  
[2025-12-12 22:09:41] local.INFO: Tenant initialized successfully: demo  
[2025-12-12 22:09:41] local.INFO: Database bootstrapper completed for tenant: demo  
[2025-12-12 22:09:43] local.INFO: Attempting to resolve tenant for domain: demo.localhost  
[2025-12-12 22:09:43] local.INFO: Tenant initialized successfully: demo  
[2025-12-12 22:09:43] local.INFO: Database bootstrapper completed for tenant: demo  
[2025-12-12 22:09:43] local.ERROR: SQLSTATE[42883]: Undefined function: 7 ERROR:  could not identify an equality operator for type json
LINE 1: ...at" between $3 and $4 group by "menu_items"."id", "menu_item...
                                                             ^ (Connection: tenant, SQL: select "menu_items"."id", "menu_items"."name", SUM(order_items.quantity) as total_quantity from "order_items" inner join "orders" on "order_items"."order_id" = "orders"."id" inner join "menu_items" on "order_items"."menu_item_id" = "menu_items"."id" where "orders"."restaurant_id" = 1 and "orders"."status" != deleted and "orders"."created_at" between 2025-12-05 00:00:00 and 2025-12-12 23:59:59 group by "menu_items"."id", "menu_items"."name" order by "total_quantity" desc limit 5) {"userId":1,"exception":"[object] (Illuminate\\Database\\QueryException(code: 42883): SQLSTATE[42883]: Undefined function: 7 ERROR:  could not identify an equality operator for type json
LINE 1: ...at\" between $3 and $4 group by \"menu_items\".\"id\", \"menu_item...
                                                             ^ (Connection: tenant, SQL: select \"menu_items\".\"id\", \"menu_items\".\"name\", SUM(order_items.quantity) as total_quantity from \"order_items\" inner join \"orders\" on \"order_items\".\"order_id\" = \"orders\".\"id\" inner join \"menu_items\" on \"order_items\".\"menu_item_id\" = \"menu_items\".\"id\" where \"orders\".\"restaurant_id\" = 1 and \"orders\".\"status\" != deleted and \"orders\".\"created_at\" between 2025-12-05 00:00:00 and 2025-12-12 23:59:59 group by \"menu_items\".\"id\", \"menu_items\".\"name\" order by \"total_quantity\" desc limit 5) at /Users/ahmadmhala/Downloads/RestoFy-main/vendor/laravel/framework/src/Illuminate/Database/Connection.php:825)
[stacktrace]
#0 /Users/ahmadmhala/Downloads/RestoFy-main/vendor/laravel/framework/src/Illuminate/Database/Connection.php(779): Illuminate\\Database\\Connection->runQueryCallback('select \"menu_it...', Array, Object(Closure))
#1 /Users/ahmadmhala/Downloads/RestoFy-main/vendor/laravel/framework/src/Illuminate/Database/Connection.php(398): Illuminate\\Database\\Connection->run('select \"menu_it...', Array, Object(Closure))
#2 /Users/ahmadmhala/Downloads/RestoFy-main/vendor/laravel/framework/src/Illuminate/Database/Query/Builder.php(3106): Illuminate\\Database\\Connection->select('select \"menu_it...', Array, true)
#3 /Users/ahmadmhala/Downloads/RestoFy-main/vendor/laravel/framework/src/Illuminate/Database/Query/Builder.php(3091): Illuminate\\Database\\Query\\Builder->runSelect()
#4 /Users/ahmadmhala/Downloads/RestoFy-main/vendor/laravel/framework/src/Illuminate/Database/Query/Builder.php(3676): Illuminate\\Database\\Query\\Builder->{closure:Illuminate\\Database\\Query\\Builder::get():3090}()
#5 /Users/ahmadmhala/Downloads/RestoFy-main/vendor/laravel/framework/src/Illuminate/Database/Query/Builder.php(3090): Illuminate\\Database\\Query\\Builder->onceWithColumns(Array, Object(Closure))
#6 /Users/ahmadmhala/Downloads/RestoFy-main/app/Http/Controllers/Tenant/DashboardController.php(130): Illuminate\\Database\\Query\\Builder->get()
#7 /Users/ahmadmhala/Downloads/RestoFy-main/vendor/laravel/framework/src/Illuminate/Routing/ControllerDispatcher.php(47): App\\Http\\Controllers\\Tenant\\DashboardController->index(Object(Illuminate\\Http\\Request))
#8 /Users/ahmadmhala/Downloads/RestoFy-main/vendor/laravel/framework/src/Illuminate/Routing/Route.php(266): Illuminate\\Routing\\ControllerDispatcher->dispatch(Object(Illuminate\\Routing\\Route), Object(App\\Http\\Controllers\\Tenant\\DashboardController), 'index')
#9 /Users/ahmadmhala/Downloads/RestoFy-main/vendor/laravel/framework/src/Illuminate/Routing/Route.php(212): Illuminate\\Routing\\Route->runController()
#10 /Users/ahmadmhala/Downloads/RestoFy-main/vendor/laravel/framework/src/Illuminate/Routing/Router.php(808): Illuminate\\Routing\\Route->run()
#11 /Users/ahmadmhala/Downloads/RestoFy-main/vendor/laravel/framework/src/Illuminate/Pipeline/Pipeline.php(170): Illuminate\\Routing\\Router->{closure:Illuminate\\Routing\\Router::runRouteWithinStack():807}(Object(Illuminate\\Http\\Request))
#12 /Users/ahmadmhala/Downloads/RestoFy-main/vendor/stancl/tenancy/src/Middleware/PreventAccessFromCentralDomains.php(29): Illuminate\\Pipeline\\Pipeline->{closure:Illuminate\\Pipeline\\Pipeline::prepareDestination():168}(Object(Illuminate\\Http\\Request))
#13 /Users/ahmadmhala/Downloads/RestoFy-main/vendor/laravel/framework/src/Illuminate/Pipeline/Pipeline.php(209): Stancl\\Tenancy\\Middleware\\PreventAccessFromCentralDomains->handle(Object(Illuminate\\Http\\Request), Object(Closure))
#14 /Users/ahmadmhala/Downloads/RestoFy-main/vendor/mcamara/laravel-localization/src/Mcamara/LaravelLocalization/Middleware/LaravelLocalizationViewPath.php(33): Illuminate\\Pipeline\\Pipeline->{closure:{closure:Illuminate\\Pipeline\\Pipeline::carry():184}:185}(Object(Illuminate\\Http\\Request))
#15 /Users/ahmadmhala/Downloads/RestoFy-main/vendor/laravel/framework/src/Illuminate/Pipeline/Pipeline.php(209): Mcamara\\LaravelLocalization\\Middleware\\LaravelLocalizationViewPath->handle(Object(Illuminate\\Http\\Request), Object(Closure))
#16 /Users/ahmadmhala/Downloads/RestoFy-main/vendor/mcamara/laravel-localization/src/Mcamara/LaravelLocalization/Middleware/LaravelLocalizationRedirectFilter.php(45): Illuminate\\Pipeline\\Pipeline->{closure:{closure:Illuminate\\Pipeline\\Pipeline::carry():184}:185}(Object(Illuminate\\Http\\Request))
#17 /Users/ahmadmhala/Downloads/RestoFy-main/vendor/laravel/framework/src/Illuminate/Pipeline/Pipeline.php(209): Mcamara\\LaravelLocalization\\Middleware\\LaravelLocalizationRedirectFilter->handle(Object(Illuminate\\Http\\Request), Object(Closure))
#18 /Users/ahmadmhala/Downloads/RestoFy-main/vendor/mcamara/laravel-localization/src/Mcamara/LaravelLocalization/Middleware/LocaleSessionRedirect.php(32): Illuminate\\Pipeline\\Pipeline->{closure:{closure:Illuminate\\Pipeline\\Pipeline::carry():184}:185}(Object(Illuminate\\Http\\Request))
#19 /Users/ahmadmhala/Downloads/RestoFy-main/vendor/laravel/framework/src/Illuminate/Pipeline/Pipeline.php(209): Mcamara\\LaravelLocalization\\Middleware\\LocaleSessionRedirect->handle(Object(Illuminate\\Http\\Request), Object(Closure))
#20 /Users/ahmadmhala/Downloads/RestoFy-main/vendor/laravel/framework/src/Illuminate/Routing/Middleware/SubstituteBindings.php(51): Illuminate\\Pipeline\\Pipeline->{closure:{closure:Illuminate\\Pipeline\\Pipeline::carry():184}:185}(Object(Illuminate\\Http\\Request))
#21 /Users/ahmadmhala/Downloads/RestoFy-main/vendor/laravel/framework/src/Illuminate/Pipeline/Pipeline.php(209): Illuminate\\Routing\\Middleware\\SubstituteBindings->handle(Object(Illuminate\\Http\\Request), Object(Closure))
#22 /Users/ahmadmhala/Downloads/RestoFy-main/vendor/laravel/framework/src/Illuminate/Auth/Middleware/Authenticate.php(64): Illuminate\\Pipeline\\Pipeline->{closure:{closure:Illuminate\\Pipeline\\Pipeline::carry():184}:185}(Object(Illuminate\\Http\\Request))
#23 /Users/ahmadmhala/Downloads/RestoFy-main/vendor/laravel/framework/src/Illuminate/Pipeline/Pipeline.php(209): Illuminate\\Auth\\Middleware\\Authenticate->handle(Object(Illuminate\\Http\\Request), Object(Closure))
#24 /Users/ahmadmhala/Downloads/RestoFy-main/vendor/laravel/framework/src/Illuminate/Foundation/Http/Middleware/VerifyCsrfToken.php(88): Illuminate\\Pipeline\\Pipeline->{closure:{closure:Illuminate\\Pipeline\\Pipeline::carry():184}:185}(Object(Illuminate\\Http\\Request))
#25 /Users/ahmadmhala/Downloads/RestoFy-main/vendor/laravel/framework/src/Illuminate/Pipeline/Pipeline.php(209): Illuminate\\Foundation\\Http\\Middleware\\VerifyCsrfToken->handle(Object(Illuminate\\Http\\Request), Object(Closure))
#26 /Users/ahmadmhala/Downloads/RestoFy-main/vendor/laravel/framework/src/Illuminate/View/Middleware/ShareErrorsFromSession.php(49): Illuminate\\Pipeline\\Pipeline->{closure:{closure:Illuminate\\Pipeline\\Pipeline::carry():184}:185}(Object(Illuminate\\Http\\Request))
#27 /Users/ahmadmhala/Downloads/RestoFy-main/vendor/laravel/framework/src/Illuminate/Pipeline/Pipeline.php(209): Illuminate\\View\\Middleware\\ShareErrorsFromSession->handle(Object(Illuminate\\Http\\Request), Object(Closure))
#28 /Users/ahmadmhala/Downloads/RestoFy-main/vendor/laravel/framework/src/Illuminate/Session/Middleware/StartSession.php(121): Illuminate\\Pipeline\\Pipeline->{closure:{closure:Illuminate\\Pipeline\\Pipeline::carry():184}:185}(Object(Illuminate\\Http\\Request))
#29 /Users/ahmadmhala/Downloads/RestoFy-main/vendor/laravel/framework/src/Illuminate/Session/Middleware/StartSession.php(64): Illuminate\\Session\\Middleware\\StartSession->handleStatefulRequest(Object(Illuminate\\Http\\Request), Object(Illuminate\\Session\\Store), Object(Closure))
#30 /Users/ahmadmhala/Downloads/RestoFy-main/vendor/laravel/framework/src/Illuminate/Pipeline/Pipeline.php(209): Illuminate\\Session\\Middleware\\StartSession->handle(Object(Illuminate\\Http\\Request), Object(Closure))
#31 /Users/ahmadmhala/Downloads/RestoFy-main/vendor/laravel/framework/src/Illuminate/Cookie/Middleware/AddQueuedCookiesToResponse.php(37): Illuminate\\Pipeline\\Pipeline->{closure:{closure:Illuminate\\Pipeline\\Pipeline::carry():184}:185}(Object(Illuminate\\Http\\Request))
#32 /Users/ahmadmhala/Downloads/RestoFy-main/vendor/laravel/framework/src/Illuminate/Pipeline/Pipeline.php(209): Illuminate\\Cookie\\Middleware\\AddQueuedCookiesToResponse->handle(Object(Illuminate\\Http\\Request), Object(Closure))
#33 /Users/ahmadmhala/Downloads/RestoFy-main/vendor/laravel/framework/src/Illuminate/Cookie/Middleware/EncryptCookies.php(75): Illuminate\\Pipeline\\Pipeline->{closure:{closure:Illuminate\\Pipeline\\Pipeline::carry():184}:185}(Object(Illuminate\\Http\\Request))
#34 /Users/ahmadmhala/Downloads/RestoFy-main/vendor/laravel/framework/src/Illuminate/Pipeline/Pipeline.php(209): Illuminate\\Cookie\\Middleware\\EncryptCookies->handle(Object(Illuminate\\Http\\Request), Object(Closure))
#35 /Users/ahmadmhala/Downloads/RestoFy-main/app/Http/Middleware/InitializeTenancyByDomainOrFail.php(52): Illuminate\\Pipeline\\Pipeline->{closure:{closure:Illuminate\\Pipeline\\Pipeline::carry():184}:185}(Object(Illuminate\\Http\\Request))
#36 /Users/ahmadmhala/Downloads/RestoFy-main/vendor/laravel/framework/src/Illuminate/Pipeline/Pipeline.php(209): App\\Http\\Middleware\\InitializeTenancyByDomainOrFail->handle(Object(Illuminate\\Http\\Request), Object(Closure))
#37 /Users/ahmadmhala/Downloads/RestoFy-main/vendor/laravel/framework/src/Illuminate/Pipeline/Pipeline.php(127): Illuminate\\Pipeline\\Pipeline->{closure:{closure:Illuminate\\Pipeline\\Pipeline::carry():184}:185}(Object(Illuminate\\Http\\Request))
#38 /Users/ahmadmhala/Downloads/RestoFy-main/vendor/laravel/framework/src/Illuminate/Routing/Router.php(807): Illuminate\\Pipeline\\Pipeline->then(Object(Closure))
#39 /Users/ahmadmhala/Downloads/RestoFy-main/vendor/laravel/framework/src/Illuminate/Routing/Router.php(786): Illuminate\\Routing\\Router->runRouteWithinStack(Object(Illuminate\\Routing\\Route), Object(Illuminate\\Http\\Request))
#40 /Users/ahmadmhala/Downloads/RestoFy-main/vendor/laravel/framework/src/Illuminate/Routing/Router.php(750): Illuminate\\Routing\\Router->runRoute(Object(Illuminate\\Http\\Request), Object(Illuminate\\Routing\\Route))
#41 /Users/ahmadmhala/Downloads/RestoFy-main/vendor/laravel/framework/src/Illuminate/Routing/Router.php(739): Illuminate\\Routing\\Router->dispatchToRoute(Object(Illuminate\\Http\\Request))
#42 /Users/ahmadmhala/Downloads/RestoFy-main/vendor/laravel/framework/src/Illuminate/Foundation/Http/Kernel.php(201): Illuminate\\Routing\\Router->dispatch(Object(Illuminate\\Http\\Request))
#43 /Users/ahmadmhala/Downloads/RestoFy-main/vendor/laravel/framework/src/Illuminate/Pipeline/Pipeline.php(170): Illuminate\\Foundation\\Http\\Kernel->{closure:Illuminate\\Foundation\\Http\\Kernel::dispatchToRouter():198}(Object(Illuminate\\Http\\Request))
#44 /Users/ahmadmhala/Downloads/RestoFy-main/vendor/laravel/framework/src/Illuminate/Foundation/Http/Middleware/TransformsRequest.php(21): Illuminate\\Pipeline\\Pipeline->{closure:Illuminate\\Pipeline\\Pipeline::prepareDestination():168}(Object(Illuminate\\Http\\Request))
#45 /Users/ahmadmhala/Downloads/RestoFy-main/vendor/laravel/framework/src/Illuminate/Foundation/Http/Middleware/ConvertEmptyStringsToNull.php(31): Illuminate\\Foundation\\Http\\Middleware\\TransformsRequest->handle(Object(Illuminate\\Http\\Request), Object(Closure))
#46 /Users/ahmadmhala/Downloads/RestoFy-main/vendor/laravel/framework/src/Illuminate/Pipeline/Pipeline.php(209): Illuminate\\Foundation\\Http\\Middleware\\ConvertEmptyStringsToNull->handle(Object(Illuminate\\Http\\Request), Object(Closure))
#47 /Users/ahmadmhala/Downloads/RestoFy-main/vendor/laravel/framework/src/Illuminate/Foundation/Http/Middleware/TransformsRequest.php(21): Illuminate\\Pipeline\\Pipeline->{closure:{closure:Illuminate\\Pipeline\\Pipeline::carry():184}:185}(Object(Illuminate\\Http\\Request))
#48 /Users/ahmadmhala/Downloads/RestoFy-main/vendor/laravel/framework/src/Illuminate/Foundation/Http/Middleware/TrimStrings.php(51): Illuminate\\Foundation\\Http\\Middleware\\TransformsRequest->handle(Object(Illuminate\\Http\\Request), Object(Closure))
#49 /Users/ahmadmhala/Downloads/RestoFy-main/vendor/laravel/framework/src/Illuminate/Pipeline/Pipeline.php(209): Illuminate\\Foundation\\Http\\Middleware\\TrimStrings->handle(Object(Illuminate\\Http\\Request), Object(Closure))
#50 /Users/ahmadmhala/Downloads/RestoFy-main/vendor/laravel/framework/src/Illuminate/Http/Middleware/ValidatePostSize.php(27): Illuminate\\Pipeline\\Pipeline->{closure:{closure:Illuminate\\Pipeline\\Pipeline::carry():184}:185}(Object(Illuminate\\Http\\Request))
#51 /Users/ahmadmhala/Downloads/RestoFy-main/vendor/laravel/framework/src/Illuminate/Pipeline/Pipeline.php(209): Illuminate\\Http\\Middleware\\ValidatePostSize->handle(Object(Illuminate\\Http\\Request), Object(Closure))
#52 /Users/ahmadmhala/Downloads/RestoFy-main/vendor/laravel/framework/src/Illuminate/Foundation/Http/Middleware/PreventRequestsDuringMaintenance.php(110): Illuminate\\Pipeline\\Pipeline->{closure:{closure:Illuminate\\Pipeline\\Pipeline::carry():184}:185}(Object(Illuminate\\Http\\Request))
#53 /Users/ahmadmhala/Downloads/RestoFy-main/vendor/laravel/framework/src/Illuminate/Pipeline/Pipeline.php(209): Illuminate\\Foundation\\Http\\Middleware\\PreventRequestsDuringMaintenance->handle(Object(Illuminate\\Http\\Request), Object(Closure))
#54 /Users/ahmadmhala/Downloads/RestoFy-main/vendor/laravel/framework/src/Illuminate/Http/Middleware/HandleCors.php(49): Illuminate\\Pipeline\\Pipeline->{closure:{closure:Illuminate\\Pipeline\\Pipeline::carry():184}:185}(Object(Illuminate\\Http\\Request))
#55 /Users/ahmadmhala/Downloads/RestoFy-main/vendor/laravel/framework/src/Illuminate/Pipeline/Pipeline.php(209): Illuminate\\Http\\Middleware\\HandleCors->handle(Object(Illuminate\\Http\\Request), Object(Closure))
#56 /Users/ahmadmhala/Downloads/RestoFy-main/vendor/laravel/framework/src/Illuminate/Http/Middleware/TrustProxies.php(58): Illuminate\\Pipeline\\Pipeline->{closure:{closure:Illuminate\\Pipeline\\Pipeline::carry():184}:185}(Object(Illuminate\\Http\\Request))
#57 /Users/ahmadmhala/Downloads/RestoFy-main/vendor/laravel/framework/src/Illuminate/Pipeline/Pipeline.php(209): Illuminate\\Http\\Middleware\\TrustProxies->handle(Object(Illuminate\\Http\\Request), Object(Closure))
#58 /Users/ahmadmhala/Downloads/RestoFy-main/vendor/laravel/framework/src/Illuminate/Foundation/Http/Middleware/InvokeDeferredCallbacks.php(22): Illuminate\\Pipeline\\Pipeline->{closure:{closure:Illuminate\\Pipeline\\Pipeline::carry():184}:185}(Object(Illuminate\\Http\\Request))
#59 /Users/ahmadmhala/Downloads/RestoFy-main/vendor/laravel/framework/src/Illuminate/Pipeline/Pipeline.php(209): Illuminate\\Foundation\\Http\\Middleware\\InvokeDeferredCallbacks->handle(Object(Illuminate\\Http\\Request), Object(Closure))
#60 /Users/ahmadmhala/Downloads/RestoFy-main/vendor/laravel/framework/src/Illuminate/Pipeline/Pipeline.php(127): Illuminate\\Pipeline\\Pipeline->{closure:{closure:Illuminate\\Pipeline\\Pipeline::carry():184}:185}(Object(Illuminate\\Http\\Request))
#61 /Users/ahmadmhala/Downloads/RestoFy-main/vendor/laravel/framework/src/Illuminate/Foundation/Http/Kernel.php(176): Illuminate\\Pipeline\\Pipeline->then(Object(Closure))
#62 /Users/ahmadmhala/Downloads/RestoFy-main/vendor/laravel/framework/src/Illuminate/Foundation/Http/Kernel.php(145): Illuminate\\Foundation\\Http\\Kernel->sendRequestThroughRouter(Object(Illuminate\\Http\\Request))
#63 /Users/ahmadmhala/Downloads/RestoFy-main/vendor/laravel/framework/src/Illuminate/Foundation/Application.php(1220): Illuminate\\Foundation\\Http\\Kernel->handle(Object(Illuminate\\Http\\Request))
#64 /Users/ahmadmhala/Downloads/RestoFy-main/public/index.php(17): Illuminate\\Foundation\\Application->handleRequest(Object(Illuminate\\Http\\Request))
#65 /Users/ahmadmhala/Downloads/RestoFy-main/vendor/laravel/framework/src/Illuminate/Foundation/resources/server.php(23): require_once('/Users/ahmadmha...')
#66 {main}

[previous exception] [object] (PDOException(code: 42883): SQLSTATE[42883]: Undefined function: 7 ERROR:  could not identify an equality operator for type json
LINE 1: ...at\" between $3 and $4 group by \"menu_items\".\"id\", \"menu_item...
                                                             ^ at /Users/ahmadmhala/Downloads/RestoFy-main/vendor/laravel/framework/src/Illuminate/Database/Connection.php:412)
[stacktrace]
#0 /Users/ahmadmhala/Downloads/RestoFy-main/vendor/laravel/framework/src/Illuminate/Database/Connection.php(412): PDOStatement->execute()
#1 /Users/ahmadmhala/Downloads/RestoFy-main/vendor/laravel/framework/src/Illuminate/Database/Connection.php(812): Illuminate\\Database\\Connection->{closure:Illuminate\\Database\\Connection::select():398}('select \"menu_it...', Array)
#2 /Users/ahmadmhala/Downloads/RestoFy-main/vendor/laravel/framework/src/Illuminate/Database/Connection.php(779): Illuminate\\Database\\Connection->runQueryCallback('select \"menu_it...', Array, Object(Closure))
#3 /Users/ahmadmhala/Downloads/RestoFy-main/vendor/laravel/framework/src/Illuminate/Database/Connection.php(398): Illuminate\\Database\\Connection->run('select \"menu_it...', Array, Object(Closure))
#4 /Users/ahmadmhala/Downloads/RestoFy-main/vendor/laravel/framework/src/Illuminate/Database/Query/Builder.php(3106): Illuminate\\Database\\Connection->select('select \"menu_it...', Array, true)
#5 /Users/ahmadmhala/Downloads/RestoFy-main/vendor/laravel/framework/src/Illuminate/Database/Query/Builder.php(3091): Illuminate\\Database\\Query\\Builder->runSelect()
#6 /Users/ahmadmhala/Downloads/RestoFy-main/vendor/laravel/framework/src/Illuminate/Database/Query/Builder.php(3676): Illuminate\\Database\\Query\\Builder->{closure:Illuminate\\Database\\Query\\Builder::get():3090}()
#7 /Users/ahmadmhala/Downloads/RestoFy-main/vendor/laravel/framework/src/Illuminate/Database/Query/Builder.php(3090): Illuminate\\Database\\Query\\Builder->onceWithColumns(Array, Object(Closure))
#8 /Users/ahmadmhala/Downloads/RestoFy-main/app/Http/Controllers/Tenant/DashboardController.php(130): Illuminate\\Database\\Query\\Builder->get()
#9 /Users/ahmadmhala/Downloads/RestoFy-main/vendor/laravel/framework/src/Illuminate/Routing/ControllerDispatcher.php(47): App\\Http\\Controllers\\Tenant\\DashboardController->index(Object(Illuminate\\Http\\Request))
#10 /Users/ahmadmhala/Downloads/RestoFy-main/vendor/laravel/framework/src/Illuminate/Routing/Route.php(266): Illuminate\\Routing\\ControllerDispatcher->dispatch(Object(Illuminate\\Routing\\Route), Object(App\\Http\\Controllers\\Tenant\\DashboardController), 'index')
#11 /Users/ahmadmhala/Downloads/RestoFy-main/vendor/laravel/framework/src/Illuminate/Routing/Route.php(212): Illuminate\\Routing\\Route->runController()
#12 /Users/ahmadmhala/Downloads/RestoFy-main/vendor/laravel/framework/src/Illuminate/Routing/Router.php(808): Illuminate\\Routing\\Route->run()
#13 /Users/ahmadmhala/Downloads/RestoFy-main/vendor/laravel/framework/src/Illuminate/Pipeline/Pipeline.php(170): Illuminate\\Routing\\Router->{closure:Illuminate\\Routing\\Router::runRouteWithinStack():807}(Object(Illuminate\\Http\\Request))
#14 /Users/ahmadmhala/Downloads/RestoFy-main/vendor/stancl/tenancy/src/Middleware/PreventAccessFromCentralDomains.php(29): Illuminate\\Pipeline\\Pipeline->{closure:Illuminate\\Pipeline\\Pipeline::prepareDestination():168}(Object(Illuminate\\Http\\Request))
#15 /Users/ahmadmhala/Downloads/RestoFy-main/vendor/laravel/framework/src/Illuminate/Pipeline/Pipeline.php(209): Stancl\\Tenancy\\Middleware\\PreventAccessFromCentralDomains->handle(Object(Illuminate\\Http\\Request), Object(Closure))
#16 /Users/ahmadmhala/Downloads/RestoFy-main/vendor/mcamara/laravel-localization/src/Mcamara/LaravelLocalization/Middleware/LaravelLocalizationViewPath.php(33): Illuminate\\Pipeline\\Pipeline->{closure:{closure:Illuminate\\Pipeline\\Pipeline::carry():184}:185}(Object(Illuminate\\Http\\Request))
#17 /Users/ahmadmhala/Downloads/RestoFy-main/vendor/laravel/framework/src/Illuminate/Pipeline/Pipeline.php(209): Mcamara\\LaravelLocalization\\Middleware\\LaravelLocalizationViewPath->handle(Object(Illuminate\\Http\\Request), Object(Closure))
#18 /Users/ahmadmhala/Downloads/RestoFy-main/vendor/mcamara/laravel-localization/src/Mcamara/LaravelLocalization/Middleware/LaravelLocalizationRedirectFilter.php(45): Illuminate\\Pipeline\\Pipeline->{closure:{closure:Illuminate\\Pipeline\\Pipeline::carry():184}:185}(Object(Illuminate\\Http\\Request))
#19 /Users/ahmadmhala/Downloads/RestoFy-main/vendor/laravel/framework/src/Illuminate/Pipeline/Pipeline.php(209): Mcamara\\LaravelLocalization\\Middleware\\LaravelLocalizationRedirectFilter->handle(Object(Illuminate\\Http\\Request), Object(Closure))
#20 /Users/ahmadmhala/Downloads/RestoFy-main/vendor/mcamara/laravel-localization/src/Mcamara/LaravelLocalization/Middleware/LocaleSessionRedirect.php(32): Illuminate\\Pipeline\\Pipeline->{closure:{closure:Illuminate\\Pipeline\\Pipeline::carry():184}:185}(Object(Illuminate\\Http\\Request))
#21 /Users/ahmadmhala/Downloads/RestoFy-main/vendor/laravel/framework/src/Illuminate/Pipeline/Pipeline.php(209): Mcamara\\LaravelLocalization\\Middleware\\LocaleSessionRedirect->handle(Object(Illuminate\\Http\\Request), Object(Closure))
#22 /Users/ahmadmhala/Downloads/RestoFy-main/vendor/laravel/framework/src/Illuminate/Routing/Middleware/SubstituteBindings.php(51): Illuminate\\Pipeline\\Pipeline->{closure:{closure:Illuminate\\Pipeline\\Pipeline::carry():184}:185}(Object(Illuminate\\Http\\Request))
#23 /Users/ahmadmhala/Downloads/RestoFy-main/vendor/laravel/framework/src/Illuminate/Pipeline/Pipeline.php(209): Illuminate\\Routing\\Middleware\\SubstituteBindings->handle(Object(Illuminate\\Http\\Request), Object(Closure))
#24 /Users/ahmadmhala/Downloads/RestoFy-main/vendor/laravel/framework/src/Illuminate/Auth/Middleware/Authenticate.php(64): Illuminate\\Pipeline\\Pipeline->{closure:{closure:Illuminate\\Pipeline\\Pipeline::carry():184}:185}(Object(Illuminate\\Http\\Request))
#25 /Users/ahmadmhala/Downloads/RestoFy-main/vendor/laravel/framework/src/Illuminate/Pipeline/Pipeline.php(209): Illuminate\\Auth\\Middleware\\Authenticate->handle(Object(Illuminate\\Http\\Request), Object(Closure))
#26 /Users/ahmadmhala/Downloads/RestoFy-main/vendor/laravel/framework/src/Illuminate/Foundation/Http/Middleware/VerifyCsrfToken.php(88): Illuminate\\Pipeline\\Pipeline->{closure:{closure:Illuminate\\Pipeline\\Pipeline::carry():184}:185}(Object(Illuminate\\Http\\Request))
#27 /Users/ahmadmhala/Downloads/RestoFy-main/vendor/laravel/framework/src/Illuminate/Pipeline/Pipeline.php(209): Illuminate\\Foundation\\Http\\Middleware\\VerifyCsrfToken->handle(Object(Illuminate\\Http\\Request), Object(Closure))
#28 /Users/ahmadmhala/Downloads/RestoFy-main/vendor/laravel/framework/src/Illuminate/View/Middleware/ShareErrorsFromSession.php(49): Illuminate\\Pipeline\\Pipeline->{closure:{closure:Illuminate\\Pipeline\\Pipeline::carry():184}:185}(Object(Illuminate\\Http\\Request))
#29 /Users/ahmadmhala/Downloads/RestoFy-main/vendor/laravel/framework/src/Illuminate/Pipeline/Pipeline.php(209): Illuminate\\View\\Middleware\\ShareErrorsFromSession->handle(Object(Illuminate\\Http\\Request), Object(Closure))
#30 /Users/ahmadmhala/Downloads/RestoFy-main/vendor/laravel/framework/src/Illuminate/Session/Middleware/StartSession.php(121): Illuminate\\Pipeline\\Pipeline->{closure:{closure:Illuminate\\Pipeline\\Pipeline::carry():184}:185}(Object(Illuminate\\Http\\Request))
#31 /Users/ahmadmhala/Downloads/RestoFy-main/vendor/laravel/framework/src/Illuminate/Session/Middleware/StartSession.php(64): Illuminate\\Session\\Middleware\\StartSession->handleStatefulRequest(Object(Illuminate\\Http\\Request), Object(Illuminate\\Session\\Store), Object(Closure))
#32 /Users/ahmadmhala/Downloads/RestoFy-main/vendor/laravel/framework/src/Illuminate/Pipeline/Pipeline.php(209): Illuminate\\Session\\Middleware\\StartSession->handle(Object(Illuminate\\Http\\Request), Object(Closure))
#33 /Users/ahmadmhala/Downloads/RestoFy-main/vendor/laravel/framework/src/Illuminate/Cookie/Middleware/AddQueuedCookiesToResponse.php(37): Illuminate\\Pipeline\\Pipeline->{closure:{closure:Illuminate\\Pipeline\\Pipeline::carry():184}:185}(Object(Illuminate\\Http\\Request))
#34 /Users/ahmadmhala/Downloads/RestoFy-main/vendor/laravel/framework/src/Illuminate/Pipeline/Pipeline.php(209): Illuminate\\Cookie\\Middleware\\AddQueuedCookiesToResponse->handle(Object(Illuminate\\Http\\Request), Object(Closure))
#35 /Users/ahmadmhala/Downloads/RestoFy-main/vendor/laravel/framework/src/Illuminate/Cookie/Middleware/EncryptCookies.php(75): Illuminate\\Pipeline\\Pipeline->{closure:{closure:Illuminate\\Pipeline\\Pipeline::carry():184}:185}(Object(Illuminate\\Http\\Request))
#36 /Users/ahmadmhala/Downloads/RestoFy-main/vendor/laravel/framework/src/Illuminate/Pipeline/Pipeline.php(209): Illuminate\\Cookie\\Middleware\\EncryptCookies->handle(Object(Illuminate\\Http\\Request), Object(Closure))
#37 /Users/ahmadmhala/Downloads/RestoFy-main/app/Http/Middleware/InitializeTenancyByDomainOrFail.php(52): Illuminate\\Pipeline\\Pipeline->{closure:{closure:Illuminate\\Pipeline\\Pipeline::carry():184}:185}(Object(Illuminate\\Http\\Request))
#38 /Users/ahmadmhala/Downloads/RestoFy-main/vendor/laravel/framework/src/Illuminate/Pipeline/Pipeline.php(209): App\\Http\\Middleware\\InitializeTenancyByDomainOrFail->handle(Object(Illuminate\\Http\\Request), Object(Closure))
#39 /Users/ahmadmhala/Downloads/RestoFy-main/vendor/laravel/framework/src/Illuminate/Pipeline/Pipeline.php(127): Illuminate\\Pipeline\\Pipeline->{closure:{closure:Illuminate\\Pipeline\\Pipeline::carry():184}:185}(Object(Illuminate\\Http\\Request))
#40 /Users/ahmadmhala/Downloads/RestoFy-main/vendor/laravel/framework/src/Illuminate/Routing/Router.php(807): Illuminate\\Pipeline\\Pipeline->then(Object(Closure))
#41 /Users/ahmadmhala/Downloads/RestoFy-main/vendor/laravel/framework/src/Illuminate/Routing/Router.php(786): Illuminate\\Routing\\Router->runRouteWithinStack(Object(Illuminate\\Routing\\Route), Object(Illuminate\\Http\\Request))
#42 /Users/ahmadmhala/Downloads/RestoFy-main/vendor/laravel/framework/src/Illuminate/Routing/Router.php(750): Illuminate\\Routing\\Router->runRoute(Object(Illuminate\\Http\\Request), Object(Illuminate\\Routing\\Route))
#43 /Users/ahmadmhala/Downloads/RestoFy-main/vendor/laravel/framework/src/Illuminate/Routing/Router.php(739): Illuminate\\Routing\\Router->dispatchToRoute(Object(Illuminate\\Http\\Request))
#44 /Users/ahmadmhala/Downloads/RestoFy-main/vendor/laravel/framework/src/Illuminate/Foundation/Http/Kernel.php(201): Illuminate\\Routing\\Router->dispatch(Object(Illuminate\\Http\\Request))
#45 /Users/ahmadmhala/Downloads/RestoFy-main/vendor/laravel/framework/src/Illuminate/Pipeline/Pipeline.php(170): Illuminate\\Foundation\\Http\\Kernel->{closure:Illuminate\\Foundation\\Http\\Kernel::dispatchToRouter():198}(Object(Illuminate\\Http\\Request))
#46 /Users/ahmadmhala/Downloads/RestoFy-main/vendor/laravel/framework/src/Illuminate/Foundation/Http/Middleware/TransformsRequest.php(21): Illuminate\\Pipeline\\Pipeline->{closure:Illuminate\\Pipeline\\Pipeline::prepareDestination():168}(Object(Illuminate\\Http\\Request))
#47 /Users/ahmadmhala/Downloads/RestoFy-main/vendor/laravel/framework/src/Illuminate/Foundation/Http/Middleware/ConvertEmptyStringsToNull.php(31): Illuminate\\Foundation\\Http\\Middleware\\TransformsRequest->handle(Object(Illuminate\\Http\\Request), Object(Closure))
#48 /Users/ahmadmhala/Downloads/RestoFy-main/vendor/laravel/framework/src/Illuminate/Pipeline/Pipeline.php(209): Illuminate\\Foundation\\Http\\Middleware\\ConvertEmptyStringsToNull->handle(Object(Illuminate\\Http\\Request), Object(Closure))
#49 /Users/ahmadmhala/Downloads/RestoFy-main/vendor/laravel/framework/src/Illuminate/Foundation/Http/Middleware/TransformsRequest.php(21): Illuminate\\Pipeline\\Pipeline->{closure:{closure:Illuminate\\Pipeline\\Pipeline::carry():184}:185}(Object(Illuminate\\Http\\Request))
#50 /Users/ahmadmhala/Downloads/RestoFy-main/vendor/laravel/framework/src/Illuminate/Foundation/Http/Middleware/TrimStrings.php(51): Illuminate\\Foundation\\Http\\Middleware\\TransformsRequest->handle(Object(Illuminate\\Http\\Request), Object(Closure))
#51 /Users/ahmadmhala/Downloads/RestoFy-main/vendor/laravel/framework/src/Illuminate/Pipeline/Pipeline.php(209): Illuminate\\Foundation\\Http\\Middleware\\TrimStrings->handle(Object(Illuminate\\Http\\Request), Object(Closure))
#52 /Users/ahmadmhala/Downloads/RestoFy-main/vendor/laravel/framework/src/Illuminate/Http/Middleware/ValidatePostSize.php(27): Illuminate\\Pipeline\\Pipeline->{closure:{closure:Illuminate\\Pipeline\\Pipeline::carry():184}:185}(Object(Illuminate\\Http\\Request))
#53 /Users/ahmadmhala/Downloads/RestoFy-main/vendor/laravel/framework/src/Illuminate/Pipeline/Pipeline.php(209): Illuminate\\Http\\Middleware\\ValidatePostSize->handle(Object(Illuminate\\Http\\Request), Object(Closure))
#54 /Users/ahmadmhala/Downloads/RestoFy-main/vendor/laravel/framework/src/Illuminate/Foundation/Http/Middleware/PreventRequestsDuringMaintenance.php(110): Illuminate\\Pipeline\\Pipeline->{closure:{closure:Illuminate\\Pipeline\\Pipeline::carry():184}:185}(Object(Illuminate\\Http\\Request))
#55 /Users/ahmadmhala/Downloads/RestoFy-main/vendor/laravel/framework/src/Illuminate/Pipeline/Pipeline.php(209): Illuminate\\Foundation\\Http\\Middleware\\PreventRequestsDuringMaintenance->handle(Object(Illuminate\\Http\\Request), Object(Closure))
#56 /Users/ahmadmhala/Downloads/RestoFy-main/vendor/laravel/framework/src/Illuminate/Http/Middleware/HandleCors.php(49): Illuminate\\Pipeline\\Pipeline->{closure:{closure:Illuminate\\Pipeline\\Pipeline::carry():184}:185}(Object(Illuminate\\Http\\Request))
#57 /Users/ahmadmhala/Downloads/RestoFy-main/vendor/laravel/framework/src/Illuminate/Pipeline/Pipeline.php(209): Illuminate\\Http\\Middleware\\HandleCors->handle(Object(Illuminate\\Http\\Request), Object(Closure))
#58 /Users/ahmadmhala/Downloads/RestoFy-main/vendor/laravel/framework/src/Illuminate/Http/Middleware/TrustProxies.php(58): Illuminate\\Pipeline\\Pipeline->{closure:{closure:Illuminate\\Pipeline\\Pipeline::carry():184}:185}(Object(Illuminate\\Http\\Request))
#59 /Users/ahmadmhala/Downloads/RestoFy-main/vendor/laravel/framework/src/Illuminate/Pipeline/Pipeline.php(209): Illuminate\\Http\\Middleware\\TrustProxies->handle(Object(Illuminate\\Http\\Request), Object(Closure))
#60 /Users/ahmadmhala/Downloads/RestoFy-main/vendor/laravel/framework/src/Illuminate/Foundation/Http/Middleware/InvokeDeferredCallbacks.php(22): Illuminate\\Pipeline\\Pipeline->{closure:{closure:Illuminate\\Pipeline\\Pipeline::carry():184}:185}(Object(Illuminate\\Http\\Request))
#61 /Users/ahmadmhala/Downloads/RestoFy-main/vendor/laravel/framework/src/Illuminate/Pipeline/Pipeline.php(209): Illuminate\\Foundation\\Http\\Middleware\\InvokeDeferredCallbacks->handle(Object(Illuminate\\Http\\Request), Object(Closure))
#62 /Users/ahmadmhala/Downloads/RestoFy-main/vendor/laravel/framework/src/Illuminate/Pipeline/Pipeline.php(127): Illuminate\\Pipeline\\Pipeline->{closure:{closure:Illuminate\\Pipeline\\Pipeline::carry():184}:185}(Object(Illuminate\\Http\\Request))
#63 /Users/ahmadmhala/Downloads/RestoFy-main/vendor/laravel/framework/src/Illuminate/Foundation/Http/Kernel.php(176): Illuminate\\Pipeline\\Pipeline->then(Object(Closure))
#64 /Users/ahmadmhala/Downloads/RestoFy-main/vendor/laravel/framework/src/Illuminate/Foundation/Http/Kernel.php(145): Illuminate\\Foundation\\Http\\Kernel->sendRequestThroughRouter(Object(Illuminate\\Http\\Request))
#65 /Users/ahmadmhala/Downloads/RestoFy-main/vendor/laravel/framework/src/Illuminate/Foundation/Application.php(1220): Illuminate\\Foundation\\Http\\Kernel->handle(Object(Illuminate\\Http\\Request))
#66 /Users/ahmadmhala/Downloads/RestoFy-main/public/index.php(17): Illuminate\\Foundation\\Application->handleRequest(Object(Illuminate\\Http\\Request))
#67 /Users/ahmadmhala/Downloads/RestoFy-main/vendor/laravel/framework/src/Illuminate/Foundation/resources/server.php(23): require_once('/Users/ahmadmha...')
#68 {main}
"} 
[2025-12-12 22:09:50] local.INFO: Attempting to resolve tenant for domain: demo.localhost  
[2025-12-12 22:09:50] local.INFO: Tenant initialized successfully: demo  
[2025-12-12 22:09:50] local.INFO: Database bootstrapper completed for tenant: demo  
[2025-12-12 22:09:50] local.INFO: Attempting to resolve tenant for domain: demo.localhost  
[2025-12-12 22:09:50] local.INFO: Tenant initialized successfully: demo  
[2025-12-12 22:09:50] local.INFO: Database bootstrapper completed for tenant: demo  
[2025-12-12 22:09:51] local.INFO: Attempting to resolve tenant for domain: demo.localhost  
[2025-12-12 22:09:51] local.INFO: Tenant initialized successfully: demo  
[2025-12-12 22:09:51] local.INFO: Database bootstrapper completed for tenant: demo  
[2025-12-12 22:10:19] local.INFO: Attempting to resolve tenant for domain: demo.localhost  
[2025-12-12 22:10:19] local.INFO: Tenant initialized successfully: demo  
[2025-12-12 22:10:19] local.INFO: Database bootstrapper completed for tenant: demo  
[2025-12-12 22:10:20] local.INFO: Attempting to resolve tenant for domain: demo.localhost  
[2025-12-12 22:10:20] local.INFO: Tenant initialized successfully: demo  
[2025-12-12 22:10:20] local.INFO: Database bootstrapper completed for tenant: demo  
[2025-12-12 22:10:20] local.ERROR: SQLSTATE[42883]: Undefined function: 7 ERROR:  could not identify an equality operator for type json
LINE 1: ...at" between $3 and $4 group by "menu_items"."id", "menu_item...
                                                             ^ (Connection: tenant, SQL: select "menu_items"."id", "menu_items"."name", SUM(order_items.quantity) as total_quantity from "order_items" inner join "orders" on "order_items"."order_id" = "orders"."id" inner join "menu_items" on "order_items"."menu_item_id" = "menu_items"."id" where "orders"."restaurant_id" = 1 and "orders"."status" != deleted and "orders"."created_at" between 2025-12-05 00:00:00 and 2025-12-12 23:59:59 group by "menu_items"."id", "menu_items"."name" order by "total_quantity" desc limit 5) {"userId":1,"exception":"[object] (Illuminate\\Database\\QueryException(code: 42883): SQLSTATE[42883]: Undefined function: 7 ERROR:  could not identify an equality operator for type json
LINE 1: ...at\" between $3 and $4 group by \"menu_items\".\"id\", \"menu_item...
                                                             ^ (Connection: tenant, SQL: select \"menu_items\".\"id\", \"menu_items\".\"name\", SUM(order_items.quantity) as total_quantity from \"order_items\" inner join \"orders\" on \"order_items\".\"order_id\" = \"orders\".\"id\" inner join \"menu_items\" on \"order_items\".\"menu_item_id\" = \"menu_items\".\"id\" where \"orders\".\"restaurant_id\" = 1 and \"orders\".\"status\" != deleted and \"orders\".\"created_at\" between 2025-12-05 00:00:00 and 2025-12-12 23:59:59 group by \"menu_items\".\"id\", \"menu_items\".\"name\" order by \"total_quantity\" desc limit 5) at /Users/ahmadmhala/Downloads/RestoFy-main/vendor/laravel/framework/src/Illuminate/Database/Connection.php:825)
[stacktrace]
#0 /Users/ahmadmhala/Downloads/RestoFy-main/vendor/laravel/framework/src/Illuminate/Database/Connection.php(779): Illuminate\\Database\\Connection->runQueryCallback('select \"menu_it...', Array, Object(Closure))
#1 /Users/ahmadmhala/Downloads/RestoFy-main/vendor/laravel/framework/src/Illuminate/Database/Connection.php(398): Illuminate\\Database\\Connection->run('select \"menu_it...', Array, Object(Closure))
#2 /Users/ahmadmhala/Downloads/RestoFy-main/vendor/laravel/framework/src/Illuminate/Database/Query/Builder.php(3106): Illuminate\\Database\\Connection->select('select \"menu_it...', Array, true)
#3 /Users/ahmadmhala/Downloads/RestoFy-main/vendor/laravel/framework/src/Illuminate/Database/Query/Builder.php(3091): Illuminate\\Database\\Query\\Builder->runSelect()
#4 /Users/ahmadmhala/Downloads/RestoFy-main/vendor/laravel/framework/src/Illuminate/Database/Query/Builder.php(3676): Illuminate\\Database\\Query\\Builder->{closure:Illuminate\\Database\\Query\\Builder::get():3090}()
#5 /Users/ahmadmhala/Downloads/RestoFy-main/vendor/laravel/framework/src/Illuminate/Database/Query/Builder.php(3090): Illuminate\\Database\\Query\\Builder->onceWithColumns(Array, Object(Closure))
#6 /Users/ahmadmhala/Downloads/RestoFy-main/app/Http/Controllers/Tenant/DashboardController.php(130): Illuminate\\Database\\Query\\Builder->get()
#7 /Users/ahmadmhala/Downloads/RestoFy-main/vendor/laravel/framework/src/Illuminate/Routing/ControllerDispatcher.php(47): App\\Http\\Controllers\\Tenant\\DashboardController->index(Object(Illuminate\\Http\\Request))
#8 /Users/ahmadmhala/Downloads/RestoFy-main/vendor/laravel/framework/src/Illuminate/Routing/Route.php(266): Illuminate\\Routing\\ControllerDispatcher->dispatch(Object(Illuminate\\Routing\\Route), Object(App\\Http\\Controllers\\Tenant\\DashboardController), 'index')
#9 /Users/ahmadmhala/Downloads/RestoFy-main/vendor/laravel/framework/src/Illuminate/Routing/Route.php(212): Illuminate\\Routing\\Route->runController()
#10 /Users/ahmadmhala/Downloads/RestoFy-main/vendor/laravel/framework/src/Illuminate/Routing/Router.php(808): Illuminate\\Routing\\Route->run()
#11 /Users/ahmadmhala/Downloads/RestoFy-main/vendor/laravel/framework/src/Illuminate/Pipeline/Pipeline.php(170): Illuminate\\Routing\\Router->{closure:Illuminate\\Routing\\Router::runRouteWithinStack():807}(Object(Illuminate\\Http\\Request))
#12 /Users/ahmadmhala/Downloads/RestoFy-main/vendor/stancl/tenancy/src/Middleware/PreventAccessFromCentralDomains.php(29): Illuminate\\Pipeline\\Pipeline->{closure:Illuminate\\Pipeline\\Pipeline::prepareDestination():168}(Object(Illuminate\\Http\\Request))
#13 /Users/ahmadmhala/Downloads/RestoFy-main/vendor/laravel/framework/src/Illuminate/Pipeline/Pipeline.php(209): Stancl\\Tenancy\\Middleware\\PreventAccessFromCentralDomains->handle(Object(Illuminate\\Http\\Request), Object(Closure))
#14 /Users/ahmadmhala/Downloads/RestoFy-main/vendor/mcamara/laravel-localization/src/Mcamara/LaravelLocalization/Middleware/LaravelLocalizationViewPath.php(33): Illuminate\\Pipeline\\Pipeline->{closure:{closure:Illuminate\\Pipeline\\Pipeline::carry():184}:185}(Object(Illuminate\\Http\\Request))
#15 /Users/ahmadmhala/Downloads/RestoFy-main/vendor/laravel/framework/src/Illuminate/Pipeline/Pipeline.php(209): Mcamara\\LaravelLocalization\\Middleware\\LaravelLocalizationViewPath->handle(Object(Illuminate\\Http\\Request), Object(Closure))
#16 /Users/ahmadmhala/Downloads/RestoFy-main/vendor/mcamara/laravel-localization/src/Mcamara/LaravelLocalization/Middleware/LaravelLocalizationRedirectFilter.php(45): Illuminate\\Pipeline\\Pipeline->{closure:{closure:Illuminate\\Pipeline\\Pipeline::carry():184}:185}(Object(Illuminate\\Http\\Request))
#17 /Users/ahmadmhala/Downloads/RestoFy-main/vendor/laravel/framework/src/Illuminate/Pipeline/Pipeline.php(209): Mcamara\\LaravelLocalization\\Middleware\\LaravelLocalizationRedirectFilter->handle(Object(Illuminate\\Http\\Request), Object(Closure))
#18 /Users/ahmadmhala/Downloads/RestoFy-main/vendor/mcamara/laravel-localization/src/Mcamara/LaravelLocalization/Middleware/LocaleSessionRedirect.php(32): Illuminate\\Pipeline\\Pipeline->{closure:{closure:Illuminate\\Pipeline\\Pipeline::carry():184}:185}(Object(Illuminate\\Http\\Request))
#19 /Users/ahmadmhala/Downloads/RestoFy-main/vendor/laravel/framework/src/Illuminate/Pipeline/Pipeline.php(209): Mcamara\\LaravelLocalization\\Middleware\\LocaleSessionRedirect->handle(Object(Illuminate\\Http\\Request), Object(Closure))
#20 /Users/ahmadmhala/Downloads/RestoFy-main/vendor/laravel/framework/src/Illuminate/Routing/Middleware/SubstituteBindings.php(51): Illuminate\\Pipeline\\Pipeline->{closure:{closure:Illuminate\\Pipeline\\Pipeline::carry():184}:185}(Object(Illuminate\\Http\\Request))
#21 /Users/ahmadmhala/Downloads/RestoFy-main/vendor/laravel/framework/src/Illuminate/Pipeline/Pipeline.php(209): Illuminate\\Routing\\Middleware\\SubstituteBindings->handle(Object(Illuminate\\Http\\Request), Object(Closure))
#22 /Users/ahmadmhala/Downloads/RestoFy-main/vendor/laravel/framework/src/Illuminate/Auth/Middleware/Authenticate.php(64): Illuminate\\Pipeline\\Pipeline->{closure:{closure:Illuminate\\Pipeline\\Pipeline::carry():184}:185}(Object(Illuminate\\Http\\Request))
#23 /Users/ahmadmhala/Downloads/RestoFy-main/vendor/laravel/framework/src/Illuminate/Pipeline/Pipeline.php(209): Illuminate\\Auth\\Middleware\\Authenticate->handle(Object(Illuminate\\Http\\Request), Object(Closure))
#24 /Users/ahmadmhala/Downloads/RestoFy-main/vendor/laravel/framework/src/Illuminate/Foundation/Http/Middleware/VerifyCsrfToken.php(88): Illuminate\\Pipeline\\Pipeline->{closure:{closure:Illuminate\\Pipeline\\Pipeline::carry():184}:185}(Object(Illuminate\\Http\\Request))
#25 /Users/ahmadmhala/Downloads/RestoFy-main/vendor/laravel/framework/src/Illuminate/Pipeline/Pipeline.php(209): Illuminate\\Foundation\\Http\\Middleware\\VerifyCsrfToken->handle(Object(Illuminate\\Http\\Request), Object(Closure))
#26 /Users/ahmadmhala/Downloads/RestoFy-main/vendor/laravel/framework/src/Illuminate/View/Middleware/ShareErrorsFromSession.php(49): Illuminate\\Pipeline\\Pipeline->{closure:{closure:Illuminate\\Pipeline\\Pipeline::carry():184}:185}(Object(Illuminate\\Http\\Request))
#27 /Users/ahmadmhala/Downloads/RestoFy-main/vendor/laravel/framework/src/Illuminate/Pipeline/Pipeline.php(209): Illuminate\\View\\Middleware\\ShareErrorsFromSession->handle(Object(Illuminate\\Http\\Request), Object(Closure))
#28 /Users/ahmadmhala/Downloads/RestoFy-main/vendor/laravel/framework/src/Illuminate/Session/Middleware/StartSession.php(121): Illuminate\\Pipeline\\Pipeline->{closure:{closure:Illuminate\\Pipeline\\Pipeline::carry():184}:185}(Object(Illuminate\\Http\\Request))
#29 /Users/ahmadmhala/Downloads/RestoFy-main/vendor/laravel/framework/src/Illuminate/Session/Middleware/StartSession.php(64): Illuminate\\Session\\Middleware\\StartSession->handleStatefulRequest(Object(Illuminate\\Http\\Request), Object(Illuminate\\Session\\Store), Object(Closure))
#30 /Users/ahmadmhala/Downloads/RestoFy-main/vendor/laravel/framework/src/Illuminate/Pipeline/Pipeline.php(209): Illuminate\\Session\\Middleware\\StartSession->handle(Object(Illuminate\\Http\\Request), Object(Closure))
#31 /Users/ahmadmhala/Downloads/RestoFy-main/vendor/laravel/framework/src/Illuminate/Cookie/Middleware/AddQueuedCookiesToResponse.php(37): Illuminate\\Pipeline\\Pipeline->{closure:{closure:Illuminate\\Pipeline\\Pipeline::carry():184}:185}(Object(Illuminate\\Http\\Request))
#32 /Users/ahmadmhala/Downloads/RestoFy-main/vendor/laravel/framework/src/Illuminate/Pipeline/Pipeline.php(209): Illuminate\\Cookie\\Middleware\\AddQueuedCookiesToResponse->handle(Object(Illuminate\\Http\\Request), Object(Closure))
#33 /Users/ahmadmhala/Downloads/RestoFy-main/vendor/laravel/framework/src/Illuminate/Cookie/Middleware/EncryptCookies.php(75): Illuminate\\Pipeline\\Pipeline->{closure:{closure:Illuminate\\Pipeline\\Pipeline::carry():184}:185}(Object(Illuminate\\Http\\Request))
#34 /Users/ahmadmhala/Downloads/RestoFy-main/vendor/laravel/framework/src/Illuminate/Pipeline/Pipeline.php(209): Illuminate\\Cookie\\Middleware\\EncryptCookies->handle(Object(Illuminate\\Http\\Request), Object(Closure))
#35 /Users/ahmadmhala/Downloads/RestoFy-main/app/Http/Middleware/InitializeTenancyByDomainOrFail.php(52): Illuminate\\Pipeline\\Pipeline->{closure:{closure:Illuminate\\Pipeline\\Pipeline::carry():184}:185}(Object(Illuminate\\Http\\Request))
#36 /Users/ahmadmhala/Downloads/RestoFy-main/vendor/laravel/framework/src/Illuminate/Pipeline/Pipeline.php(209): App\\Http\\Middleware\\InitializeTenancyByDomainOrFail->handle(Object(Illuminate\\Http\\Request), Object(Closure))
#37 /Users/ahmadmhala/Downloads/RestoFy-main/vendor/laravel/framework/src/Illuminate/Pipeline/Pipeline.php(127): Illuminate\\Pipeline\\Pipeline->{closure:{closure:Illuminate\\Pipeline\\Pipeline::carry():184}:185}(Object(Illuminate\\Http\\Request))
#38 /Users/ahmadmhala/Downloads/RestoFy-main/vendor/laravel/framework/src/Illuminate/Routing/Router.php(807): Illuminate\\Pipeline\\Pipeline->then(Object(Closure))
#39 /Users/ahmadmhala/Downloads/RestoFy-main/vendor/laravel/framework/src/Illuminate/Routing/Router.php(786): Illuminate\\Routing\\Router->runRouteWithinStack(Object(Illuminate\\Routing\\Route), Object(Illuminate\\Http\\Request))
#40 /Users/ahmadmhala/Downloads/RestoFy-main/vendor/laravel/framework/src/Illuminate/Routing/Router.php(750): Illuminate\\Routing\\Router->runRoute(Object(Illuminate\\Http\\Request), Object(Illuminate\\Routing\\Route))
#41 /Users/ahmadmhala/Downloads/RestoFy-main/vendor/laravel/framework/src/Illuminate/Routing/Router.php(739): Illuminate\\Routing\\Router->dispatchToRoute(Object(Illuminate\\Http\\Request))
#42 /Users/ahmadmhala/Downloads/RestoFy-main/vendor/laravel/framework/src/Illuminate/Foundation/Http/Kernel.php(201): Illuminate\\Routing\\Router->dispatch(Object(Illuminate\\Http\\Request))
#43 /Users/ahmadmhala/Downloads/RestoFy-main/vendor/laravel/framework/src/Illuminate/Pipeline/Pipeline.php(170): Illuminate\\Foundation\\Http\\Kernel->{closure:Illuminate\\Foundation\\Http\\Kernel::dispatchToRouter():198}(Object(Illuminate\\Http\\Request))
#44 /Users/ahmadmhala/Downloads/RestoFy-main/vendor/laravel/framework/src/Illuminate/Foundation/Http/Middleware/TransformsRequest.php(21): Illuminate\\Pipeline\\Pipeline->{closure:Illuminate\\Pipeline\\Pipeline::prepareDestination():168}(Object(Illuminate\\Http\\Request))
#45 /Users/ahmadmhala/Downloads/RestoFy-main/vendor/laravel/framework/src/Illuminate/Foundation/Http/Middleware/ConvertEmptyStringsToNull.php(31): Illuminate\\Foundation\\Http\\Middleware\\TransformsRequest->handle(Object(Illuminate\\Http\\Request), Object(Closure))
#46 /Users/ahmadmhala/Downloads/RestoFy-main/vendor/laravel/framework/src/Illuminate/Pipeline/Pipeline.php(209): Illuminate\\Foundation\\Http\\Middleware\\ConvertEmptyStringsToNull->handle(Object(Illuminate\\Http\\Request), Object(Closure))
#47 /Users/ahmadmhala/Downloads/RestoFy-main/vendor/laravel/framework/src/Illuminate/Foundation/Http/Middleware/TransformsRequest.php(21): Illuminate\\Pipeline\\Pipeline->{closure:{closure:Illuminate\\Pipeline\\Pipeline::carry():184}:185}(Object(Illuminate\\Http\\Request))
#48 /Users/ahmadmhala/Downloads/RestoFy-main/vendor/laravel/framework/src/Illuminate/Foundation/Http/Middleware/TrimStrings.php(51): Illuminate\\Foundation\\Http\\Middleware\\TransformsRequest->handle(Object(Illuminate\\Http\\Request), Object(Closure))
#49 /Users/ahmadmhala/Downloads/RestoFy-main/vendor/laravel/framework/src/Illuminate/Pipeline/Pipeline.php(209): Illuminate\\Foundation\\Http\\Middleware\\TrimStrings->handle(Object(Illuminate\\Http\\Request), Object(Closure))
#50 /Users/ahmadmhala/Downloads/RestoFy-main/vendor/laravel/framework/src/Illuminate/Http/Middleware/ValidatePostSize.php(27): Illuminate\\Pipeline\\Pipeline->{closure:{closure:Illuminate\\Pipeline\\Pipeline::carry():184}:185}(Object(Illuminate\\Http\\Request))
#51 /Users/ahmadmhala/Downloads/RestoFy-main/vendor/laravel/framework/src/Illuminate/Pipeline/Pipeline.php(209): Illuminate\\Http\\Middleware\\ValidatePostSize->handle(Object(Illuminate\\Http\\Request), Object(Closure))
#52 /Users/ahmadmhala/Downloads/RestoFy-main/vendor/laravel/framework/src/Illuminate/Foundation/Http/Middleware/PreventRequestsDuringMaintenance.php(110): Illuminate\\Pipeline\\Pipeline->{closure:{closure:Illuminate\\Pipeline\\Pipeline::carry():184}:185}(Object(Illuminate\\Http\\Request))
#53 /Users/ahmadmhala/Downloads/RestoFy-main/vendor/laravel/framework/src/Illuminate/Pipeline/Pipeline.php(209): Illuminate\\Foundation\\Http\\Middleware\\PreventRequestsDuringMaintenance->handle(Object(Illuminate\\Http\\Request), Object(Closure))
#54 /Users/ahmadmhala/Downloads/RestoFy-main/vendor/laravel/framework/src/Illuminate/Http/Middleware/HandleCors.php(49): Illuminate\\Pipeline\\Pipeline->{closure:{closure:Illuminate\\Pipeline\\Pipeline::carry():184}:185}(Object(Illuminate\\Http\\Request))
#55 /Users/ahmadmhala/Downloads/RestoFy-main/vendor/laravel/framework/src/Illuminate/Pipeline/Pipeline.php(209): Illuminate\\Http\\Middleware\\HandleCors->handle(Object(Illuminate\\Http\\Request), Object(Closure))
#56 /Users/ahmadmhala/Downloads/RestoFy-main/vendor/laravel/framework/src/Illuminate/Http/Middleware/TrustProxies.php(58): Illuminate\\Pipeline\\Pipeline->{closure:{closure:Illuminate\\Pipeline\\Pipeline::carry():184}:185}(Object(Illuminate\\Http\\Request))
#57 /Users/ahmadmhala/Downloads/RestoFy-main/vendor/laravel/framework/src/Illuminate/Pipeline/Pipeline.php(209): Illuminate\\Http\\Middleware\\TrustProxies->handle(Object(Illuminate\\Http\\Request), Object(Closure))
#58 /Users/ahmadmhala/Downloads/RestoFy-main/vendor/laravel/framework/src/Illuminate/Foundation/Http/Middleware/InvokeDeferredCallbacks.php(22): Illuminate\\Pipeline\\Pipeline->{closure:{closure:Illuminate\\Pipeline\\Pipeline::carry():184}:185}(Object(Illuminate\\Http\\Request))
#59 /Users/ahmadmhala/Downloads/RestoFy-main/vendor/laravel/framework/src/Illuminate/Pipeline/Pipeline.php(209): Illuminate\\Foundation\\Http\\Middleware\\InvokeDeferredCallbacks->handle(Object(Illuminate\\Http\\Request), Object(Closure))
#60 /Users/ahmadmhala/Downloads/RestoFy-main/vendor/laravel/framework/src/Illuminate/Pipeline/Pipeline.php(127): Illuminate\\Pipeline\\Pipeline->{closure:{closure:Illuminate\\Pipeline\\Pipeline::carry():184}:185}(Object(Illuminate\\Http\\Request))
#61 /Users/ahmadmhala/Downloads/RestoFy-main/vendor/laravel/framework/src/Illuminate/Foundation/Http/Kernel.php(176): Illuminate\\Pipeline\\Pipeline->then(Object(Closure))
#62 /Users/ahmadmhala/Downloads/RestoFy-main/vendor/laravel/framework/src/Illuminate/Foundation/Http/Kernel.php(145): Illuminate\\Foundation\\Http\\Kernel->sendRequestThroughRouter(Object(Illuminate\\Http\\Request))
#63 /Users/ahmadmhala/Downloads/RestoFy-main/vendor/laravel/framework/src/Illuminate/Foundation/Application.php(1220): Illuminate\\Foundation\\Http\\Kernel->handle(Object(Illuminate\\Http\\Request))
#64 /Users/ahmadmhala/Downloads/RestoFy-main/public/index.php(17): Illuminate\\Foundation\\Application->handleRequest(Object(Illuminate\\Http\\Request))
#65 /Users/ahmadmhala/Downloads/RestoFy-main/vendor/laravel/framework/src/Illuminate/Foundation/resources/server.php(23): require_once('/Users/ahmadmha...')
#66 {main}

[previous exception] [object] (PDOException(code: 42883): SQLSTATE[42883]: Undefined function: 7 ERROR:  could not identify an equality operator for type json
LINE 1: ...at\" between $3 and $4 group by \"menu_items\".\"id\", \"menu_item...
                                                             ^ at /Users/ahmadmhala/Downloads/RestoFy-main/vendor/laravel/framework/src/Illuminate/Database/Connection.php:412)
[stacktrace]
#0 /Users/ahmadmhala/Downloads/RestoFy-main/vendor/laravel/framework/src/Illuminate/Database/Connection.php(412): PDOStatement->execute()
#1 /Users/ahmadmhala/Downloads/RestoFy-main/vendor/laravel/framework/src/Illuminate/Database/Connection.php(812): Illuminate\\Database\\Connection->{closure:Illuminate\\Database\\Connection::select():398}('select \"menu_it...', Array)
#2 /Users/ahmadmhala/Downloads/RestoFy-main/vendor/laravel/framework/src/Illuminate/Database/Connection.php(779): Illuminate\\Database\\Connection->runQueryCallback('select \"menu_it...', Array, Object(Closure))
#3 /Users/ahmadmhala/Downloads/RestoFy-main/vendor/laravel/framework/src/Illuminate/Database/Connection.php(398): Illuminate\\Database\\Connection->run('select \"menu_it...', Array, Object(Closure))
#4 /Users/ahmadmhala/Downloads/RestoFy-main/vendor/laravel/framework/src/Illuminate/Database/Query/Builder.php(3106): Illuminate\\Database\\Connection->select('select \"menu_it...', Array, true)
#5 /Users/ahmadmhala/Downloads/RestoFy-main/vendor/laravel/framework/src/Illuminate/Database/Query/Builder.php(3091): Illuminate\\Database\\Query\\Builder->runSelect()
#6 /Users/ahmadmhala/Downloads/RestoFy-main/vendor/laravel/framework/src/Illuminate/Database/Query/Builder.php(3676): Illuminate\\Database\\Query\\Builder->{closure:Illuminate\\Database\\Query\\Builder::get():3090}()
#7 /Users/ahmadmhala/Downloads/RestoFy-main/vendor/laravel/framework/src/Illuminate/Database/Query/Builder.php(3090): Illuminate\\Database\\Query\\Builder->onceWithColumns(Array, Object(Closure))
#8 /Users/ahmadmhala/Downloads/RestoFy-main/app/Http/Controllers/Tenant/DashboardController.php(130): Illuminate\\Database\\Query\\Builder->get()
#9 /Users/ahmadmhala/Downloads/RestoFy-main/vendor/laravel/framework/src/Illuminate/Routing/ControllerDispatcher.php(47): App\\Http\\Controllers\\Tenant\\DashboardController->index(Object(Illuminate\\Http\\Request))
#10 /Users/ahmadmhala/Downloads/RestoFy-main/vendor/laravel/framework/src/Illuminate/Routing/Route.php(266): Illuminate\\Routing\\ControllerDispatcher->dispatch(Object(Illuminate\\Routing\\Route), Object(App\\Http\\Controllers\\Tenant\\DashboardController), 'index')
#11 /Users/ahmadmhala/Downloads/RestoFy-main/vendor/laravel/framework/src/Illuminate/Routing/Route.php(212): Illuminate\\Routing\\Route->runController()
#12 /Users/ahmadmhala/Downloads/RestoFy-main/vendor/laravel/framework/src/Illuminate/Routing/Router.php(808): Illuminate\\Routing\\Route->run()
#13 /Users/ahmadmhala/Downloads/RestoFy-main/vendor/laravel/framework/src/Illuminate/Pipeline/Pipeline.php(170): Illuminate\\Routing\\Router->{closure:Illuminate\\Routing\\Router::runRouteWithinStack():807}(Object(Illuminate\\Http\\Request))
#14 /Users/ahmadmhala/Downloads/RestoFy-main/vendor/stancl/tenancy/src/Middleware/PreventAccessFromCentralDomains.php(29): Illuminate\\Pipeline\\Pipeline->{closure:Illuminate\\Pipeline\\Pipeline::prepareDestination():168}(Object(Illuminate\\Http\\Request))
#15 /Users/ahmadmhala/Downloads/RestoFy-main/vendor/laravel/framework/src/Illuminate/Pipeline/Pipeline.php(209): Stancl\\Tenancy\\Middleware\\PreventAccessFromCentralDomains->handle(Object(Illuminate\\Http\\Request), Object(Closure))
#16 /Users/ahmadmhala/Downloads/RestoFy-main/vendor/mcamara/laravel-localization/src/Mcamara/LaravelLocalization/Middleware/LaravelLocalizationViewPath.php(33): Illuminate\\Pipeline\\Pipeline->{closure:{closure:Illuminate\\Pipeline\\Pipeline::carry():184}:185}(Object(Illuminate\\Http\\Request))
#17 /Users/ahmadmhala/Downloads/RestoFy-main/vendor/laravel/framework/src/Illuminate/Pipeline/Pipeline.php(209): Mcamara\\LaravelLocalization\\Middleware\\LaravelLocalizationViewPath->handle(Object(Illuminate\\Http\\Request), Object(Closure))
#18 /Users/ahmadmhala/Downloads/RestoFy-main/vendor/mcamara/laravel-localization/src/Mcamara/LaravelLocalization/Middleware/LaravelLocalizationRedirectFilter.php(45): Illuminate\\Pipeline\\Pipeline->{closure:{closure:Illuminate\\Pipeline\\Pipeline::carry():184}:185}(Object(Illuminate\\Http\\Request))
#19 /Users/ahmadmhala/Downloads/RestoFy-main/vendor/laravel/framework/src/Illuminate/Pipeline/Pipeline.php(209): Mcamara\\LaravelLocalization\\Middleware\\LaravelLocalizationRedirectFilter->handle(Object(Illuminate\\Http\\Request), Object(Closure))
#20 /Users/ahmadmhala/Downloads/RestoFy-main/vendor/mcamara/laravel-localization/src/Mcamara/LaravelLocalization/Middleware/LocaleSessionRedirect.php(32): Illuminate\\Pipeline\\Pipeline->{closure:{closure:Illuminate\\Pipeline\\Pipeline::carry():184}:185}(Object(Illuminate\\Http\\Request))
#21 /Users/ahmadmhala/Downloads/RestoFy-main/vendor/laravel/framework/src/Illuminate/Pipeline/Pipeline.php(209): Mcamara\\LaravelLocalization\\Middleware\\LocaleSessionRedirect->handle(Object(Illuminate\\Http\\Request), Object(Closure))
#22 /Users/ahmadmhala/Downloads/RestoFy-main/vendor/laravel/framework/src/Illuminate/Routing/Middleware/SubstituteBindings.php(51): Illuminate\\Pipeline\\Pipeline->{closure:{closure:Illuminate\\Pipeline\\Pipeline::carry():184}:185}(Object(Illuminate\\Http\\Request))
#23 /Users/ahmadmhala/Downloads/RestoFy-main/vendor/laravel/framework/src/Illuminate/Pipeline/Pipeline.php(209): Illuminate\\Routing\\Middleware\\SubstituteBindings->handle(Object(Illuminate\\Http\\Request), Object(Closure))
#24 /Users/ahmadmhala/Downloads/RestoFy-main/vendor/laravel/framework/src/Illuminate/Auth/Middleware/Authenticate.php(64): Illuminate\\Pipeline\\Pipeline->{closure:{closure:Illuminate\\Pipeline\\Pipeline::carry():184}:185}(Object(Illuminate\\Http\\Request))
#25 /Users/ahmadmhala/Downloads/RestoFy-main/vendor/laravel/framework/src/Illuminate/Pipeline/Pipeline.php(209): Illuminate\\Auth\\Middleware\\Authenticate->handle(Object(Illuminate\\Http\\Request), Object(Closure))
#26 /Users/ahmadmhala/Downloads/RestoFy-main/vendor/laravel/framework/src/Illuminate/Foundation/Http/Middleware/VerifyCsrfToken.php(88): Illuminate\\Pipeline\\Pipeline->{closure:{closure:Illuminate\\Pipeline\\Pipeline::carry():184}:185}(Object(Illuminate\\Http\\Request))
#27 /Users/ahmadmhala/Downloads/RestoFy-main/vendor/laravel/framework/src/Illuminate/Pipeline/Pipeline.php(209): Illuminate\\Foundation\\Http\\Middleware\\VerifyCsrfToken->handle(Object(Illuminate\\Http\\Request), Object(Closure))
#28 /Users/ahmadmhala/Downloads/RestoFy-main/vendor/laravel/framework/src/Illuminate/View/Middleware/ShareErrorsFromSession.php(49): Illuminate\\Pipeline\\Pipeline->{closure:{closure:Illuminate\\Pipeline\\Pipeline::carry():184}:185}(Object(Illuminate\\Http\\Request))
#29 /Users/ahmadmhala/Downloads/RestoFy-main/vendor/laravel/framework/src/Illuminate/Pipeline/Pipeline.php(209): Illuminate\\View\\Middleware\\ShareErrorsFromSession->handle(Object(Illuminate\\Http\\Request), Object(Closure))
#30 /Users/ahmadmhala/Downloads/RestoFy-main/vendor/laravel/framework/src/Illuminate/Session/Middleware/StartSession.php(121): Illuminate\\Pipeline\\Pipeline->{closure:{closure:Illuminate\\Pipeline\\Pipeline::carry():184}:185}(Object(Illuminate\\Http\\Request))
#31 /Users/ahmadmhala/Downloads/RestoFy-main/vendor/laravel/framework/src/Illuminate/Session/Middleware/StartSession.php(64): Illuminate\\Session\\Middleware\\StartSession->handleStatefulRequest(Object(Illuminate\\Http\\Request), Object(Illuminate\\Session\\Store), Object(Closure))
#32 /Users/ahmadmhala/Downloads/RestoFy-main/vendor/laravel/framework/src/Illuminate/Pipeline/Pipeline.php(209): Illuminate\\Session\\Middleware\\StartSession->handle(Object(Illuminate\\Http\\Request), Object(Closure))
#33 /Users/ahmadmhala/Downloads/RestoFy-main/vendor/laravel/framework/src/Illuminate/Cookie/Middleware/AddQueuedCookiesToResponse.php(37): Illuminate\\Pipeline\\Pipeline->{closure:{closure:Illuminate\\Pipeline\\Pipeline::carry():184}:185}(Object(Illuminate\\Http\\Request))
#34 /Users/ahmadmhala/Downloads/RestoFy-main/vendor/laravel/framework/src/Illuminate/Pipeline/Pipeline.php(209): Illuminate\\Cookie\\Middleware\\AddQueuedCookiesToResponse->handle(Object(Illuminate\\Http\\Request), Object(Closure))
#35 /Users/ahmadmhala/Downloads/RestoFy-main/vendor/laravel/framework/src/Illuminate/Cookie/Middleware/EncryptCookies.php(75): Illuminate\\Pipeline\\Pipeline->{closure:{closure:Illuminate\\Pipeline\\Pipeline::carry():184}:185}(Object(Illuminate\\Http\\Request))
#36 /Users/ahmadmhala/Downloads/RestoFy-main/vendor/laravel/framework/src/Illuminate/Pipeline/Pipeline.php(209): Illuminate\\Cookie\\Middleware\\EncryptCookies->handle(Object(Illuminate\\Http\\Request), Object(Closure))
#37 /Users/ahmadmhala/Downloads/RestoFy-main/app/Http/Middleware/InitializeTenancyByDomainOrFail.php(52): Illuminate\\Pipeline\\Pipeline->{closure:{closure:Illuminate\\Pipeline\\Pipeline::carry():184}:185}(Object(Illuminate\\Http\\Request))
#38 /Users/ahmadmhala/Downloads/RestoFy-main/vendor/laravel/framework/src/Illuminate/Pipeline/Pipeline.php(209): App\\Http\\Middleware\\InitializeTenancyByDomainOrFail->handle(Object(Illuminate\\Http\\Request), Object(Closure))
#39 /Users/ahmadmhala/Downloads/RestoFy-main/vendor/laravel/framework/src/Illuminate/Pipeline/Pipeline.php(127): Illuminate\\Pipeline\\Pipeline->{closure:{closure:Illuminate\\Pipeline\\Pipeline::carry():184}:185}(Object(Illuminate\\Http\\Request))
#40 /Users/ahmadmhala/Downloads/RestoFy-main/vendor/laravel/framework/src/Illuminate/Routing/Router.php(807): Illuminate\\Pipeline\\Pipeline->then(Object(Closure))
#41 /Users/ahmadmhala/Downloads/RestoFy-main/vendor/laravel/framework/src/Illuminate/Routing/Router.php(786): Illuminate\\Routing\\Router->runRouteWithinStack(Object(Illuminate\\Routing\\Route), Object(Illuminate\\Http\\Request))
#42 /Users/ahmadmhala/Downloads/RestoFy-main/vendor/laravel/framework/src/Illuminate/Routing/Router.php(750): Illuminate\\Routing\\Router->runRoute(Object(Illuminate\\Http\\Request), Object(Illuminate\\Routing\\Route))
#43 /Users/ahmadmhala/Downloads/RestoFy-main/vendor/laravel/framework/src/Illuminate/Routing/Router.php(739): Illuminate\\Routing\\Router->dispatchToRoute(Object(Illuminate\\Http\\Request))
#44 /Users/ahmadmhala/Downloads/RestoFy-main/vendor/laravel/framework/src/Illuminate/Foundation/Http/Kernel.php(201): Illuminate\\Routing\\Router->dispatch(Object(Illuminate\\Http\\Request))
#45 /Users/ahmadmhala/Downloads/RestoFy-main/vendor/laravel/framework/src/Illuminate/Pipeline/Pipeline.php(170): Illuminate\\Foundation\\Http\\Kernel->{closure:Illuminate\\Foundation\\Http\\Kernel::dispatchToRouter():198}(Object(Illuminate\\Http\\Request))
#46 /Users/ahmadmhala/Downloads/RestoFy-main/vendor/laravel/framework/src/Illuminate/Foundation/Http/Middleware/TransformsRequest.php(21): Illuminate\\Pipeline\\Pipeline->{closure:Illuminate\\Pipeline\\Pipeline::prepareDestination():168}(Object(Illuminate\\Http\\Request))
#47 /Users/ahmadmhala/Downloads/RestoFy-main/vendor/laravel/framework/src/Illuminate/Foundation/Http/Middleware/ConvertEmptyStringsToNull.php(31): Illuminate\\Foundation\\Http\\Middleware\\TransformsRequest->handle(Object(Illuminate\\Http\\Request), Object(Closure))
#48 /Users/ahmadmhala/Downloads/RestoFy-main/vendor/laravel/framework/src/Illuminate/Pipeline/Pipeline.php(209): Illuminate\\Foundation\\Http\\Middleware\\ConvertEmptyStringsToNull->handle(Object(Illuminate\\Http\\Request), Object(Closure))
#49 /Users/ahmadmhala/Downloads/RestoFy-main/vendor/laravel/framework/src/Illuminate/Foundation/Http/Middleware/TransformsRequest.php(21): Illuminate\\Pipeline\\Pipeline->{closure:{closure:Illuminate\\Pipeline\\Pipeline::carry():184}:185}(Object(Illuminate\\Http\\Request))
#50 /Users/ahmadmhala/Downloads/RestoFy-main/vendor/laravel/framework/src/Illuminate/Foundation/Http/Middleware/TrimStrings.php(51): Illuminate\\Foundation\\Http\\Middleware\\TransformsRequest->handle(Object(Illuminate\\Http\\Request), Object(Closure))
#51 /Users/ahmadmhala/Downloads/RestoFy-main/vendor/laravel/framework/src/Illuminate/Pipeline/Pipeline.php(209): Illuminate\\Foundation\\Http\\Middleware\\TrimStrings->handle(Object(Illuminate\\Http\\Request), Object(Closure))
#52 /Users/ahmadmhala/Downloads/RestoFy-main/vendor/laravel/framework/src/Illuminate/Http/Middleware/ValidatePostSize.php(27): Illuminate\\Pipeline\\Pipeline->{closure:{closure:Illuminate\\Pipeline\\Pipeline::carry():184}:185}(Object(Illuminate\\Http\\Request))
#53 /Users/ahmadmhala/Downloads/RestoFy-main/vendor/laravel/framework/src/Illuminate/Pipeline/Pipeline.php(209): Illuminate\\Http\\Middleware\\ValidatePostSize->handle(Object(Illuminate\\Http\\Request), Object(Closure))
#54 /Users/ahmadmhala/Downloads/RestoFy-main/vendor/laravel/framework/src/Illuminate/Foundation/Http/Middleware/PreventRequestsDuringMaintenance.php(110): Illuminate\\Pipeline\\Pipeline->{closure:{closure:Illuminate\\Pipeline\\Pipeline::carry():184}:185}(Object(Illuminate\\Http\\Request))
#55 /Users/ahmadmhala/Downloads/RestoFy-main/vendor/laravel/framework/src/Illuminate/Pipeline/Pipeline.php(209): Illuminate\\Foundation\\Http\\Middleware\\PreventRequestsDuringMaintenance->handle(Object(Illuminate\\Http\\Request), Object(Closure))
#56 /Users/ahmadmhala/Downloads/RestoFy-main/vendor/laravel/framework/src/Illuminate/Http/Middleware/HandleCors.php(49): Illuminate\\Pipeline\\Pipeline->{closure:{closure:Illuminate\\Pipeline\\Pipeline::carry():184}:185}(Object(Illuminate\\Http\\Request))
#57 /Users/ahmadmhala/Downloads/RestoFy-main/vendor/laravel/framework/src/Illuminate/Pipeline/Pipeline.php(209): Illuminate\\Http\\Middleware\\HandleCors->handle(Object(Illuminate\\Http\\Request), Object(Closure))
#58 /Users/ahmadmhala/Downloads/RestoFy-main/vendor/laravel/framework/src/Illuminate/Http/Middleware/TrustProxies.php(58): Illuminate\\Pipeline\\Pipeline->{closure:{closure:Illuminate\\Pipeline\\Pipeline::carry():184}:185}(Object(Illuminate\\Http\\Request))
#59 /Users/ahmadmhala/Downloads/RestoFy-main/vendor/laravel/framework/src/Illuminate/Pipeline/Pipeline.php(209): Illuminate\\Http\\Middleware\\TrustProxies->handle(Object(Illuminate\\Http\\Request), Object(Closure))
#60 /Users/ahmadmhala/Downloads/RestoFy-main/vendor/laravel/framework/src/Illuminate/Foundation/Http/Middleware/InvokeDeferredCallbacks.php(22): Illuminate\\Pipeline\\Pipeline->{closure:{closure:Illuminate\\Pipeline\\Pipeline::carry():184}:185}(Object(Illuminate\\Http\\Request))
#61 /Users/ahmadmhala/Downloads/RestoFy-main/vendor/laravel/framework/src/Illuminate/Pipeline/Pipeline.php(209): Illuminate\\Foundation\\Http\\Middleware\\InvokeDeferredCallbacks->handle(Object(Illuminate\\Http\\Request), Object(Closure))
#62 /Users/ahmadmhala/Downloads/RestoFy-main/vendor/laravel/framework/src/Illuminate/Pipeline/Pipeline.php(127): Illuminate\\Pipeline\\Pipeline->{closure:{closure:Illuminate\\Pipeline\\Pipeline::carry():184}:185}(Object(Illuminate\\Http\\Request))
#63 /Users/ahmadmhala/Downloads/RestoFy-main/vendor/laravel/framework/src/Illuminate/Foundation/Http/Kernel.php(176): Illuminate\\Pipeline\\Pipeline->then(Object(Closure))
#64 /Users/ahmadmhala/Downloads/RestoFy-main/vendor/laravel/framework/src/Illuminate/Foundation/Http/Kernel.php(145): Illuminate\\Foundation\\Http\\Kernel->sendRequestThroughRouter(Object(Illuminate\\Http\\Request))
#65 /Users/ahmadmhala/Downloads/RestoFy-main/vendor/laravel/framework/src/Illuminate/Foundation/Application.php(1220): Illuminate\\Foundation\\Http\\Kernel->handle(Object(Illuminate\\Http\\Request))
#66 /Users/ahmadmhala/Downloads/RestoFy-main/public/index.php(17): Illuminate\\Foundation\\Application->handleRequest(Object(Illuminate\\Http\\Request))
#67 /Users/ahmadmhala/Downloads/RestoFy-main/vendor/laravel/framework/src/Illuminate/Foundation/resources/server.php(23): require_once('/Users/ahmadmha...')
#68 {main}
"} 
[2025-12-12 22:10:26] local.INFO: Attempting to resolve tenant for domain: demo.localhost  
[2025-12-12 22:10:26] local.INFO: Tenant initialized successfully: demo  
[2025-12-12 22:10:26] local.INFO: Database bootstrapper completed for tenant: demo  
[2025-12-12 22:10:28] local.INFO: Attempting to resolve tenant for domain: demo.localhost  
[2025-12-12 22:10:28] local.INFO: Tenant initialized successfully: demo  
[2025-12-12 22:10:28] local.INFO: Database bootstrapper completed for tenant: demo  
[2025-12-12 22:10:28] local.ERROR: SQLSTATE[42883]: Undefined function: 7 ERROR:  could not identify an equality operator for type json
LINE 1: ...at" between $3 and $4 group by "menu_items"."id", "menu_item...
                                                             ^ (Connection: tenant, SQL: select "menu_items"."id", "menu_items"."name", SUM(order_items.quantity) as total_quantity from "order_items" inner join "orders" on "order_items"."order_id" = "orders"."id" inner join "menu_items" on "order_items"."menu_item_id" = "menu_items"."id" where "orders"."restaurant_id" = 1 and "orders"."status" != deleted and "orders"."created_at" between 2025-12-05 00:00:00 and 2025-12-12 23:59:59 group by "menu_items"."id", "menu_items"."name" order by "total_quantity" desc limit 5) {"userId":1,"exception":"[object] (Illuminate\\Database\\QueryException(code: 42883): SQLSTATE[42883]: Undefined function: 7 ERROR:  could not identify an equality operator for type json
LINE 1: ...at\" between $3 and $4 group by \"menu_items\".\"id\", \"menu_item...
                                                             ^ (Connection: tenant, SQL: select \"menu_items\".\"id\", \"menu_items\".\"name\", SUM(order_items.quantity) as total_quantity from \"order_items\" inner join \"orders\" on \"order_items\".\"order_id\" = \"orders\".\"id\" inner join \"menu_items\" on \"order_items\".\"menu_item_id\" = \"menu_items\".\"id\" where \"orders\".\"restaurant_id\" = 1 and \"orders\".\"status\" != deleted and \"orders\".\"created_at\" between 2025-12-05 00:00:00 and 2025-12-12 23:59:59 group by \"menu_items\".\"id\", \"menu_items\".\"name\" order by \"total_quantity\" desc limit 5) at /Users/ahmadmhala/Downloads/RestoFy-main/vendor/laravel/framework/src/Illuminate/Database/Connection.php:825)
[stacktrace]
#0 /Users/ahmadmhala/Downloads/RestoFy-main/vendor/laravel/framework/src/Illuminate/Database/Connection.php(779): Illuminate\\Database\\Connection->runQueryCallback('select \"menu_it...', Array, Object(Closure))
#1 /Users/ahmadmhala/Downloads/RestoFy-main/vendor/laravel/framework/src/Illuminate/Database/Connection.php(398): Illuminate\\Database\\Connection->run('select \"menu_it...', Array, Object(Closure))
#2 /Users/ahmadmhala/Downloads/RestoFy-main/vendor/laravel/framework/src/Illuminate/Database/Query/Builder.php(3106): Illuminate\\Database\\Connection->select('select \"menu_it...', Array, true)
#3 /Users/ahmadmhala/Downloads/RestoFy-main/vendor/laravel/framework/src/Illuminate/Database/Query/Builder.php(3091): Illuminate\\Database\\Query\\Builder->runSelect()
#4 /Users/ahmadmhala/Downloads/RestoFy-main/vendor/laravel/framework/src/Illuminate/Database/Query/Builder.php(3676): Illuminate\\Database\\Query\\Builder->{closure:Illuminate\\Database\\Query\\Builder::get():3090}()
#5 /Users/ahmadmhala/Downloads/RestoFy-main/vendor/laravel/framework/src/Illuminate/Database/Query/Builder.php(3090): Illuminate\\Database\\Query\\Builder->onceWithColumns(Array, Object(Closure))
#6 /Users/ahmadmhala/Downloads/RestoFy-main/app/Http/Controllers/Tenant/DashboardController.php(130): Illuminate\\Database\\Query\\Builder->get()
#7 /Users/ahmadmhala/Downloads/RestoFy-main/vendor/laravel/framework/src/Illuminate/Routing/ControllerDispatcher.php(47): App\\Http\\Controllers\\Tenant\\DashboardController->index(Object(Illuminate\\Http\\Request))
#8 /Users/ahmadmhala/Downloads/RestoFy-main/vendor/laravel/framework/src/Illuminate/Routing/Route.php(266): Illuminate\\Routing\\ControllerDispatcher->dispatch(Object(Illuminate\\Routing\\Route), Object(App\\Http\\Controllers\\Tenant\\DashboardController), 'index')
#9 /Users/ahmadmhala/Downloads/RestoFy-main/vendor/laravel/framework/src/Illuminate/Routing/Route.php(212): Illuminate\\Routing\\Route->runController()
#10 /Users/ahmadmhala/Downloads/RestoFy-main/vendor/laravel/framework/src/Illuminate/Routing/Router.php(808): Illuminate\\Routing\\Route->run()
#11 /Users/ahmadmhala/Downloads/RestoFy-main/vendor/laravel/framework/src/Illuminate/Pipeline/Pipeline.php(170): Illuminate\\Routing\\Router->{closure:Illuminate\\Routing\\Router::runRouteWithinStack():807}(Object(Illuminate\\Http\\Request))
#12 /Users/ahmadmhala/Downloads/RestoFy-main/vendor/stancl/tenancy/src/Middleware/PreventAccessFromCentralDomains.php(29): Illuminate\\Pipeline\\Pipeline->{closure:Illuminate\\Pipeline\\Pipeline::prepareDestination():168}(Object(Illuminate\\Http\\Request))
#13 /Users/ahmadmhala/Downloads/RestoFy-main/vendor/laravel/framework/src/Illuminate/Pipeline/Pipeline.php(209): Stancl\\Tenancy\\Middleware\\PreventAccessFromCentralDomains->handle(Object(Illuminate\\Http\\Request), Object(Closure))
#14 /Users/ahmadmhala/Downloads/RestoFy-main/vendor/mcamara/laravel-localization/src/Mcamara/LaravelLocalization/Middleware/LaravelLocalizationViewPath.php(33): Illuminate\\Pipeline\\Pipeline->{closure:{closure:Illuminate\\Pipeline\\Pipeline::carry():184}:185}(Object(Illuminate\\Http\\Request))
#15 /Users/ahmadmhala/Downloads/RestoFy-main/vendor/laravel/framework/src/Illuminate/Pipeline/Pipeline.php(209): Mcamara\\LaravelLocalization\\Middleware\\LaravelLocalizationViewPath->handle(Object(Illuminate\\Http\\Request), Object(Closure))
#16 /Users/ahmadmhala/Downloads/RestoFy-main/vendor/mcamara/laravel-localization/src/Mcamara/LaravelLocalization/Middleware/LaravelLocalizationRedirectFilter.php(45): Illuminate\\Pipeline\\Pipeline->{closure:{closure:Illuminate\\Pipeline\\Pipeline::carry():184}:185}(Object(Illuminate\\Http\\Request))
#17 /Users/ahmadmhala/Downloads/RestoFy-main/vendor/laravel/framework/src/Illuminate/Pipeline/Pipeline.php(209): Mcamara\\LaravelLocalization\\Middleware\\LaravelLocalizationRedirectFilter->handle(Object(Illuminate\\Http\\Request), Object(Closure))
#18 /Users/ahmadmhala/Downloads/RestoFy-main/vendor/mcamara/laravel-localization/src/Mcamara/LaravelLocalization/Middleware/LocaleSessionRedirect.php(32): Illuminate\\Pipeline\\Pipeline->{closure:{closure:Illuminate\\Pipeline\\Pipeline::carry():184}:185}(Object(Illuminate\\Http\\Request))
#19 /Users/ahmadmhala/Downloads/RestoFy-main/vendor/laravel/framework/src/Illuminate/Pipeline/Pipeline.php(209): Mcamara\\LaravelLocalization\\Middleware\\LocaleSessionRedirect->handle(Object(Illuminate\\Http\\Request), Object(Closure))
#20 /Users/ahmadmhala/Downloads/RestoFy-main/vendor/laravel/framework/src/Illuminate/Routing/Middleware/SubstituteBindings.php(51): Illuminate\\Pipeline\\Pipeline->{closure:{closure:Illuminate\\Pipeline\\Pipeline::carry():184}:185}(Object(Illuminate\\Http\\Request))
#21 /Users/ahmadmhala/Downloads/RestoFy-main/vendor/laravel/framework/src/Illuminate/Pipeline/Pipeline.php(209): Illuminate\\Routing\\Middleware\\SubstituteBindings->handle(Object(Illuminate\\Http\\Request), Object(Closure))
#22 /Users/ahmadmhala/Downloads/RestoFy-main/vendor/laravel/framework/src/Illuminate/Auth/Middleware/Authenticate.php(64): Illuminate\\Pipeline\\Pipeline->{closure:{closure:Illuminate\\Pipeline\\Pipeline::carry():184}:185}(Object(Illuminate\\Http\\Request))
#23 /Users/ahmadmhala/Downloads/RestoFy-main/vendor/laravel/framework/src/Illuminate/Pipeline/Pipeline.php(209): Illuminate\\Auth\\Middleware\\Authenticate->handle(Object(Illuminate\\Http\\Request), Object(Closure))
#24 /Users/ahmadmhala/Downloads/RestoFy-main/vendor/laravel/framework/src/Illuminate/Foundation/Http/Middleware/VerifyCsrfToken.php(88): Illuminate\\Pipeline\\Pipeline->{closure:{closure:Illuminate\\Pipeline\\Pipeline::carry():184}:185}(Object(Illuminate\\Http\\Request))
#25 /Users/ahmadmhala/Downloads/RestoFy-main/vendor/laravel/framework/src/Illuminate/Pipeline/Pipeline.php(209): Illuminate\\Foundation\\Http\\Middleware\\VerifyCsrfToken->handle(Object(Illuminate\\Http\\Request), Object(Closure))
#26 /Users/ahmadmhala/Downloads/RestoFy-main/vendor/laravel/framework/src/Illuminate/View/Middleware/ShareErrorsFromSession.php(49): Illuminate\\Pipeline\\Pipeline->{closure:{closure:Illuminate\\Pipeline\\Pipeline::carry():184}:185}(Object(Illuminate\\Http\\Request))
#27 /Users/ahmadmhala/Downloads/RestoFy-main/vendor/laravel/framework/src/Illuminate/Pipeline/Pipeline.php(209): Illuminate\\View\\Middleware\\ShareErrorsFromSession->handle(Object(Illuminate\\Http\\Request), Object(Closure))
#28 /Users/ahmadmhala/Downloads/RestoFy-main/vendor/laravel/framework/src/Illuminate/Session/Middleware/StartSession.php(121): Illuminate\\Pipeline\\Pipeline->{closure:{closure:Illuminate\\Pipeline\\Pipeline::carry():184}:185}(Object(Illuminate\\Http\\Request))
#29 /Users/ahmadmhala/Downloads/RestoFy-main/vendor/laravel/framework/src/Illuminate/Session/Middleware/StartSession.php(64): Illuminate\\Session\\Middleware\\StartSession->handleStatefulRequest(Object(Illuminate\\Http\\Request), Object(Illuminate\\Session\\Store), Object(Closure))
#30 /Users/ahmadmhala/Downloads/RestoFy-main/vendor/laravel/framework/src/Illuminate/Pipeline/Pipeline.php(209): Illuminate\\Session\\Middleware\\StartSession->handle(Object(Illuminate\\Http\\Request), Object(Closure))
#31 /Users/ahmadmhala/Downloads/RestoFy-main/vendor/laravel/framework/src/Illuminate/Cookie/Middleware/AddQueuedCookiesToResponse.php(37): Illuminate\\Pipeline\\Pipeline->{closure:{closure:Illuminate\\Pipeline\\Pipeline::carry():184}:185}(Object(Illuminate\\Http\\Request))
#32 /Users/ahmadmhala/Downloads/RestoFy-main/vendor/laravel/framework/src/Illuminate/Pipeline/Pipeline.php(209): Illuminate\\Cookie\\Middleware\\AddQueuedCookiesToResponse->handle(Object(Illuminate\\Http\\Request), Object(Closure))
#33 /Users/ahmadmhala/Downloads/RestoFy-main/vendor/laravel/framework/src/Illuminate/Cookie/Middleware/EncryptCookies.php(75): Illuminate\\Pipeline\\Pipeline->{closure:{closure:Illuminate\\Pipeline\\Pipeline::carry():184}:185}(Object(Illuminate\\Http\\Request))
#34 /Users/ahmadmhala/Downloads/RestoFy-main/vendor/laravel/framework/src/Illuminate/Pipeline/Pipeline.php(209): Illuminate\\Cookie\\Middleware\\EncryptCookies->handle(Object(Illuminate\\Http\\Request), Object(Closure))
#35 /Users/ahmadmhala/Downloads/RestoFy-main/app/Http/Middleware/InitializeTenancyByDomainOrFail.php(52): Illuminate\\Pipeline\\Pipeline->{closure:{closure:Illuminate\\Pipeline\\Pipeline::carry():184}:185}(Object(Illuminate\\Http\\Request))
#36 /Users/ahmadmhala/Downloads/RestoFy-main/vendor/laravel/framework/src/Illuminate/Pipeline/Pipeline.php(209): App\\Http\\Middleware\\InitializeTenancyByDomainOrFail->handle(Object(Illuminate\\Http\\Request), Object(Closure))
#37 /Users/ahmadmhala/Downloads/RestoFy-main/vendor/laravel/framework/src/Illuminate/Pipeline/Pipeline.php(127): Illuminate\\Pipeline\\Pipeline->{closure:{closure:Illuminate\\Pipeline\\Pipeline::carry():184}:185}(Object(Illuminate\\Http\\Request))
#38 /Users/ahmadmhala/Downloads/RestoFy-main/vendor/laravel/framework/src/Illuminate/Routing/Router.php(807): Illuminate\\Pipeline\\Pipeline->then(Object(Closure))
#39 /Users/ahmadmhala/Downloads/RestoFy-main/vendor/laravel/framework/src/Illuminate/Routing/Router.php(786): Illuminate\\Routing\\Router->runRouteWithinStack(Object(Illuminate\\Routing\\Route), Object(Illuminate\\Http\\Request))
#40 /Users/ahmadmhala/Downloads/RestoFy-main/vendor/laravel/framework/src/Illuminate/Routing/Router.php(750): Illuminate\\Routing\\Router->runRoute(Object(Illuminate\\Http\\Request), Object(Illuminate\\Routing\\Route))
#41 /Users/ahmadmhala/Downloads/RestoFy-main/vendor/laravel/framework/src/Illuminate/Routing/Router.php(739): Illuminate\\Routing\\Router->dispatchToRoute(Object(Illuminate\\Http\\Request))
#42 /Users/ahmadmhala/Downloads/RestoFy-main/vendor/laravel/framework/src/Illuminate/Foundation/Http/Kernel.php(201): Illuminate\\Routing\\Router->dispatch(Object(Illuminate\\Http\\Request))
#43 /Users/ahmadmhala/Downloads/RestoFy-main/vendor/laravel/framework/src/Illuminate/Pipeline/Pipeline.php(170): Illuminate\\Foundation\\Http\\Kernel->{closure:Illuminate\\Foundation\\Http\\Kernel::dispatchToRouter():198}(Object(Illuminate\\Http\\Request))
#44 /Users/ahmadmhala/Downloads/RestoFy-main/vendor/laravel/framework/src/Illuminate/Foundation/Http/Middleware/TransformsRequest.php(21): Illuminate\\Pipeline\\Pipeline->{closure:Illuminate\\Pipeline\\Pipeline::prepareDestination():168}(Object(Illuminate\\Http\\Request))
#45 /Users/ahmadmhala/Downloads/RestoFy-main/vendor/laravel/framework/src/Illuminate/Foundation/Http/Middleware/ConvertEmptyStringsToNull.php(31): Illuminate\\Foundation\\Http\\Middleware\\TransformsRequest->handle(Object(Illuminate\\Http\\Request), Object(Closure))
#46 /Users/ahmadmhala/Downloads/RestoFy-main/vendor/laravel/framework/src/Illuminate/Pipeline/Pipeline.php(209): Illuminate\\Foundation\\Http\\Middleware\\ConvertEmptyStringsToNull->handle(Object(Illuminate\\Http\\Request), Object(Closure))
#47 /Users/ahmadmhala/Downloads/RestoFy-main/vendor/laravel/framework/src/Illuminate/Foundation/Http/Middleware/TransformsRequest.php(21): Illuminate\\Pipeline\\Pipeline->{closure:{closure:Illuminate\\Pipeline\\Pipeline::carry():184}:185}(Object(Illuminate\\Http\\Request))
#48 /Users/ahmadmhala/Downloads/RestoFy-main/vendor/laravel/framework/src/Illuminate/Foundation/Http/Middleware/TrimStrings.php(51): Illuminate\\Foundation\\Http\\Middleware\\TransformsRequest->handle(Object(Illuminate\\Http\\Request), Object(Closure))
#49 /Users/ahmadmhala/Downloads/RestoFy-main/vendor/laravel/framework/src/Illuminate/Pipeline/Pipeline.php(209): Illuminate\\Foundation\\Http\\Middleware\\TrimStrings->handle(Object(Illuminate\\Http\\Request), Object(Closure))
#50 /Users/ahmadmhala/Downloads/RestoFy-main/vendor/laravel/framework/src/Illuminate/Http/Middleware/ValidatePostSize.php(27): Illuminate\\Pipeline\\Pipeline->{closure:{closure:Illuminate\\Pipeline\\Pipeline::carry():184}:185}(Object(Illuminate\\Http\\Request))
#51 /Users/ahmadmhala/Downloads/RestoFy-main/vendor/laravel/framework/src/Illuminate/Pipeline/Pipeline.php(209): Illuminate\\Http\\Middleware\\ValidatePostSize->handle(Object(Illuminate\\Http\\Request), Object(Closure))
#52 /Users/ahmadmhala/Downloads/RestoFy-main/vendor/laravel/framework/src/Illuminate/Foundation/Http/Middleware/PreventRequestsDuringMaintenance.php(110): Illuminate\\Pipeline\\Pipeline->{closure:{closure:Illuminate\\Pipeline\\Pipeline::carry():184}:185}(Object(Illuminate\\Http\\Request))
#53 /Users/ahmadmhala/Downloads/RestoFy-main/vendor/laravel/framework/src/Illuminate/Pipeline/Pipeline.php(209): Illuminate\\Foundation\\Http\\Middleware\\PreventRequestsDuringMaintenance->handle(Object(Illuminate\\Http\\Request), Object(Closure))
#54 /Users/ahmadmhala/Downloads/RestoFy-main/vendor/laravel/framework/src/Illuminate/Http/Middleware/HandleCors.php(49): Illuminate\\Pipeline\\Pipeline->{closure:{closure:Illuminate\\Pipeline\\Pipeline::carry():184}:185}(Object(Illuminate\\Http\\Request))
#55 /Users/ahmadmhala/Downloads/RestoFy-main/vendor/laravel/framework/src/Illuminate/Pipeline/Pipeline.php(209): Illuminate\\Http\\Middleware\\HandleCors->handle(Object(Illuminate\\Http\\Request), Object(Closure))
#56 /Users/ahmadmhala/Downloads/RestoFy-main/vendor/laravel/framework/src/Illuminate/Http/Middleware/TrustProxies.php(58): Illuminate\\Pipeline\\Pipeline->{closure:{closure:Illuminate\\Pipeline\\Pipeline::carry():184}:185}(Object(Illuminate\\Http\\Request))
#57 /Users/ahmadmhala/Downloads/RestoFy-main/vendor/laravel/framework/src/Illuminate/Pipeline/Pipeline.php(209): Illuminate\\Http\\Middleware\\TrustProxies->handle(Object(Illuminate\\Http\\Request), Object(Closure))
#58 /Users/ahmadmhala/Downloads/RestoFy-main/vendor/laravel/framework/src/Illuminate/Foundation/Http/Middleware/InvokeDeferredCallbacks.php(22): Illuminate\\Pipeline\\Pipeline->{closure:{closure:Illuminate\\Pipeline\\Pipeline::carry():184}:185}(Object(Illuminate\\Http\\Request))
#59 /Users/ahmadmhala/Downloads/RestoFy-main/vendor/laravel/framework/src/Illuminate/Pipeline/Pipeline.php(209): Illuminate\\Foundation\\Http\\Middleware\\InvokeDeferredCallbacks->handle(Object(Illuminate\\Http\\Request), Object(Closure))
#60 /Users/ahmadmhala/Downloads/RestoFy-main/vendor/laravel/framework/src/Illuminate/Pipeline/Pipeline.php(127): Illuminate\\Pipeline\\Pipeline->{closure:{closure:Illuminate\\Pipeline\\Pipeline::carry():184}:185}(Object(Illuminate\\Http\\Request))
#61 /Users/ahmadmhala/Downloads/RestoFy-main/vendor/laravel/framework/src/Illuminate/Foundation/Http/Kernel.php(176): Illuminate\\Pipeline\\Pipeline->then(Object(Closure))
#62 /Users/ahmadmhala/Downloads/RestoFy-main/vendor/laravel/framework/src/Illuminate/Foundation/Http/Kernel.php(145): Illuminate\\Foundation\\Http\\Kernel->sendRequestThroughRouter(Object(Illuminate\\Http\\Request))
#63 /Users/ahmadmhala/Downloads/RestoFy-main/vendor/laravel/framework/src/Illuminate/Foundation/Application.php(1220): Illuminate\\Foundation\\Http\\Kernel->handle(Object(Illuminate\\Http\\Request))
#64 /Users/ahmadmhala/Downloads/RestoFy-main/public/index.php(17): Illuminate\\Foundation\\Application->handleRequest(Object(Illuminate\\Http\\Request))
#65 /Users/ahmadmhala/Downloads/RestoFy-main/vendor/laravel/framework/src/Illuminate/Foundation/resources/server.php(23): require_once('/Users/ahmadmha...')
#66 {main}

[previous exception] [object] (PDOException(code: 42883): SQLSTATE[42883]: Undefined function: 7 ERROR:  could not identify an equality operator for type json
LINE 1: ...at\" between $3 and $4 group by \"menu_items\".\"id\", \"menu_item...
                                                             ^ at /Users/ahmadmhala/Downloads/RestoFy-main/vendor/laravel/framework/src/Illuminate/Database/Connection.php:412)
[stacktrace]
#0 /Users/ahmadmhala/Downloads/RestoFy-main/vendor/laravel/framework/src/Illuminate/Database/Connection.php(412): PDOStatement->execute()
#1 /Users/ahmadmhala/Downloads/RestoFy-main/vendor/laravel/framework/src/Illuminate/Database/Connection.php(812): Illuminate\\Database\\Connection->{closure:Illuminate\\Database\\Connection::select():398}('select \"menu_it...', Array)
#2 /Users/ahmadmhala/Downloads/RestoFy-main/vendor/laravel/framework/src/Illuminate/Database/Connection.php(779): Illuminate\\Database\\Connection->runQueryCallback('select \"menu_it...', Array, Object(Closure))
#3 /Users/ahmadmhala/Downloads/RestoFy-main/vendor/laravel/framework/src/Illuminate/Database/Connection.php(398): Illuminate\\Database\\Connection->run('select \"menu_it...', Array, Object(Closure))
#4 /Users/ahmadmhala/Downloads/RestoFy-main/vendor/laravel/framework/src/Illuminate/Database/Query/Builder.php(3106): Illuminate\\Database\\Connection->select('select \"menu_it...', Array, true)
#5 /Users/ahmadmhala/Downloads/RestoFy-main/vendor/laravel/framework/src/Illuminate/Database/Query/Builder.php(3091): Illuminate\\Database\\Query\\Builder->runSelect()
#6 /Users/ahmadmhala/Downloads/RestoFy-main/vendor/laravel/framework/src/Illuminate/Database/Query/Builder.php(3676): Illuminate\\Database\\Query\\Builder->{closure:Illuminate\\Database\\Query\\Builder::get():3090}()
#7 /Users/ahmadmhala/Downloads/RestoFy-main/vendor/laravel/framework/src/Illuminate/Database/Query/Builder.php(3090): Illuminate\\Database\\Query\\Builder->onceWithColumns(Array, Object(Closure))
#8 /Users/ahmadmhala/Downloads/RestoFy-main/app/Http/Controllers/Tenant/DashboardController.php(130): Illuminate\\Database\\Query\\Builder->get()
#9 /Users/ahmadmhala/Downloads/RestoFy-main/vendor/laravel/framework/src/Illuminate/Routing/ControllerDispatcher.php(47): App\\Http\\Controllers\\Tenant\\DashboardController->index(Object(Illuminate\\Http\\Request))
#10 /Users/ahmadmhala/Downloads/RestoFy-main/vendor/laravel/framework/src/Illuminate/Routing/Route.php(266): Illuminate\\Routing\\ControllerDispatcher->dispatch(Object(Illuminate\\Routing\\Route), Object(App\\Http\\Controllers\\Tenant\\DashboardController), 'index')
#11 /Users/ahmadmhala/Downloads/RestoFy-main/vendor/laravel/framework/src/Illuminate/Routing/Route.php(212): Illuminate\\Routing\\Route->runController()
#12 /Users/ahmadmhala/Downloads/RestoFy-main/vendor/laravel/framework/src/Illuminate/Routing/Router.php(808): Illuminate\\Routing\\Route->run()
#13 /Users/ahmadmhala/Downloads/RestoFy-main/vendor/laravel/framework/src/Illuminate/Pipeline/Pipeline.php(170): Illuminate\\Routing\\Router->{closure:Illuminate\\Routing\\Router::runRouteWithinStack():807}(Object(Illuminate\\Http\\Request))
#14 /Users/ahmadmhala/Downloads/RestoFy-main/vendor/stancl/tenancy/src/Middleware/PreventAccessFromCentralDomains.php(29): Illuminate\\Pipeline\\Pipeline->{closure:Illuminate\\Pipeline\\Pipeline::prepareDestination():168}(Object(Illuminate\\Http\\Request))
#15 /Users/ahmadmhala/Downloads/RestoFy-main/vendor/laravel/framework/src/Illuminate/Pipeline/Pipeline.php(209): Stancl\\Tenancy\\Middleware\\PreventAccessFromCentralDomains->handle(Object(Illuminate\\Http\\Request), Object(Closure))
#16 /Users/ahmadmhala/Downloads/RestoFy-main/vendor/mcamara/laravel-localization/src/Mcamara/LaravelLocalization/Middleware/LaravelLocalizationViewPath.php(33): Illuminate\\Pipeline\\Pipeline->{closure:{closure:Illuminate\\Pipeline\\Pipeline::carry():184}:185}(Object(Illuminate\\Http\\Request))
#17 /Users/ahmadmhala/Downloads/RestoFy-main/vendor/laravel/framework/src/Illuminate/Pipeline/Pipeline.php(209): Mcamara\\LaravelLocalization\\Middleware\\LaravelLocalizationViewPath->handle(Object(Illuminate\\Http\\Request), Object(Closure))
#18 /Users/ahmadmhala/Downloads/RestoFy-main/vendor/mcamara/laravel-localization/src/Mcamara/LaravelLocalization/Middleware/LaravelLocalizationRedirectFilter.php(45): Illuminate\\Pipeline\\Pipeline->{closure:{closure:Illuminate\\Pipeline\\Pipeline::carry():184}:185}(Object(Illuminate\\Http\\Request))
#19 /Users/ahmadmhala/Downloads/RestoFy-main/vendor/laravel/framework/src/Illuminate/Pipeline/Pipeline.php(209): Mcamara\\LaravelLocalization\\Middleware\\LaravelLocalizationRedirectFilter->handle(Object(Illuminate\\Http\\Request), Object(Closure))
#20 /Users/ahmadmhala/Downloads/RestoFy-main/vendor/mcamara/laravel-localization/src/Mcamara/LaravelLocalization/Middleware/LocaleSessionRedirect.php(32): Illuminate\\Pipeline\\Pipeline->{closure:{closure:Illuminate\\Pipeline\\Pipeline::carry():184}:185}(Object(Illuminate\\Http\\Request))
#21 /Users/ahmadmhala/Downloads/RestoFy-main/vendor/laravel/framework/src/Illuminate/Pipeline/Pipeline.php(209): Mcamara\\LaravelLocalization\\Middleware\\LocaleSessionRedirect->handle(Object(Illuminate\\Http\\Request), Object(Closure))
#22 /Users/ahmadmhala/Downloads/RestoFy-main/vendor/laravel/framework/src/Illuminate/Routing/Middleware/SubstituteBindings.php(51): Illuminate\\Pipeline\\Pipeline->{closure:{closure:Illuminate\\Pipeline\\Pipeline::carry():184}:185}(Object(Illuminate\\Http\\Request))
#23 /Users/ahmadmhala/Downloads/RestoFy-main/vendor/laravel/framework/src/Illuminate/Pipeline/Pipeline.php(209): Illuminate\\Routing\\Middleware\\SubstituteBindings->handle(Object(Illuminate\\Http\\Request), Object(Closure))
#24 /Users/ahmadmhala/Downloads/RestoFy-main/vendor/laravel/framework/src/Illuminate/Auth/Middleware/Authenticate.php(64): Illuminate\\Pipeline\\Pipeline->{closure:{closure:Illuminate\\Pipeline\\Pipeline::carry():184}:185}(Object(Illuminate\\Http\\Request))
#25 /Users/ahmadmhala/Downloads/RestoFy-main/vendor/laravel/framework/src/Illuminate/Pipeline/Pipeline.php(209): Illuminate\\Auth\\Middleware\\Authenticate->handle(Object(Illuminate\\Http\\Request), Object(Closure))
#26 /Users/ahmadmhala/Downloads/RestoFy-main/vendor/laravel/framework/src/Illuminate/Foundation/Http/Middleware/VerifyCsrfToken.php(88): Illuminate\\Pipeline\\Pipeline->{closure:{closure:Illuminate\\Pipeline\\Pipeline::carry():184}:185}(Object(Illuminate\\Http\\Request))
#27 /Users/ahmadmhala/Downloads/RestoFy-main/vendor/laravel/framework/src/Illuminate/Pipeline/Pipeline.php(209): Illuminate\\Foundation\\Http\\Middleware\\VerifyCsrfToken->handle(Object(Illuminate\\Http\\Request), Object(Closure))
#28 /Users/ahmadmhala/Downloads/RestoFy-main/vendor/laravel/framework/src/Illuminate/View/Middleware/ShareErrorsFromSession.php(49): Illuminate\\Pipeline\\Pipeline->{closure:{closure:Illuminate\\Pipeline\\Pipeline::carry():184}:185}(Object(Illuminate\\Http\\Request))
#29 /Users/ahmadmhala/Downloads/RestoFy-main/vendor/laravel/framework/src/Illuminate/Pipeline/Pipeline.php(209): Illuminate\\View\\Middleware\\ShareErrorsFromSession->handle(Object(Illuminate\\Http\\Request), Object(Closure))
#30 /Users/ahmadmhala/Downloads/RestoFy-main/vendor/laravel/framework/src/Illuminate/Session/Middleware/StartSession.php(121): Illuminate\\Pipeline\\Pipeline->{closure:{closure:Illuminate\\Pipeline\\Pipeline::carry():184}:185}(Object(Illuminate\\Http\\Request))
#31 /Users/ahmadmhala/Downloads/RestoFy-main/vendor/laravel/framework/src/Illuminate/Session/Middleware/StartSession.php(64): Illuminate\\Session\\Middleware\\StartSession->handleStatefulRequest(Object(Illuminate\\Http\\Request), Object(Illuminate\\Session\\Store), Object(Closure))
#32 /Users/ahmadmhala/Downloads/RestoFy-main/vendor/laravel/framework/src/Illuminate/Pipeline/Pipeline.php(209): Illuminate\\Session\\Middleware\\StartSession->handle(Object(Illuminate\\Http\\Request), Object(Closure))
#33 /Users/ahmadmhala/Downloads/RestoFy-main/vendor/laravel/framework/src/Illuminate/Cookie/Middleware/AddQueuedCookiesToResponse.php(37): Illuminate\\Pipeline\\Pipeline->{closure:{closure:Illuminate\\Pipeline\\Pipeline::carry():184}:185}(Object(Illuminate\\Http\\Request))
#34 /Users/ahmadmhala/Downloads/RestoFy-main/vendor/laravel/framework/src/Illuminate/Pipeline/Pipeline.php(209): Illuminate\\Cookie\\Middleware\\AddQueuedCookiesToResponse->handle(Object(Illuminate\\Http\\Request), Object(Closure))
#35 /Users/ahmadmhala/Downloads/RestoFy-main/vendor/laravel/framework/src/Illuminate/Cookie/Middleware/EncryptCookies.php(75): Illuminate\\Pipeline\\Pipeline->{closure:{closure:Illuminate\\Pipeline\\Pipeline::carry():184}:185}(Object(Illuminate\\Http\\Request))
#36 /Users/ahmadmhala/Downloads/RestoFy-main/vendor/laravel/framework/src/Illuminate/Pipeline/Pipeline.php(209): Illuminate\\Cookie\\Middleware\\EncryptCookies->handle(Object(Illuminate\\Http\\Request), Object(Closure))
#37 /Users/ahmadmhala/Downloads/RestoFy-main/app/Http/Middleware/InitializeTenancyByDomainOrFail.php(52): Illuminate\\Pipeline\\Pipeline->{closure:{closure:Illuminate\\Pipeline\\Pipeline::carry():184}:185}(Object(Illuminate\\Http\\Request))
#38 /Users/ahmadmhala/Downloads/RestoFy-main/vendor/laravel/framework/src/Illuminate/Pipeline/Pipeline.php(209): App\\Http\\Middleware\\InitializeTenancyByDomainOrFail->handle(Object(Illuminate\\Http\\Request), Object(Closure))
#39 /Users/ahmadmhala/Downloads/RestoFy-main/vendor/laravel/framework/src/Illuminate/Pipeline/Pipeline.php(127): Illuminate\\Pipeline\\Pipeline->{closure:{closure:Illuminate\\Pipeline\\Pipeline::carry():184}:185}(Object(Illuminate\\Http\\Request))
#40 /Users/ahmadmhala/Downloads/RestoFy-main/vendor/laravel/framework/src/Illuminate/Routing/Router.php(807): Illuminate\\Pipeline\\Pipeline->then(Object(Closure))
#41 /Users/ahmadmhala/Downloads/RestoFy-main/vendor/laravel/framework/src/Illuminate/Routing/Router.php(786): Illuminate\\Routing\\Router->runRouteWithinStack(Object(Illuminate\\Routing\\Route), Object(Illuminate\\Http\\Request))
#42 /Users/ahmadmhala/Downloads/RestoFy-main/vendor/laravel/framework/src/Illuminate/Routing/Router.php(750): Illuminate\\Routing\\Router->runRoute(Object(Illuminate\\Http\\Request), Object(Illuminate\\Routing\\Route))
#43 /Users/ahmadmhala/Downloads/RestoFy-main/vendor/laravel/framework/src/Illuminate/Routing/Router.php(739): Illuminate\\Routing\\Router->dispatchToRoute(Object(Illuminate\\Http\\Request))
#44 /Users/ahmadmhala/Downloads/RestoFy-main/vendor/laravel/framework/src/Illuminate/Foundation/Http/Kernel.php(201): Illuminate\\Routing\\Router->dispatch(Object(Illuminate\\Http\\Request))
#45 /Users/ahmadmhala/Downloads/RestoFy-main/vendor/laravel/framework/src/Illuminate/Pipeline/Pipeline.php(170): Illuminate\\Foundation\\Http\\Kernel->{closure:Illuminate\\Foundation\\Http\\Kernel::dispatchToRouter():198}(Object(Illuminate\\Http\\Request))
#46 /Users/ahmadmhala/Downloads/RestoFy-main/vendor/laravel/framework/src/Illuminate/Foundation/Http/Middleware/TransformsRequest.php(21): Illuminate\\Pipeline\\Pipeline->{closure:Illuminate\\Pipeline\\Pipeline::prepareDestination():168}(Object(Illuminate\\Http\\Request))
#47 /Users/ahmadmhala/Downloads/RestoFy-main/vendor/laravel/framework/src/Illuminate/Foundation/Http/Middleware/ConvertEmptyStringsToNull.php(31): Illuminate\\Foundation\\Http\\Middleware\\TransformsRequest->handle(Object(Illuminate\\Http\\Request), Object(Closure))
#48 /Users/ahmadmhala/Downloads/RestoFy-main/vendor/laravel/framework/src/Illuminate/Pipeline/Pipeline.php(209): Illuminate\\Foundation\\Http\\Middleware\\ConvertEmptyStringsToNull->handle(Object(Illuminate\\Http\\Request), Object(Closure))
#49 /Users/ahmadmhala/Downloads/RestoFy-main/vendor/laravel/framework/src/Illuminate/Foundation/Http/Middleware/TransformsRequest.php(21): Illuminate\\Pipeline\\Pipeline->{closure:{closure:Illuminate\\Pipeline\\Pipeline::carry():184}:185}(Object(Illuminate\\Http\\Request))
#50 /Users/ahmadmhala/Downloads/RestoFy-main/vendor/laravel/framework/src/Illuminate/Foundation/Http/Middleware/TrimStrings.php(51): Illuminate\\Foundation\\Http\\Middleware\\TransformsRequest->handle(Object(Illuminate\\Http\\Request), Object(Closure))
#51 /Users/ahmadmhala/Downloads/RestoFy-main/vendor/laravel/framework/src/Illuminate/Pipeline/Pipeline.php(209): Illuminate\\Foundation\\Http\\Middleware\\TrimStrings->handle(Object(Illuminate\\Http\\Request), Object(Closure))
#52 /Users/ahmadmhala/Downloads/RestoFy-main/vendor/laravel/framework/src/Illuminate/Http/Middleware/ValidatePostSize.php(27): Illuminate\\Pipeline\\Pipeline->{closure:{closure:Illuminate\\Pipeline\\Pipeline::carry():184}:185}(Object(Illuminate\\Http\\Request))
#53 /Users/ahmadmhala/Downloads/RestoFy-main/vendor/laravel/framework/src/Illuminate/Pipeline/Pipeline.php(209): Illuminate\\Http\\Middleware\\ValidatePostSize->handle(Object(Illuminate\\Http\\Request), Object(Closure))
#54 /Users/ahmadmhala/Downloads/RestoFy-main/vendor/laravel/framework/src/Illuminate/Foundation/Http/Middleware/PreventRequestsDuringMaintenance.php(110): Illuminate\\Pipeline\\Pipeline->{closure:{closure:Illuminate\\Pipeline\\Pipeline::carry():184}:185}(Object(Illuminate\\Http\\Request))
#55 /Users/ahmadmhala/Downloads/RestoFy-main/vendor/laravel/framework/src/Illuminate/Pipeline/Pipeline.php(209): Illuminate\\Foundation\\Http\\Middleware\\PreventRequestsDuringMaintenance->handle(Object(Illuminate\\Http\\Request), Object(Closure))
#56 /Users/ahmadmhala/Downloads/RestoFy-main/vendor/laravel/framework/src/Illuminate/Http/Middleware/HandleCors.php(49): Illuminate\\Pipeline\\Pipeline->{closure:{closure:Illuminate\\Pipeline\\Pipeline::carry():184}:185}(Object(Illuminate\\Http\\Request))
#57 /Users/ahmadmhala/Downloads/RestoFy-main/vendor/laravel/framework/src/Illuminate/Pipeline/Pipeline.php(209): Illuminate\\Http\\Middleware\\HandleCors->handle(Object(Illuminate\\Http\\Request), Object(Closure))
#58 /Users/ahmadmhala/Downloads/RestoFy-main/vendor/laravel/framework/src/Illuminate/Http/Middleware/TrustProxies.php(58): Illuminate\\Pipeline\\Pipeline->{closure:{closure:Illuminate\\Pipeline\\Pipeline::carry():184}:185}(Object(Illuminate\\Http\\Request))
#59 /Users/ahmadmhala/Downloads/RestoFy-main/vendor/laravel/framework/src/Illuminate/Pipeline/Pipeline.php(209): Illuminate\\Http\\Middleware\\TrustProxies->handle(Object(Illuminate\\Http\\Request), Object(Closure))
#60 /Users/ahmadmhala/Downloads/RestoFy-main/vendor/laravel/framework/src/Illuminate/Foundation/Http/Middleware/InvokeDeferredCallbacks.php(22): Illuminate\\Pipeline\\Pipeline->{closure:{closure:Illuminate\\Pipeline\\Pipeline::carry():184}:185}(Object(Illuminate\\Http\\Request))
#61 /Users/ahmadmhala/Downloads/RestoFy-main/vendor/laravel/framework/src/Illuminate/Pipeline/Pipeline.php(209): Illuminate\\Foundation\\Http\\Middleware\\InvokeDeferredCallbacks->handle(Object(Illuminate\\Http\\Request), Object(Closure))
#62 /Users/ahmadmhala/Downloads/RestoFy-main/vendor/laravel/framework/src/Illuminate/Pipeline/Pipeline.php(127): Illuminate\\Pipeline\\Pipeline->{closure:{closure:Illuminate\\Pipeline\\Pipeline::carry():184}:185}(Object(Illuminate\\Http\\Request))
#63 /Users/ahmadmhala/Downloads/RestoFy-main/vendor/laravel/framework/src/Illuminate/Foundation/Http/Kernel.php(176): Illuminate\\Pipeline\\Pipeline->then(Object(Closure))
#64 /Users/ahmadmhala/Downloads/RestoFy-main/vendor/laravel/framework/src/Illuminate/Foundation/Http/Kernel.php(145): Illuminate\\Foundation\\Http\\Kernel->sendRequestThroughRouter(Object(Illuminate\\Http\\Request))
#65 /Users/ahmadmhala/Downloads/RestoFy-main/vendor/laravel/framework/src/Illuminate/Foundation/Application.php(1220): Illuminate\\Foundation\\Http\\Kernel->handle(Object(Illuminate\\Http\\Request))
#66 /Users/ahmadmhala/Downloads/RestoFy-main/public/index.php(17): Illuminate\\Foundation\\Application->handleRequest(Object(Illuminate\\Http\\Request))
#67 /Users/ahmadmhala/Downloads/RestoFy-main/vendor/laravel/framework/src/Illuminate/Foundation/resources/server.php(23): require_once('/Users/ahmadmha...')
#68 {main}
"} 
[2025-12-12 22:10:40] local.INFO: Attempting to resolve tenant for domain: demo.localhost  
[2025-12-12 22:10:40] local.INFO: Tenant initialized successfully: demo  
[2025-12-12 22:10:40] local.INFO: Database bootstrapper completed for tenant: demo  
[2025-12-12 22:10:41] local.INFO: Attempting to resolve tenant for domain: demo.localhost  
[2025-12-12 22:10:41] local.INFO: Tenant initialized successfully: demo  
[2025-12-12 22:10:41] local.INFO: Database bootstrapper completed for tenant: demo  
[2025-12-12 22:10:43] local.INFO: Attempting to resolve tenant for domain: demo.localhost  
[2025-12-12 22:10:43] local.INFO: Tenant initialized successfully: demo  
[2025-12-12 22:10:43] local.INFO: Database bootstrapper completed for tenant: demo  
[2025-12-12 22:10:46] local.INFO: Attempting to resolve tenant for domain: demo.localhost  
[2025-12-12 22:10:46] local.INFO: Tenant initialized successfully: demo  
[2025-12-12 22:10:46] local.INFO: Database bootstrapper completed for tenant: demo  
[2025-12-12 22:10:47] local.INFO: Attempting to resolve tenant for domain: demo.localhost  
[2025-12-12 22:10:47] local.INFO: Tenant initialized successfully: demo  
[2025-12-12 22:10:47] local.INFO: Database bootstrapper completed for tenant: demo  
[2025-12-12 22:11:24] local.INFO: Attempting to resolve tenant for domain: demo.localhost  
[2025-12-12 22:11:24] local.INFO: Tenant initialized successfully: demo  
[2025-12-12 22:11:24] local.INFO: Database bootstrapper completed for tenant: demo  
[2025-12-12 22:11:25] local.INFO: Attempting to resolve tenant for domain: demo.localhost  
[2025-12-12 22:11:25] local.INFO: Tenant initialized successfully: demo  
[2025-12-12 22:11:25] local.INFO: Database bootstrapper completed for tenant: demo  
[2025-12-12 22:11:27] local.INFO: Attempting to resolve tenant for domain: demo.localhost  
[2025-12-12 22:11:27] local.INFO: Tenant initialized successfully: demo  
[2025-12-12 22:11:27] local.INFO: Database bootstrapper completed for tenant: demo  
[2025-12-12 22:11:30] local.INFO: Attempting to resolve tenant for domain: demo.localhost  
[2025-12-12 22:11:30] local.INFO: Tenant initialized successfully: demo  
[2025-12-12 22:11:30] local.INFO: Database bootstrapper completed for tenant: demo  
[2025-12-12 22:11:32] local.INFO: Attempting to resolve tenant for domain: demo.localhost  
[2025-12-12 22:11:32] local.INFO: Tenant initialized successfully: demo  
[2025-12-12 22:11:32] local.INFO: Database bootstrapper completed for tenant: demo  
[2025-12-12 22:11:33] local.INFO: Attempting to resolve tenant for domain: demo.localhost  
[2025-12-12 22:11:33] local.INFO: Tenant initialized successfully: demo  
[2025-12-12 22:11:33] local.INFO: Database bootstrapper completed for tenant: demo  
[2025-12-12 22:11:47] local.INFO: Attempting to resolve tenant for domain: demo.localhost  
[2025-12-12 22:11:47] local.INFO: Tenant initialized successfully: demo  
[2025-12-12 22:11:47] local.INFO: Database bootstrapper completed for tenant: demo  
[2025-12-12 22:11:49] local.INFO: Attempting to resolve tenant for domain: demo.localhost  
[2025-12-12 22:11:49] local.INFO: Tenant initialized successfully: demo  
[2025-12-12 22:11:49] local.INFO: Database bootstrapper completed for tenant: demo  
[2025-12-12 22:11:53] local.INFO: Attempting to resolve tenant for domain: demo.localhost  
[2025-12-12 22:11:53] local.INFO: Tenant initialized successfully: demo  
[2025-12-12 22:11:53] local.INFO: Database bootstrapper completed for tenant: demo  
[2025-12-12 22:11:57] local.INFO: Attempting to resolve tenant for domain: demo.localhost  
[2025-12-12 22:11:57] local.INFO: Tenant initialized successfully: demo  
[2025-12-12 22:11:57] local.INFO: Database bootstrapper completed for tenant: demo  
[2025-12-12 22:11:58] local.INFO: Attempting to resolve tenant for domain: demo.localhost  
[2025-12-12 22:11:58] local.INFO: Tenant initialized successfully: demo  
[2025-12-12 22:11:58] local.INFO: Database bootstrapper completed for tenant: demo  
[2025-12-12 22:12:11] local.INFO: Attempting to resolve tenant for domain: demo.localhost  
[2025-12-12 22:12:11] local.INFO: Tenant initialized successfully: demo  
[2025-12-12 22:12:11] local.INFO: Database bootstrapper completed for tenant: demo  
[2025-12-12 22:12:20] local.INFO: Attempting to resolve tenant for domain: demo.localhost  
[2025-12-12 22:12:20] local.INFO: Tenant initialized successfully: demo  
[2025-12-12 22:12:20] local.INFO: Database bootstrapper completed for tenant: demo  
[2025-12-12 22:12:20] local.INFO: Attempting to resolve tenant for domain: demo.localhost  
[2025-12-12 22:12:20] local.INFO: Tenant initialized successfully: demo  
[2025-12-12 22:12:20] local.INFO: Database bootstrapper completed for tenant: demo  
[2025-12-12 22:12:21] local.INFO: Attempting to resolve tenant for domain: demo.localhost  
[2025-12-12 22:12:21] local.INFO: Tenant initialized successfully: demo  
[2025-12-12 22:12:21] local.INFO: Database bootstrapper completed for tenant: demo  
[2025-12-12 22:12:25] local.INFO: Attempting to resolve tenant for domain: demo.localhost  
[2025-12-12 22:12:25] local.INFO: Tenant initialized successfully: demo  
[2025-12-12 22:12:25] local.INFO: Database bootstrapper completed for tenant: demo  
[2025-12-12 22:12:55] local.INFO: Attempting to resolve tenant for domain: demo.localhost  
[2025-12-12 22:12:55] local.INFO: Tenant initialized successfully: demo  
[2025-12-12 22:12:55] local.INFO: Database bootstrapper completed for tenant: demo  
[2025-12-12 22:12:57] local.INFO: Attempting to resolve tenant for domain: demo.localhost  
[2025-12-12 22:12:57] local.INFO: Tenant initialized successfully: demo  
[2025-12-12 22:12:57] local.INFO: Database bootstrapper completed for tenant: demo  
[2025-12-12 22:13:00] local.INFO: Attempting to resolve tenant for domain: demo.localhost  
[2025-12-12 22:13:00] local.INFO: Tenant initialized successfully: demo  
[2025-12-12 22:13:00] local.INFO: Database bootstrapper completed for tenant: demo  
[2025-12-12 22:13:01] local.INFO: Attempting to resolve tenant for domain: demo.localhost  
[2025-12-12 22:13:01] local.INFO: Tenant initialized successfully: demo  
[2025-12-12 22:13:01] local.INFO: Database bootstrapper completed for tenant: demo  
[2025-12-12 22:13:08] local.INFO: Attempting to resolve tenant for domain: demo.localhost  
[2025-12-12 22:13:08] local.INFO: Tenant initialized successfully: demo  
[2025-12-12 22:13:08] local.INFO: Database bootstrapper completed for tenant: demo  
[2025-12-12 22:13:17] local.INFO: Attempting to resolve tenant for domain: demo.localhost  
[2025-12-12 22:13:17] local.INFO: Tenant initialized successfully: demo  
[2025-12-12 22:13:17] local.INFO: Database bootstrapper completed for tenant: demo  
[2025-12-12 22:13:19] local.INFO: Attempting to resolve tenant for domain: demo.localhost  
[2025-12-12 22:13:19] local.INFO: Tenant initialized successfully: demo  
[2025-12-12 22:13:19] local.INFO: Database bootstrapper completed for tenant: demo  
[2025-12-12 22:13:23] local.INFO: Attempting to resolve tenant for domain: demo.localhost  
[2025-12-12 22:13:23] local.INFO: Tenant initialized successfully: demo  
[2025-12-12 22:13:23] local.INFO: Database bootstrapper completed for tenant: demo  
[2025-12-12 22:13:27] local.INFO: Attempting to resolve tenant for domain: demo.localhost  
[2025-12-12 22:13:27] local.INFO: Tenant initialized successfully: demo  
[2025-12-12 22:13:27] local.INFO: Database bootstrapper completed for tenant: demo  
[2025-12-12 22:13:27] local.INFO: Attempting to resolve tenant for domain: demo.localhost  
[2025-12-12 22:13:27] local.INFO: Tenant initialized successfully: demo  
[2025-12-12 22:13:27] local.INFO: Database bootstrapper completed for tenant: demo  
[2025-12-12 22:13:32] local.INFO: Attempting to resolve tenant for domain: demo.localhost  
[2025-12-12 22:13:32] local.INFO: Tenant initialized successfully: demo  
[2025-12-12 22:13:32] local.INFO: Database bootstrapper completed for tenant: demo  
[2025-12-12 22:13:33] local.INFO: Attempting to resolve tenant for domain: demo.localhost  
[2025-12-12 22:13:33] local.INFO: Tenant initialized successfully: demo  
[2025-12-12 22:13:33] local.INFO: Database bootstrapper completed for tenant: demo  
[2025-12-12 22:13:36] local.INFO: Attempting to resolve tenant for domain: demo.localhost  
[2025-12-12 22:13:36] local.INFO: Tenant initialized successfully: demo  
[2025-12-12 22:13:36] local.INFO: Database bootstrapper completed for tenant: demo  
[2025-12-12 22:13:49] local.INFO: Attempting to resolve tenant for domain: demo.localhost  
[2025-12-12 22:13:49] local.INFO: Tenant initialized successfully: demo  
[2025-12-12 22:13:49] local.INFO: Database bootstrapper completed for tenant: demo  
[2025-12-12 22:13:51] local.INFO: Attempting to resolve tenant for domain: demo.localhost  
[2025-12-12 22:13:51] local.INFO: Tenant initialized successfully: demo  
[2025-12-12 22:13:51] local.INFO: Database bootstrapper completed for tenant: demo  
[2025-12-12 22:13:53] local.INFO: Attempting to resolve tenant for domain: demo.localhost  
[2025-12-12 22:13:53] local.INFO: Tenant initialized successfully: demo  
[2025-12-12 22:13:53] local.INFO: Database bootstrapper completed for tenant: demo  
[2025-12-12 22:14:07] local.INFO: Attempting to resolve tenant for domain: demo.localhost  
[2025-12-12 22:14:07] local.INFO: Tenant initialized successfully: demo  
[2025-12-12 22:14:07] local.INFO: Database bootstrapper completed for tenant: demo  
[2025-12-12 22:14:08] local.INFO: Attempting to resolve tenant for domain: demo.localhost  
[2025-12-12 22:14:08] local.INFO: Tenant initialized successfully: demo  
[2025-12-12 22:14:08] local.INFO: Database bootstrapper completed for tenant: demo  
[2025-12-12 22:14:08] local.INFO: Attempting to resolve tenant for domain: demo.localhost  
[2025-12-12 22:14:08] local.INFO: Tenant initialized successfully: demo  
[2025-12-12 22:14:08] local.INFO: Database bootstrapper completed for tenant: demo  
